{"ts":"2026-09-17T10:01:20.499Z","level":"info","scope":"sqlite","message":"opening database","meta":{"storage":"C:/Users/Lokesh Malla/AppData/Roaming/jewellery-crm-desktop/data/jewellery-crm.sqlite","electron":true}}
{"ts":"2026-09-17T10:01:21.125Z","level":"info","scope":"boot","message":"starting branch service","meta":{"app_mode":"branch","schema_version":14,"sqlite":true,"log_dir":"E:\\SLGT-Jewellery-ERP\\SLGT JEWEL ERP\\backend\\logs"}}
{"ts":"2026-09-17T10:01:21.126Z","level":"info","scope":"boot","message":"branch identity","meta":{"device":"cd70f896-48e5-4457-97e6-b54399cb27c5","role":"active_host"}}
{"ts":"2026-09-17T10:01:21.127Z","level":"info","scope":"sqlite","message":"authenticating connection"}
{"ts":"2026-09-17T10:01:21.166Z","level":"info","scope":"boot","message":"API listening","meta":{"url":"http://0.0.0.0:8080","mode":"starting","mtls":false,"log_dir":"E:\\SLGT-Jewellery-ERP\\SLGT JEWEL ERP\\backend\\logs"}}
{"ts":"2026-09-17T10:01:21.191Z","level":"debug","scope":"sqlite","message":"query","meta":{"sql":"Executing (default): SELECT 1+1 AS result"}}
{"ts":"2026-09-17T10:01:21.217Z","level":"info","scope":"sqlite","message":"database connected ok"}
{"ts":"2026-09-17T10:01:21.272Z","level":"debug","scope":"sqlite","message":"query","meta":{"sql":"Executing (default): SELECT name FROM sqlite_master WHERE type='table' AND name = 'audit_events'"}}
{"ts":"2026-09-17T10:01:21.350Z","level":"debug","scope":"sqlite","message":"query","meta":{"sql":"Executing (default): PRAGMA table_info(\"audit_events\")"}}
{"ts":"2026-09-17T10:01:21.359Z","level":"debug","scope":"sqlite","message":"query","meta":{"sql":"Executing (default): SELECT name FROM sqlite_master WHERE type='table' AND name = 'event_log'"}}
{"ts":"2026-09-17T10:01:21.384Z","level":"debug","scope":"sqlite","message":"query","meta":{"sql":"Executing (default): PRAGMA table_info(\"event_log\")"}}
{"ts":"2026-09-17T10:01:21.386Z","level":"debug","scope":"sqlite","message":"query","meta":{"sql":"Executing (default): SELECT name FROM sqlite_master WHERE type='table' AND name = 'cluster_state'"}}
{"ts":"2026-09-17T10:01:21.388Z","level":"debug","scope":"sqlite","message":"query","meta":{"sql":"Executing (default): PRAGMA table_info(\"cluster_state\")"}}
{"ts":"2026-09-17T10:01:21.390Z","level":"debug","scope":"sqlite","message":"query","meta":{"sql":"Executing (default): SELECT name FROM sqlite_master WHERE type='table' AND name = 'replica_acks'"}}
{"ts":"2026-09-17T10:01:21.393Z","level":"debug","scope":"sqlite","message":"query","meta":{"sql":"Executing (default): PRAGMA table_info(\"replica_acks\")"}}
{"ts":"2026-09-17T10:01:21.397Z","level":"debug","scope":"sqlite","message":"query","meta":{"sql":"Executing (default): SELECT name FROM sqlite_master WHERE type='table' AND name = 'operation_ledger'"}}
{"ts":"2026-09-17T10:01:21.400Z","level":"debug","scope":"sqlite","message":"query","meta":{"sql":"Executing (default): PRAGMA table_info(\"operation_ledger\")"}}
{"ts":"2026-09-17T10:01:21.403Z","level":"debug","scope":"sqlite","message":"query","meta":{"sql":"Executing (default): SELECT name FROM sqlite_master WHERE type='table' AND name = 'attributes'"}}
{"ts":"2026-09-17T10:01:21.405Z","level":"debug","scope":"sqlite","message":"query","meta":{"sql":"Executing (default): PRAGMA table_info(\"attributes\")"}}
{"ts":"2026-09-17T10:01:21.407Z","level":"debug","scope":"sqlite","message":"query","meta":{"sql":"Executing (default): SELECT name FROM sqlite_master WHERE type='table' AND name = 'audit_events'"}}
{"ts":"2026-09-17T10:01:21.409Z","level":"debug","scope":"sqlite","message":"query","meta":{"sql":"Executing (default): PRAGMA table_info(\"audit_events\")"}}
{"ts":"2026-09-17T10:01:21.412Z","level":"debug","scope":"sqlite","message":"query","meta":{"sql":"Executing (default): SELECT name FROM sqlite_master WHERE type='table' AND name = 'bank_accounts'"}}
{"ts":"2026-09-17T10:01:21.415Z","level":"debug","scope":"sqlite","message":"query","meta":{"sql":"Executing (default): PRAGMA table_info(\"bank_accounts\")"}}
{"ts":"2026-09-17T10:01:21.419Z","level":"debug","scope":"sqlite","message":"query","meta":{"sql":"Executing (default): SELECT name FROM sqlite_master WHERE type='table' AND name = 'bank_reconciliation_items'"}}
{"ts":"2026-09-17T10:01:21.420Z","level":"debug","scope":"sqlite","message":"query","meta":{"sql":"Executing (default): PRAGMA table_info(\"bank_reconciliation_items\")"}}
{"ts":"2026-09-17T10:01:21.422Z","level":"debug","scope":"sqlite","message":"query","meta":{"sql":"Executing (default): SELECT name FROM sqlite_master WHERE type='table' AND name = 'barcode_sequences'"}}
{"ts":"2026-09-17T10:01:21.424Z","level":"debug","scope":"sqlite","message":"query","meta":{"sql":"Executing (default): PRAGMA table_info(\"barcode_sequences\")"}}
{"ts":"2026-09-17T10:01:21.426Z","level":"debug","scope":"sqlite","message":"query","meta":{"sql":"Executing (default): SELECT name FROM sqlite_master WHERE type='table' AND name = 'barcode_stock_check_scans'"}}
{"ts":"2026-09-17T10:01:21.429Z","level":"debug","scope":"sqlite","message":"query","meta":{"sql":"Executing (default): PRAGMA table_info(\"barcode_stock_check_scans\")"}}
{"ts":"2026-09-17T10:01:21.431Z","level":"debug","scope":"sqlite","message":"query","meta":{"sql":"Executing (default): SELECT name FROM sqlite_master WHERE type='table' AND name = 'barcode_stock_check_sessions'"}}
{"ts":"2026-09-17T10:01:21.433Z","level":"debug","scope":"sqlite","message":"query","meta":{"sql":"Executing (default): PRAGMA table_info(\"barcode_stock_check_sessions\")"}}
{"ts":"2026-09-17T10:01:21.436Z","level":"debug","scope":"sqlite","message":"query","meta":{"sql":"Executing (default): SELECT name FROM sqlite_master WHERE type='table' AND name = 'barcode_templates'"}}
{"ts":"2026-09-17T10:01:21.438Z","level":"debug","scope":"sqlite","message":"query","meta":{"sql":"Executing (default): PRAGMA table_info(\"barcode_templates\")"}}
{"ts":"2026-09-17T10:01:21.443Z","level":"debug","scope":"sqlite","message":"query","meta":{"sql":"Executing (default): SELECT name FROM sqlite_master WHERE type='table' AND name = 'billing_rate_events'"}}
{"ts":"2026-09-17T10:01:21.445Z","level":"debug","scope":"sqlite","message":"query","meta":{"sql":"Executing (default): PRAGMA table_info(\"billing_rate_events\")"}}
{"ts":"2026-09-17T10:01:21.449Z","level":"debug","scope":"sqlite","message":"query","meta":{"sql":"Executing (default): SELECT name FROM sqlite_master WHERE type='table' AND name = 'campaigns'"}}
{"ts":"2026-09-17T10:01:21.451Z","level":"debug","scope":"sqlite","message":"query","meta":{"sql":"Executing (default): PRAGMA table_info(\"campaigns\")"}}
{"ts":"2026-09-17T10:01:21.452Z","level":"debug","scope":"sqlite","message":"query","meta":{"sql":"Executing (default): SELECT name FROM sqlite_master WHERE type='table' AND name = 'campaign_messages'"}}
{"ts":"2026-09-17T10:01:21.454Z","level":"debug","scope":"sqlite","message":"query","meta":{"sql":"Executing (default): PRAGMA table_info(\"campaign_messages\")"}}
{"ts":"2026-09-17T10:01:21.455Z","level":"debug","scope":"sqlite","message":"query","meta":{"sql":"Executing (default): SELECT name FROM sqlite_master WHERE type='table' AND name = 'cashbook_entries'"}}
{"ts":"2026-09-17T10:01:21.457Z","level":"debug","scope":"sqlite","message":"query","meta":{"sql":"Executing (default): PRAGMA table_info(\"cashbook_entries\")"}}
{"ts":"2026-09-17T10:01:21.460Z","level":"debug","scope":"sqlite","message":"query","meta":{"sql":"Executing (default): SELECT name FROM sqlite_master WHERE type='table' AND name = 'catalog_items'"}}
{"ts":"2026-09-17T10:01:21.466Z","level":"debug","scope":"sqlite","message":"query","meta":{"sql":"Executing (default): PRAGMA table_info(\"catalog_items\")"}}
{"ts":"2026-09-17T10:01:21.468Z","level":"debug","scope":"sqlite","message":"query","meta":{"sql":"Executing (default): SELECT name FROM sqlite_master WHERE type='table' AND name = 'categories'"}}
{"ts":"2026-09-17T10:01:21.470Z","level":"debug","scope":"sqlite","message":"query","meta":{"sql":"Executing (default): PRAGMA table_info(\"categories\")"}}
{"ts":"2026-09-17T10:01:21.472Z","level":"debug","scope":"sqlite","message":"query","meta":{"sql":"Executing (default): SELECT name FROM sqlite_master WHERE type='table' AND name = 'chart_of_accounts'"}}
{"ts":"2026-09-17T10:01:21.473Z","level":"debug","scope":"sqlite","message":"query","meta":{"sql":"Executing (default): PRAGMA table_info(\"chart_of_accounts\")"}}
{"ts":"2026-09-17T10:01:21.476Z","level":"debug","scope":"sqlite","message":"query","meta":{"sql":"Executing (default): SELECT name FROM sqlite_master WHERE type='table' AND name = 'cluster_state'"}}
{"ts":"2026-09-17T10:01:21.478Z","level":"debug","scope":"sqlite","message":"query","meta":{"sql":"Executing (default): PRAGMA table_info(\"cluster_state\")"}}
{"ts":"2026-09-17T10:01:21.482Z","level":"debug","scope":"sqlite","message":"query","meta":{"sql":"Executing (default): SELECT name FROM sqlite_master WHERE type='table' AND name = 'credit_notes'"}}
{"ts":"2026-09-17T10:01:21.483Z","level":"debug","scope":"sqlite","message":"query","meta":{"sql":"Executing (default): PRAGMA table_info(\"credit_notes\")"}}
{"ts":"2026-09-17T10:01:21.486Z","level":"debug","scope":"sqlite","message":"query","meta":{"sql":"Executing (default): SELECT name FROM sqlite_master WHERE type='table' AND name = 'customers'"}}
{"ts":"2026-09-17T10:01:21.487Z","level":"debug","scope":"sqlite","message":"query","meta":{"sql":"Executing (default): PRAGMA table_info(\"customers\")"}}
{"ts":"2026-09-17T10:01:21.489Z","level":"debug","scope":"sqlite","message":"query","meta":{"sql":"Executing (default): SELECT name FROM sqlite_master WHERE type='table' AND name = 'customer_advances'"}}
{"ts":"2026-09-17T10:01:21.491Z","level":"debug","scope":"sqlite","message":"query","meta":{"sql":"Executing (default): PRAGMA table_info(\"customer_advances\")"}}
{"ts":"2026-09-17T10:01:21.493Z","level":"debug","scope":"sqlite","message":"query","meta":{"sql":"Executing (default): SELECT name FROM sqlite_master WHERE type='table' AND name = 'customer_advance_applications'"}}
{"ts":"2026-09-17T10:01:21.496Z","level":"debug","scope":"sqlite","message":"query","meta":{"sql":"Executing (default): PRAGMA table_info(\"customer_advance_applications\")"}}
{"ts":"2026-09-17T10:01:21.500Z","level":"debug","scope":"sqlite","message":"query","meta":{"sql":"Executing (default): SELECT name FROM sqlite_master WHERE type='table' AND name = 'daily_closings'"}}
{"ts":"2026-09-17T10:01:21.501Z","level":"debug","scope":"sqlite","message":"query","meta":{"sql":"Executing (default): PRAGMA table_info(\"daily_closings\")"}}
{"ts":"2026-09-17T10:01:21.503Z","level":"debug","scope":"sqlite","message":"query","meta":{"sql":"Executing (default): SELECT name FROM sqlite_master WHERE type='table' AND name = 'devices'"}}
{"ts":"2026-09-17T10:01:21.504Z","level":"debug","scope":"sqlite","message":"query","meta":{"sql":"Executing (default): PRAGMA table_info(\"devices\")"}}
{"ts":"2026-09-17T10:01:21.506Z","level":"debug","scope":"sqlite","message":"query","meta":{"sql":"Executing (default): SELECT name FROM sqlite_master WHERE type='table' AND name = 'draft_sales'"}}
{"ts":"2026-09-17T10:01:21.508Z","level":"debug","scope":"sqlite","message":"query","meta":{"sql":"Executing (default): PRAGMA table_info(\"draft_sales\")"}}
{"ts":"2026-09-17T10:01:21.510Z","level":"debug","scope":"sqlite","message":"query","meta":{"sql":"Executing (default): SELECT name FROM sqlite_master WHERE type='table' AND name = 'employees'"}}
{"ts":"2026-09-17T10:01:21.517Z","level":"debug","scope":"sqlite","message":"query","meta":{"sql":"Executing (default): PRAGMA table_info(\"employees\")"}}
{"ts":"2026-09-17T10:01:21.519Z","level":"debug","scope":"sqlite","message":"query","meta":{"sql":"Executing (default): SELECT name FROM sqlite_master WHERE type='table' AND name = 'event_log'"}}
{"ts":"2026-09-17T10:01:21.521Z","level":"debug","scope":"sqlite","message":"query","meta":{"sql":"Executing (default): PRAGMA table_info(\"event_log\")"}}
{"ts":"2026-09-17T10:01:21.522Z","level":"debug","scope":"sqlite","message":"query","meta":{"sql":"Executing (default): SELECT name FROM sqlite_master WHERE type='table' AND name = 'expenses'"}}
{"ts":"2026-09-17T10:01:21.525Z","level":"debug","scope":"sqlite","message":"query","meta":{"sql":"Executing (default): PRAGMA table_info(\"expenses\")"}}
{"ts":"2026-09-17T10:01:21.529Z","level":"debug","scope":"sqlite","message":"query","meta":{"sql":"Executing (default): SELECT name FROM sqlite_master WHERE type='table' AND name = 'expense_categories'"}}
{"ts":"2026-09-17T10:01:21.531Z","level":"debug","scope":"sqlite","message":"query","meta":{"sql":"Executing (default): PRAGMA table_info(\"expense_categories\")"}}
{"ts":"2026-09-17T10:01:21.533Z","level":"debug","scope":"sqlite","message":"query","meta":{"sql":"Executing (default): SELECT name FROM sqlite_master WHERE type='table' AND name = 'gold_rate_history'"}}
{"ts":"2026-09-17T10:01:21.535Z","level":"debug","scope":"sqlite","message":"query","meta":{"sql":"Executing (default): PRAGMA table_info(\"gold_rate_history\")"}}
{"ts":"2026-09-17T10:01:21.537Z","level":"debug","scope":"sqlite","message":"query","meta":{"sql":"Executing (default): SELECT name FROM sqlite_master WHERE type='table' AND name = 'hsn_codes'"}}
{"ts":"2026-09-17T10:01:21.538Z","level":"debug","scope":"sqlite","message":"query","meta":{"sql":"Executing (default): PRAGMA table_info(\"hsn_codes\")"}}
{"ts":"2026-09-17T10:01:21.541Z","level":"debug","scope":"sqlite","message":"query","meta":{"sql":"Executing (default): SELECT name FROM sqlite_master WHERE type='table' AND name = 'incomes'"}}
{"ts":"2026-09-17T10:01:21.543Z","level":"debug","scope":"sqlite","message":"query","meta":{"sql":"Executing (default): PRAGMA table_info(\"incomes\")"}}
{"ts":"2026-09-17T10:01:21.547Z","level":"debug","scope":"sqlite","message":"query","meta":{"sql":"Executing (default): SELECT name FROM sqlite_master WHERE type='table' AND name = 'inventory_adjustments'"}}
{"ts":"2026-09-17T10:01:21.550Z","level":"debug","scope":"sqlite","message":"query","meta":{"sql":"Executing (default): PRAGMA table_info(\"inventory_adjustments\")"}}
{"ts":"2026-09-17T10:01:21.552Z","level":"debug","scope":"sqlite","message":"query","meta":{"sql":"Executing (default): SELECT name FROM sqlite_master WHERE type='table' AND name = 'inventory_movements'"}}
{"ts":"2026-09-17T10:01:21.553Z","level":"debug","scope":"sqlite","message":"query","meta":{"sql":"Executing (default): PRAGMA table_info(\"inventory_movements\")"}}
{"ts":"2026-09-17T10:01:21.554Z","level":"debug","scope":"sqlite","message":"query","meta":{"sql":"Executing (default): SELECT name FROM sqlite_master WHERE type='table' AND name = 'invoices'"}}
{"ts":"2026-09-17T10:01:21.556Z","level":"debug","scope":"sqlite","message":"query","meta":{"sql":"Executing (default): PRAGMA table_info(\"invoices\")"}}
{"ts":"2026-09-17T10:01:21.559Z","level":"debug","scope":"sqlite","message":"query","meta":{"sql":"Executing (default): SELECT name FROM sqlite_master WHERE type='table' AND name = 'invoice_items'"}}
{"ts":"2026-09-17T10:01:21.562Z","level":"debug","scope":"sqlite","message":"query","meta":{"sql":"Executing (default): PRAGMA table_info(\"invoice_items\")"}}
{"ts":"2026-09-17T10:01:21.566Z","level":"debug","scope":"sqlite","message":"query","meta":{"sql":"Executing (default): SELECT name FROM sqlite_master WHERE type='table' AND name = 'invoice_sequences'"}}
{"ts":"2026-09-17T10:01:21.568Z","level":"debug","scope":"sqlite","message":"query","meta":{"sql":"Executing (default): PRAGMA table_info(\"invoice_sequences\")"}}
{"ts":"2026-09-17T10:01:21.570Z","level":"debug","scope":"sqlite","message":"query","meta":{"sql":"Executing (default): SELECT name FROM sqlite_master WHERE type='table' AND name = 'journal_entries'"}}
{"ts":"2026-09-17T10:01:21.571Z","level":"debug","scope":"sqlite","message":"query","meta":{"sql":"Executing (default): PRAGMA table_info(\"journal_entries\")"}}
{"ts":"2026-09-17T10:01:21.581Z","level":"debug","scope":"sqlite","message":"query","meta":{"sql":"Executing (default): SELECT name FROM sqlite_master WHERE type='table' AND name = 'journal_lines'"}}
{"ts":"2026-09-17T10:01:21.582Z","level":"debug","scope":"sqlite","message":"query","meta":{"sql":"Executing (default): PRAGMA table_info(\"journal_lines\")"}}
{"ts":"2026-09-17T10:01:21.585Z","level":"debug","scope":"sqlite","message":"query","meta":{"sql":"Executing (default): SELECT name FROM sqlite_master WHERE type='table' AND name = 'metal_issues'"}}
{"ts":"2026-09-17T10:01:21.587Z","level":"debug","scope":"sqlite","message":"query","meta":{"sql":"Executing (default): PRAGMA table_info(\"metal_issues\")"}}
{"ts":"2026-09-17T10:01:21.589Z","level":"debug","scope":"sqlite","message":"query","meta":{"sql":"Executing (default): SELECT name FROM sqlite_master WHERE type='table' AND name = 'notifications'"}}
{"ts":"2026-09-17T10:01:21.590Z","level":"debug","scope":"sqlite","message":"query","meta":{"sql":"Executing (default): PRAGMA table_info(\"notifications\")"}}
{"ts":"2026-09-17T10:01:21.592Z","level":"debug","scope":"sqlite","message":"query","meta":{"sql":"Executing (default): SELECT name FROM sqlite_master WHERE type='table' AND name = 'old_gold_receipts'"}}
{"ts":"2026-09-17T10:01:21.594Z","level":"debug","scope":"sqlite","message":"query","meta":{"sql":"Executing (default): PRAGMA table_info(\"old_gold_receipts\")"}}
{"ts":"2026-09-17T10:01:21.599Z","level":"debug","scope":"sqlite","message":"query","meta":{"sql":"Executing (default): SELECT name FROM sqlite_master WHERE type='table' AND name = 'old_gold_sales'"}}
{"ts":"2026-09-17T10:01:21.601Z","level":"debug","scope":"sqlite","message":"query","meta":{"sql":"Executing (default): PRAGMA table_info(\"old_gold_sales\")"}}
{"ts":"2026-09-17T10:01:21.604Z","level":"debug","scope":"sqlite","message":"query","meta":{"sql":"Executing (default): SELECT name FROM sqlite_master WHERE type='table' AND name = 'operation_ledger'"}}
{"ts":"2026-09-17T10:01:21.605Z","level":"debug","scope":"sqlite","message":"query","meta":{"sql":"Executing (default): PRAGMA table_info(\"operation_ledger\")"}}
{"ts":"2026-09-17T10:01:21.607Z","level":"debug","scope":"sqlite","message":"query","meta":{"sql":"Executing (default): SELECT name FROM sqlite_master WHERE type='table' AND name = 'orders'"}}
{"ts":"2026-09-17T10:01:21.614Z","level":"debug","scope":"sqlite","message":"query","meta":{"sql":"Executing (default): PRAGMA table_info(\"orders\")"}}
{"ts":"2026-09-17T10:01:21.617Z","level":"debug","scope":"sqlite","message":"query","meta":{"sql":"Executing (default): SELECT name FROM sqlite_master WHERE type='table' AND name = 'payments'"}}
{"ts":"2026-09-17T10:01:21.618Z","level":"debug","scope":"sqlite","message":"query","meta":{"sql":"Executing (default): PRAGMA table_info(\"payments\")"}}
{"ts":"2026-09-17T10:01:21.620Z","level":"debug","scope":"sqlite","message":"query","meta":{"sql":"Executing (default): SELECT name FROM sqlite_master WHERE type='table' AND name = 'products'"}}
{"ts":"2026-09-17T10:01:21.622Z","level":"debug","scope":"sqlite","message":"query","meta":{"sql":"Executing (default): PRAGMA table_info(\"products\")"}}
{"ts":"2026-09-17T10:01:21.624Z","level":"debug","scope":"sqlite","message":"query","meta":{"sql":"Executing (default): SELECT name FROM sqlite_master WHERE type='table' AND name = 'product_status_history'"}}
{"ts":"2026-09-17T10:01:21.626Z","level":"debug","scope":"sqlite","message":"query","meta":{"sql":"Executing (default): PRAGMA table_info(\"product_status_history\")"}}
{"ts":"2026-09-17T10:01:21.628Z","level":"debug","scope":"sqlite","message":"query","meta":{"sql":"Executing (default): SELECT name FROM sqlite_master WHERE type='table' AND name = 'purchases'"}}
{"ts":"2026-09-17T10:01:21.633Z","level":"debug","scope":"sqlite","message":"query","meta":{"sql":"Executing (default): PRAGMA table_info(\"purchases\")"}}
{"ts":"2026-09-17T10:01:21.635Z","level":"debug","scope":"sqlite","message":"query","meta":{"sql":"Executing (default): SELECT name FROM sqlite_master WHERE type='table' AND name = 'purchase_items'"}}
{"ts":"2026-09-17T10:01:21.637Z","level":"debug","scope":"sqlite","message":"query","meta":{"sql":"Executing (default): PRAGMA table_info(\"purchase_items\")"}}
{"ts":"2026-09-17T10:01:21.638Z","level":"debug","scope":"sqlite","message":"query","meta":{"sql":"Executing (default): SELECT name FROM sqlite_master WHERE type='table' AND name = 'pure_products'"}}
{"ts":"2026-09-17T10:01:21.641Z","level":"debug","scope":"sqlite","message":"query","meta":{"sql":"Executing (default): PRAGMA table_info(\"pure_products\")"}}
{"ts":"2026-09-17T10:01:21.643Z","level":"debug","scope":"sqlite","message":"query","meta":{"sql":"Executing (default): SELECT name FROM sqlite_master WHERE type='table' AND name = 'quotations'"}}
{"ts":"2026-09-17T10:01:21.645Z","level":"debug","scope":"sqlite","message":"query","meta":{"sql":"Executing (default): PRAGMA table_info(\"quotations\")"}}
{"ts":"2026-09-17T10:01:21.648Z","level":"debug","scope":"sqlite","message":"query","meta":{"sql":"Executing (default): SELECT name FROM sqlite_master WHERE type='table' AND name = 'replica_acks'"}}
{"ts":"2026-09-17T10:01:21.650Z","level":"debug","scope":"sqlite","message":"query","meta":{"sql":"Executing (default): PRAGMA table_info(\"replica_acks\")"}}
{"ts":"2026-09-17T10:01:21.652Z","level":"debug","scope":"sqlite","message":"query","meta":{"sql":"Executing (default): SELECT name FROM sqlite_master WHERE type='table' AND name = 'sale_authorities'"}}
{"ts":"2026-09-17T10:01:21.653Z","level":"debug","scope":"sqlite","message":"query","meta":{"sql":"Executing (default): PRAGMA table_info(\"sale_authorities\")"}}
{"ts":"2026-09-17T10:01:21.655Z","level":"debug","scope":"sqlite","message":"query","meta":{"sql":"Executing (default): SELECT name FROM sqlite_master WHERE type='table' AND name = 'schema_meta'"}}
{"ts":"2026-09-17T10:01:21.656Z","level":"debug","scope":"sqlite","message":"query","meta":{"sql":"Executing (default): PRAGMA table_info(\"schema_meta\")"}}
{"ts":"2026-09-17T10:01:21.662Z","level":"debug","scope":"sqlite","message":"query","meta":{"sql":"Executing (default): SELECT name FROM sqlite_master WHERE type='table' AND name = 'schemes'"}}
{"ts":"2026-09-17T10:01:21.666Z","level":"debug","scope":"sqlite","message":"query","meta":{"sql":"Executing (default): PRAGMA table_info(\"schemes\")"}}
{"ts":"2026-09-17T10:01:21.668Z","level":"debug","scope":"sqlite","message":"query","meta":{"sql":"Executing (default): SELECT name FROM sqlite_master WHERE type='table' AND name = 'scheme_plans'"}}
{"ts":"2026-09-17T10:01:21.670Z","level":"debug","scope":"sqlite","message":"query","meta":{"sql":"Executing (default): PRAGMA table_info(\"scheme_plans\")"}}
{"ts":"2026-09-17T10:01:21.673Z","level":"debug","scope":"sqlite","message":"query","meta":{"sql":"Executing (default): SELECT name FROM sqlite_master WHERE type='table' AND name = 'settings'"}}
{"ts":"2026-09-17T10:01:21.675Z","level":"debug","scope":"sqlite","message":"query","meta":{"sql":"Executing (default): PRAGMA table_info(\"settings\")"}}
{"ts":"2026-09-17T10:01:21.678Z","level":"debug","scope":"sqlite","message":"query","meta":{"sql":"Executing (default): SELECT name FROM sqlite_master WHERE type='table' AND name = 'shops'"}}
{"ts":"2026-09-17T10:01:21.683Z","level":"debug","scope":"sqlite","message":"query","meta":{"sql":"Executing (default): PRAGMA table_info(\"shops\")"}}
{"ts":"2026-09-17T10:01:21.685Z","level":"debug","scope":"sqlite","message":"query","meta":{"sql":"Executing (default): SELECT name FROM sqlite_master WHERE type='table' AND name = 'shop_counters'"}}
{"ts":"2026-09-17T10:01:21.686Z","level":"debug","scope":"sqlite","message":"query","meta":{"sql":"Executing (default): PRAGMA table_info(\"shop_counters\")"}}
{"ts":"2026-09-17T10:01:21.689Z","level":"debug","scope":"sqlite","message":"query","meta":{"sql":"Executing (default): SELECT name FROM sqlite_master WHERE type='table' AND name = 'stock_history'"}}
{"ts":"2026-09-17T10:01:21.690Z","level":"debug","scope":"sqlite","message":"query","meta":{"sql":"Executing (default): PRAGMA table_info(\"stock_history\")"}}
{"ts":"2026-09-17T10:01:21.693Z","level":"debug","scope":"sqlite","message":"query","meta":{"sql":"Executing (default): SELECT name FROM sqlite_master WHERE type='table' AND name = 'users'"}}
{"ts":"2026-09-17T10:01:21.697Z","level":"debug","scope":"sqlite","message":"query","meta":{"sql":"Executing (default): PRAGMA table_info(\"users\")"}}
{"ts":"2026-09-17T10:01:21.700Z","level":"debug","scope":"sqlite","message":"query","meta":{"sql":"Executing (default): SELECT name FROM sqlite_master WHERE type='table' AND name = 'vendors'"}}
{"ts":"2026-09-17T10:01:21.702Z","level":"debug","scope":"sqlite","message":"query","meta":{"sql":"Executing (default): PRAGMA table_info(\"vendors\")"}}
{"ts":"2026-09-17T10:01:21.703Z","level":"debug","scope":"sqlite","message":"query","meta":{"sql":"Executing (default): SELECT name FROM sqlite_master WHERE type='table' AND name = 'invoice_sequences'"}}
{"ts":"2026-09-17T10:01:21.705Z","level":"debug","scope":"sqlite","message":"query","meta":{"sql":"Executing (default): PRAGMA table_info(\"invoice_sequences\")"}}
{"ts":"2026-09-17T10:01:21.706Z","level":"debug","scope":"sqlite","message":"query","meta":{"sql":"Executing (default): SELECT name, tbl_name FROM sqlite_master\n     WHERE type = 'index' AND name NOT LIKE 'sqlite_autoindex_%'"}}
{"ts":"2026-09-17T10:01:21.710Z","level":"debug","scope":"sqlite","message":"query","meta":{"sql":"Executing (default): SELECT name FROM sqlite_master WHERE type='table' AND name = 'attributes'"}}
{"ts":"2026-09-17T10:01:21.715Z","level":"debug","scope":"sqlite","message":"query","meta":{"sql":"Executing (default): PRAGMA table_info(\"attributes\")"}}
{"ts":"2026-09-17T10:01:21.718Z","level":"debug","scope":"sqlite","message":"query","meta":{"sql":"Executing (default): SELECT name FROM sqlite_master WHERE type='table' AND name = 'audit_events'"}}
{"ts":"2026-09-17T10:01:21.720Z","level":"debug","scope":"sqlite","message":"query","meta":{"sql":"Executing (default): PRAGMA table_info(\"audit_events\")"}}
{"ts":"2026-09-17T10:01:21.722Z","level":"debug","scope":"sqlite","message":"query","meta":{"sql":"Executing (default): SELECT name FROM sqlite_master WHERE type='table' AND name = 'bank_accounts'"}}
{"ts":"2026-09-17T10:01:21.723Z","level":"debug","scope":"sqlite","message":"query","meta":{"sql":"Executing (default): PRAGMA table_info(\"bank_accounts\")"}}
{"ts":"2026-09-17T10:01:21.725Z","level":"debug","scope":"sqlite","message":"query","meta":{"sql":"Executing (default): SELECT name FROM sqlite_master WHERE type='table' AND name = 'bank_reconciliation_items'"}}
{"ts":"2026-09-17T10:01:21.728Z","level":"debug","scope":"sqlite","message":"query","meta":{"sql":"Executing (default): PRAGMA table_info(\"bank_reconciliation_items\")"}}
{"ts":"2026-09-17T10:01:21.733Z","level":"debug","scope":"sqlite","message":"query","meta":{"sql":"Executing (default): SELECT name FROM sqlite_master WHERE type='table' AND name = 'barcode_sequences'"}}
{"ts":"2026-09-17T10:01:21.739Z","level":"debug","scope":"sqlite","message":"query","meta":{"sql":"Executing (default): PRAGMA table_info(\"barcode_sequences\")"}}
{"ts":"2026-09-17T10:01:21.779Z","level":"debug","scope":"sqlite","message":"query","meta":{"sql":"Executing (default): SELECT name FROM sqlite_master WHERE type='table' AND name = 'barcode_stock_check_scans'"}}
{"ts":"2026-09-17T10:01:21.854Z","level":"debug","scope":"sqlite","message":"query","meta":{"sql":"Executing (default): PRAGMA table_info(\"barcode_stock_check_scans\")"}}
{"ts":"2026-09-17T10:01:21.867Z","level":"debug","scope":"sqlite","message":"query","meta":{"sql":"Executing (default): SELECT name FROM sqlite_master WHERE type='table' AND name = 'barcode_stock_check_sessions'"}}
{"ts":"2026-09-17T10:01:21.870Z","level":"debug","scope":"sqlite","message":"query","meta":{"sql":"Executing (default): PRAGMA table_info(\"barcode_stock_check_sessions\")"}}
{"ts":"2026-09-17T10:01:21.872Z","level":"debug","scope":"sqlite","message":"query","meta":{"sql":"Executing (default): SELECT name FROM sqlite_master WHERE type='table' AND name = 'barcode_templates'"}}
{"ts":"2026-09-17T10:01:21.887Z","level":"debug","scope":"sqlite","message":"query","meta":{"sql":"Executing (default): PRAGMA table_info(\"barcode_templates\")"}}
{"ts":"2026-09-17T10:01:21.902Z","level":"debug","scope":"sqlite","message":"query","meta":{"sql":"Executing (default): SELECT name FROM sqlite_master WHERE type='table' AND name = 'billing_rate_events'"}}
{"ts":"2026-09-17T10:01:21.907Z","level":"debug","scope":"sqlite","message":"query","meta":{"sql":"Executing (default): PRAGMA table_info(\"billing_rate_events\")"}}
{"ts":"2026-09-17T10:01:21.913Z","level":"debug","scope":"sqlite","message":"query","meta":{"sql":"Executing (default): SELECT name FROM sqlite_master WHERE type='table' AND name = 'campaigns'"}}
{"ts":"2026-09-17T10:01:21.916Z","level":"debug","scope":"sqlite","message":"query","meta":{"sql":"Executing (default): PRAGMA table_info(\"campaigns\")"}}
{"ts":"2026-09-17T10:01:21.917Z","level":"debug","scope":"sqlite","message":"query","meta":{"sql":"Executing (default): SELECT name FROM sqlite_master WHERE type='table' AND name = 'campaign_messages'"}}
{"ts":"2026-09-17T10:01:21.919Z","level":"debug","scope":"sqlite","message":"query","meta":{"sql":"Executing (default): PRAGMA table_info(\"campaign_messages\")"}}
{"ts":"2026-09-17T10:01:21.923Z","level":"debug","scope":"sqlite","message":"query","meta":{"sql":"Executing (default): SELECT name FROM sqlite_master WHERE type='table' AND name = 'cashbook_entries'"}}
{"ts":"2026-09-17T10:01:21.925Z","level":"debug","scope":"sqlite","message":"query","meta":{"sql":"Executing (default): PRAGMA table_info(\"cashbook_entries\")"}}
{"ts":"2026-09-17T10:01:21.933Z","level":"debug","scope":"sqlite","message":"query","meta":{"sql":"Executing (default): SELECT name FROM sqlite_master WHERE type='table' AND name = 'catalog_items'"}}
{"ts":"2026-09-17T10:01:21.936Z","level":"debug","scope":"sqlite","message":"query","meta":{"sql":"Executing (default): PRAGMA table_info(\"catalog_items\")"}}
{"ts":"2026-09-17T10:01:21.940Z","level":"debug","scope":"sqlite","message":"query","meta":{"sql":"Executing (default): SELECT name FROM sqlite_master WHERE type='table' AND name = 'categories'"}}
{"ts":"2026-09-17T10:01:21.947Z","level":"debug","scope":"sqlite","message":"query","meta":{"sql":"Executing (default): PRAGMA table_info(\"categories\")"}}
{"ts":"2026-09-17T10:01:21.952Z","level":"debug","scope":"sqlite","message":"query","meta":{"sql":"Executing (default): SELECT name FROM sqlite_master WHERE type='table' AND name = 'chart_of_accounts'"}}
{"ts":"2026-09-17T10:01:21.955Z","level":"debug","scope":"sqlite","message":"query","meta":{"sql":"Executing (default): PRAGMA table_info(\"chart_of_accounts\")"}}
{"ts":"2026-09-17T10:01:21.957Z","level":"debug","scope":"sqlite","message":"query","meta":{"sql":"Executing (default): SELECT name FROM sqlite_master WHERE type='table' AND name = 'cluster_state'"}}
{"ts":"2026-09-17T10:01:21.958Z","level":"debug","scope":"sqlite","message":"query","meta":{"sql":"Executing (default): PRAGMA table_info(\"cluster_state\")"}}
{"ts":"2026-09-17T10:01:21.963Z","level":"debug","scope":"sqlite","message":"query","meta":{"sql":"Executing (default): SELECT name FROM sqlite_master WHERE type='table' AND name = 'credit_notes'"}}
{"ts":"2026-09-17T10:01:21.966Z","level":"debug","scope":"sqlite","message":"query","meta":{"sql":"Executing (default): PRAGMA table_info(\"credit_notes\")"}}
{"ts":"2026-09-17T10:01:21.968Z","level":"debug","scope":"sqlite","message":"query","meta":{"sql":"Executing (default): SELECT name FROM sqlite_master WHERE type='table' AND name = 'customers'"}}
{"ts":"2026-09-17T10:01:21.970Z","level":"debug","scope":"sqlite","message":"query","meta":{"sql":"Executing (default): PRAGMA table_info(\"customers\")"}}
{"ts":"2026-09-17T10:01:21.971Z","level":"debug","scope":"sqlite","message":"query","meta":{"sql":"Executing (default): SELECT name FROM sqlite_master WHERE type='table' AND name = 'customer_advances'"}}
{"ts":"2026-09-17T10:01:21.974Z","level":"debug","scope":"sqlite","message":"query","meta":{"sql":"Executing (default): PRAGMA table_info(\"customer_advances\")"}}
{"ts":"2026-09-17T10:01:21.976Z","level":"debug","scope":"sqlite","message":"query","meta":{"sql":"Executing (default): SELECT name FROM sqlite_master WHERE type='table' AND name = 'customer_advance_applications'"}}
{"ts":"2026-09-17T10:01:21.981Z","level":"debug","scope":"sqlite","message":"query","meta":{"sql":"Executing (default): PRAGMA table_info(\"customer_advance_applications\")"}}
{"ts":"2026-09-17T10:01:21.984Z","level":"debug","scope":"sqlite","message":"query","meta":{"sql":"Executing (default): SELECT name FROM sqlite_master WHERE type='table' AND name = 'daily_closings'"}}
{"ts":"2026-09-17T10:01:21.986Z","level":"debug","scope":"sqlite","message":"query","meta":{"sql":"Executing (default): PRAGMA table_info(\"daily_closings\")"}}
{"ts":"2026-09-17T10:01:21.987Z","level":"debug","scope":"sqlite","message":"query","meta":{"sql":"Executing (default): SELECT name FROM sqlite_master WHERE type='table' AND name = 'devices'"}}
{"ts":"2026-09-17T10:01:21.988Z","level":"debug","scope":"sqlite","message":"query","meta":{"sql":"Executing (default): PRAGMA table_info(\"devices\")"}}
{"ts":"2026-09-17T10:01:21.990Z","level":"debug","scope":"sqlite","message":"query","meta":{"sql":"Executing (default): SELECT name FROM sqlite_master WHERE type='table' AND name = 'draft_sales'"}}
{"ts":"2026-09-17T10:01:21.993Z","level":"debug","scope":"sqlite","message":"query","meta":{"sql":"Executing (default): PRAGMA table_info(\"draft_sales\")"}}
{"ts":"2026-09-17T10:01:21.997Z","level":"debug","scope":"sqlite","message":"query","meta":{"sql":"Executing (default): SELECT name FROM sqlite_master WHERE type='table' AND name = 'employees'"}}
{"ts":"2026-09-17T10:01:21.999Z","level":"debug","scope":"sqlite","message":"query","meta":{"sql":"Executing (default): PRAGMA table_info(\"employees\")"}}
{"ts":"2026-09-17T10:01:22.001Z","level":"debug","scope":"sqlite","message":"query","meta":{"sql":"Executing (default): SELECT name FROM sqlite_master WHERE type='table' AND name = 'event_log'"}}
{"ts":"2026-09-17T10:01:22.003Z","level":"debug","scope":"sqlite","message":"query","meta":{"sql":"Executing (default): PRAGMA table_info(\"event_log\")"}}
{"ts":"2026-09-17T10:01:22.004Z","level":"debug","scope":"sqlite","message":"query","meta":{"sql":"Executing (default): SELECT name FROM sqlite_master WHERE type='table' AND name = 'expenses'"}}
{"ts":"2026-09-17T10:01:22.006Z","level":"debug","scope":"sqlite","message":"query","meta":{"sql":"Executing (default): PRAGMA table_info(\"expenses\")"}}
{"ts":"2026-09-17T10:01:22.008Z","level":"debug","scope":"sqlite","message":"query","meta":{"sql":"Executing (default): SELECT name FROM sqlite_master WHERE type='table' AND name = 'expense_categories'"}}
{"ts":"2026-09-17T10:01:22.018Z","level":"debug","scope":"sqlite","message":"query","meta":{"sql":"Executing (default): PRAGMA table_info(\"expense_categories\")"}}
{"ts":"2026-09-17T10:01:22.019Z","level":"debug","scope":"sqlite","message":"query","meta":{"sql":"Executing (default): SELECT name FROM sqlite_master WHERE type='table' AND name = 'gold_rate_history'"}}
{"ts":"2026-09-17T10:01:22.021Z","level":"debug","scope":"sqlite","message":"query","meta":{"sql":"Executing (default): PRAGMA table_info(\"gold_rate_history\")"}}
{"ts":"2026-09-17T10:01:22.022Z","level":"debug","scope":"sqlite","message":"query","meta":{"sql":"Executing (default): SELECT name FROM sqlite_master WHERE type='table' AND name = 'hsn_codes'"}}
{"ts":"2026-09-17T10:01:22.023Z","level":"debug","scope":"sqlite","message":"query","meta":{"sql":"Executing (default): PRAGMA table_info(\"hsn_codes\")"}}
{"ts":"2026-09-17T10:01:22.026Z","level":"debug","scope":"sqlite","message":"query","meta":{"sql":"Executing (default): SELECT name FROM sqlite_master WHERE type='table' AND name = 'incomes'"}}
{"ts":"2026-09-17T10:01:22.029Z","level":"debug","scope":"sqlite","message":"query","meta":{"sql":"Executing (default): PRAGMA table_info(\"incomes\")"}}
{"ts":"2026-09-17T10:01:22.031Z","level":"debug","scope":"sqlite","message":"query","meta":{"sql":"Executing (default): SELECT name FROM sqlite_master WHERE type='table' AND name = 'inventory_adjustments'"}}
{"ts":"2026-09-17T10:01:22.032Z","level":"debug","scope":"sqlite","message":"query","meta":{"sql":"Executing (default): PRAGMA table_info(\"inventory_adjustments\")"}}
{"ts":"2026-09-17T10:01:22.034Z","level":"debug","scope":"sqlite","message":"query","meta":{"sql":"Executing (default): SELECT name FROM sqlite_master WHERE type='table' AND name = 'inventory_movements'"}}
{"ts":"2026-09-17T10:01:22.035Z","level":"debug","scope":"sqlite","message":"query","meta":{"sql":"Executing (default): PRAGMA table_info(\"inventory_movements\")"}}
{"ts":"2026-09-17T10:01:22.037Z","level":"debug","scope":"sqlite","message":"query","meta":{"sql":"Executing (default): SELECT name FROM sqlite_master WHERE type='table' AND name = 'invoices'"}}
{"ts":"2026-09-17T10:01:22.038Z","level":"debug","scope":"sqlite","message":"query","meta":{"sql":"Executing (default): PRAGMA table_info(\"invoices\")"}}
{"ts":"2026-09-17T10:01:22.041Z","level":"debug","scope":"sqlite","message":"query","meta":{"sql":"Executing (default): SELECT name FROM sqlite_master WHERE type='table' AND name = 'invoice_items'"}}
{"ts":"2026-09-17T10:01:22.042Z","level":"debug","scope":"sqlite","message":"query","meta":{"sql":"Executing (default): PRAGMA table_info(\"invoice_items\")"}}
{"ts":"2026-09-17T10:01:22.045Z","level":"debug","scope":"sqlite","message":"query","meta":{"sql":"Executing (default): SELECT name FROM sqlite_master WHERE type='table' AND name = 'invoice_sequences'"}}
{"ts":"2026-09-17T10:01:22.048Z","level":"debug","scope":"sqlite","message":"query","meta":{"sql":"Executing (default): PRAGMA table_info(\"invoice_sequences\")"}}
{"ts":"2026-09-17T10:01:22.050Z","level":"debug","scope":"sqlite","message":"query","meta":{"sql":"Executing (default): SELECT name FROM sqlite_master WHERE type='table' AND name = 'journal_entries'"}}
{"ts":"2026-09-17T10:01:22.052Z","level":"debug","scope":"sqlite","message":"query","meta":{"sql":"Executing (default): PRAGMA table_info(\"journal_entries\")"}}
{"ts":"2026-09-17T10:01:22.053Z","level":"debug","scope":"sqlite","message":"query","meta":{"sql":"Executing (default): SELECT name FROM sqlite_master WHERE type='table' AND name = 'journal_lines'"}}
{"ts":"2026-09-17T10:01:22.054Z","level":"debug","scope":"sqlite","message":"query","meta":{"sql":"Executing (default): PRAGMA table_info(\"journal_lines\")"}}
{"ts":"2026-09-17T10:01:22.056Z","level":"debug","scope":"sqlite","message":"query","meta":{"sql":"Executing (default): SELECT name FROM sqlite_master WHERE type='table' AND name = 'metal_issues'"}}
{"ts":"2026-09-17T10:01:22.058Z","level":"debug","scope":"sqlite","message":"query","meta":{"sql":"Executing (default): PRAGMA table_info(\"metal_issues\")"}}
{"ts":"2026-09-17T10:01:22.060Z","level":"debug","scope":"sqlite","message":"query","meta":{"sql":"Executing (default): SELECT name FROM sqlite_master WHERE type='table' AND name = 'notifications'"}}
{"ts":"2026-09-17T10:01:22.065Z","level":"debug","scope":"sqlite","message":"query","meta":{"sql":"Executing (default): PRAGMA table_info(\"notifications\")"}}
{"ts":"2026-09-17T10:01:22.066Z","level":"debug","scope":"sqlite","message":"query","meta":{"sql":"Executing (default): SELECT name FROM sqlite_master WHERE type='table' AND name = 'old_gold_receipts'"}}
{"ts":"2026-09-17T10:01:22.068Z","level":"debug","scope":"sqlite","message":"query","meta":{"sql":"Executing (default): PRAGMA table_info(\"old_gold_receipts\")"}}
{"ts":"2026-09-17T10:01:22.069Z","level":"debug","scope":"sqlite","message":"query","meta":{"sql":"Executing (default): SELECT name FROM sqlite_master WHERE type='table' AND name = 'old_gold_sales'"}}
{"ts":"2026-09-17T10:01:22.071Z","level":"debug","scope":"sqlite","message":"query","meta":{"sql":"Executing (default): PRAGMA table_info(\"old_gold_sales\")"}}
{"ts":"2026-09-17T10:01:22.072Z","level":"debug","scope":"sqlite","message":"query","meta":{"sql":"Executing (default): SELECT name FROM sqlite_master WHERE type='table' AND name = 'operation_ledger'"}}
{"ts":"2026-09-17T10:01:22.074Z","level":"debug","scope":"sqlite","message":"query","meta":{"sql":"Executing (default): PRAGMA table_info(\"operation_ledger\")"}}
{"ts":"2026-09-17T10:01:22.075Z","level":"debug","scope":"sqlite","message":"query","meta":{"sql":"Executing (default): SELECT name FROM sqlite_master WHERE type='table' AND name = 'orders'"}}
{"ts":"2026-09-17T10:01:22.077Z","level":"debug","scope":"sqlite","message":"query","meta":{"sql":"Executing (default): PRAGMA table_info(\"orders\")"}}
{"ts":"2026-09-17T10:01:22.083Z","level":"debug","scope":"sqlite","message":"query","meta":{"sql":"Executing (default): SELECT name FROM sqlite_master WHERE type='table' AND name = 'payments'"}}
{"ts":"2026-09-17T10:01:22.084Z","level":"debug","scope":"sqlite","message":"query","meta":{"sql":"Executing (default): PRAGMA table_info(\"payments\")"}}
{"ts":"2026-09-17T10:01:22.086Z","level":"debug","scope":"sqlite","message":"query","meta":{"sql":"Executing (default): SELECT name FROM sqlite_master WHERE type='table' AND name = 'products'"}}
{"ts":"2026-09-17T10:01:22.087Z","level":"debug","scope":"sqlite","message":"query","meta":{"sql":"Executing (default): PRAGMA table_info(\"products\")"}}
{"ts":"2026-09-17T10:01:22.089Z","level":"debug","scope":"sqlite","message":"query","meta":{"sql":"Executing (default): SELECT name FROM sqlite_master WHERE type='table' AND name = 'product_status_history'"}}
{"ts":"2026-09-17T10:01:22.092Z","level":"debug","scope":"sqlite","message":"query","meta":{"sql":"Executing (default): PRAGMA table_info(\"product_status_history\")"}}
{"ts":"2026-09-17T10:01:22.095Z","level":"debug","scope":"sqlite","message":"query","meta":{"sql":"Executing (default): SELECT name FROM sqlite_master WHERE type='table' AND name = 'purchases'"}}
{"ts":"2026-09-17T10:01:22.097Z","level":"debug","scope":"sqlite","message":"query","meta":{"sql":"Executing (default): PRAGMA table_info(\"purchases\")"}}
{"ts":"2026-09-17T10:01:22.100Z","level":"debug","scope":"sqlite","message":"query","meta":{"sql":"Executing (default): SELECT name FROM sqlite_master WHERE type='table' AND name = 'purchase_items'"}}
{"ts":"2026-09-17T10:01:22.101Z","level":"debug","scope":"sqlite","message":"query","meta":{"sql":"Executing (default): PRAGMA table_info(\"purchase_items\")"}}
{"ts":"2026-09-17T10:01:22.103Z","level":"debug","scope":"sqlite","message":"query","meta":{"sql":"Executing (default): SELECT name FROM sqlite_master WHERE type='table' AND name = 'pure_products'"}}
{"ts":"2026-09-17T10:01:22.104Z","level":"debug","scope":"sqlite","message":"query","meta":{"sql":"Executing (default): PRAGMA table_info(\"pure_products\")"}}
{"ts":"2026-09-17T10:01:22.105Z","level":"debug","scope":"sqlite","message":"query","meta":{"sql":"Executing (default): SELECT name FROM sqlite_master WHERE type='table' AND name = 'quotations'"}}
{"ts":"2026-09-17T10:01:22.108Z","level":"debug","scope":"sqlite","message":"query","meta":{"sql":"Executing (default): PRAGMA table_info(\"quotations\")"}}
{"ts":"2026-09-17T10:01:22.110Z","level":"debug","scope":"sqlite","message":"query","meta":{"sql":"Executing (default): SELECT name FROM sqlite_master WHERE type='table' AND name = 'replica_acks'"}}
{"ts":"2026-09-17T10:01:22.114Z","level":"debug","scope":"sqlite","message":"query","meta":{"sql":"Executing (default): PRAGMA table_info(\"replica_acks\")"}}
{"ts":"2026-09-17T10:01:22.116Z","level":"debug","scope":"sqlite","message":"query","meta":{"sql":"Executing (default): SELECT name FROM sqlite_master WHERE type='table' AND name = 'sale_authorities'"}}
{"ts":"2026-09-17T10:01:22.118Z","level":"debug","scope":"sqlite","message":"query","meta":{"sql":"Executing (default): PRAGMA table_info(\"sale_authorities\")"}}
{"ts":"2026-09-17T10:01:22.119Z","level":"debug","scope":"sqlite","message":"query","meta":{"sql":"Executing (default): SELECT name FROM sqlite_master WHERE type='table' AND name = 'schema_meta'"}}
{"ts":"2026-09-17T10:01:22.120Z","level":"debug","scope":"sqlite","message":"query","meta":{"sql":"Executing (default): PRAGMA table_info(\"schema_meta\")"}}
{"ts":"2026-09-17T10:01:22.123Z","level":"debug","scope":"sqlite","message":"query","meta":{"sql":"Executing (default): SELECT name FROM sqlite_master WHERE type='table' AND name = 'schemes'"}}
{"ts":"2026-09-17T10:01:22.124Z","level":"debug","scope":"sqlite","message":"query","meta":{"sql":"Executing (default): PRAGMA table_info(\"schemes\")"}}
{"ts":"2026-09-17T10:01:22.126Z","level":"debug","scope":"sqlite","message":"query","meta":{"sql":"Executing (default): SELECT name FROM sqlite_master WHERE type='table' AND name = 'scheme_plans'"}}
{"ts":"2026-09-17T10:01:22.131Z","level":"debug","scope":"sqlite","message":"query","meta":{"sql":"Executing (default): PRAGMA table_info(\"scheme_plans\")"}}
{"ts":"2026-09-17T10:01:22.134Z","level":"debug","scope":"sqlite","message":"query","meta":{"sql":"Executing (default): SELECT name FROM sqlite_master WHERE type='table' AND name = 'settings'"}}
{"ts":"2026-09-17T10:01:22.135Z","level":"debug","scope":"sqlite","message":"query","meta":{"sql":"Executing (default): PRAGMA table_info(\"settings\")"}}
{"ts":"2026-09-17T10:01:22.137Z","level":"debug","scope":"sqlite","message":"query","meta":{"sql":"Executing (default): SELECT name FROM sqlite_master WHERE type='table' AND name = 'shops'"}}
{"ts":"2026-09-17T10:01:22.139Z","level":"debug","scope":"sqlite","message":"query","meta":{"sql":"Executing (default): PRAGMA table_info(\"shops\")"}}
{"ts":"2026-09-17T10:01:22.141Z","level":"debug","scope":"sqlite","message":"query","meta":{"sql":"Executing (default): SELECT name FROM sqlite_master WHERE type='table' AND name = 'shop_counters'"}}
{"ts":"2026-09-17T10:01:22.142Z","level":"debug","scope":"sqlite","message":"query","meta":{"sql":"Executing (default): PRAGMA table_info(\"shop_counters\")"}}
{"ts":"2026-09-17T10:01:22.148Z","level":"debug","scope":"sqlite","message":"query","meta":{"sql":"Executing (default): SELECT name FROM sqlite_master WHERE type='table' AND name = 'stock_history'"}}
{"ts":"2026-09-17T10:01:22.150Z","level":"debug","scope":"sqlite","message":"query","meta":{"sql":"Executing (default): PRAGMA table_info(\"stock_history\")"}}
{"ts":"2026-09-17T10:01:22.151Z","level":"debug","scope":"sqlite","message":"query","meta":{"sql":"Executing (default): SELECT name FROM sqlite_master WHERE type='table' AND name = 'users'"}}
{"ts":"2026-09-17T10:01:22.152Z","level":"debug","scope":"sqlite","message":"query","meta":{"sql":"Executing (default): PRAGMA table_info(\"users\")"}}
{"ts":"2026-09-17T10:01:22.155Z","level":"debug","scope":"sqlite","message":"query","meta":{"sql":"Executing (default): SELECT name FROM sqlite_master WHERE type='table' AND name = 'vendors'"}}
{"ts":"2026-09-17T10:01:22.157Z","level":"debug","scope":"sqlite","message":"query","meta":{"sql":"Executing (default): PRAGMA table_info(\"vendors\")"}}
{"ts":"2026-09-17T10:01:22.159Z","level":"debug","scope":"sqlite","message":"query","meta":{"sql":"Executing (default): SELECT name FROM sqlite_master WHERE type='table' AND name = 'invoice_items'"}}
{"ts":"2026-09-17T10:01:22.161Z","level":"debug","scope":"sqlite","message":"query","meta":{"sql":"Executing (default): SELECT name FROM sqlite_master WHERE type='table' AND name = 'purchase_items'"}}
{"ts":"2026-09-17T10:01:22.166Z","level":"info","scope":"sqlite","message":"ensuring model tables (sync without alter)"}
{"ts":"2026-09-17T10:01:22.170Z","level":"debug","scope":"sqlite","message":"query","meta":{"sql":"Executing (default): SELECT name FROM sqlite_master WHERE type='table' AND name='users';"}}
{"ts":"2026-09-17T10:01:22.174Z","level":"debug","scope":"sqlite","message":"query","meta":{"sql":"Executing (default): PRAGMA INDEX_LIST(`users`)"}}
{"ts":"2026-09-17T10:01:22.175Z","level":"debug","scope":"sqlite","message":"query","meta":{"sql":"Executing (default): PRAGMA INDEX_INFO(`sqlite_autoindex_users_1`)"}}
{"ts":"2026-09-17T10:01:22.178Z","level":"debug","scope":"sqlite","message":"query","meta":{"sql":"Executing (default): SELECT name FROM sqlite_master WHERE type='table' AND name='categories';"}}
{"ts":"2026-09-17T10:01:22.182Z","level":"debug","scope":"sqlite","message":"query","meta":{"sql":"Executing (default): PRAGMA INDEX_LIST(`categories`)"}}
{"ts":"2026-09-17T10:01:22.183Z","level":"debug","scope":"sqlite","message":"query","meta":{"sql":"Executing (default): PRAGMA INDEX_INFO(`sqlite_autoindex_categories_1`)"}}
{"ts":"2026-09-17T10:01:22.185Z","level":"debug","scope":"sqlite","message":"query","meta":{"sql":"Executing (default): SELECT name FROM sqlite_master WHERE type='table' AND name='attributes';"}}
{"ts":"2026-09-17T10:01:22.187Z","level":"debug","scope":"sqlite","message":"query","meta":{"sql":"Executing (default): PRAGMA INDEX_LIST(`attributes`)"}}
{"ts":"2026-09-17T10:01:22.188Z","level":"debug","scope":"sqlite","message":"query","meta":{"sql":"Executing (default): PRAGMA INDEX_INFO(`sqlite_autoindex_attributes_1`)"}}
{"ts":"2026-09-17T10:01:22.191Z","level":"debug","scope":"sqlite","message":"query","meta":{"sql":"Executing (default): SELECT name FROM sqlite_master WHERE type='table' AND name='catalog_items';"}}
{"ts":"2026-09-17T10:01:22.192Z","level":"debug","scope":"sqlite","message":"query","meta":{"sql":"Executing (default): PRAGMA INDEX_LIST(`catalog_items`)"}}
{"ts":"2026-09-17T10:01:22.195Z","level":"debug","scope":"sqlite","message":"query","meta":{"sql":"Executing (default): PRAGMA INDEX_INFO(`sqlite_autoindex_catalog_items_1`)"}}
{"ts":"2026-09-17T10:01:22.199Z","level":"debug","scope":"sqlite","message":"query","meta":{"sql":"Executing (default): SELECT name FROM sqlite_master WHERE type='table' AND name='products';"}}
{"ts":"2026-09-17T10:01:22.200Z","level":"debug","scope":"sqlite","message":"query","meta":{"sql":"Executing (default): PRAGMA INDEX_LIST(`products`)"}}
{"ts":"2026-09-17T10:01:22.202Z","level":"debug","scope":"sqlite","message":"query","meta":{"sql":"Executing (default): PRAGMA INDEX_INFO(`sqlite_autoindex_products_1`)"}}
{"ts":"2026-09-17T10:01:22.203Z","level":"debug","scope":"sqlite","message":"query","meta":{"sql":"Executing (default): PRAGMA INDEX_INFO(`products_barcode_idx`)"}}
{"ts":"2026-09-17T10:01:22.204Z","level":"debug","scope":"sqlite","message":"query","meta":{"sql":"Executing (default): PRAGMA INDEX_INFO(`products_code_idx`)"}}
{"ts":"2026-09-17T10:01:22.207Z","level":"debug","scope":"sqlite","message":"query","meta":{"sql":"Executing (default): SELECT name FROM sqlite_master WHERE type='table' AND name='customers';"}}
{"ts":"2026-09-17T10:01:22.208Z","level":"debug","scope":"sqlite","message":"query","meta":{"sql":"Executing (default): PRAGMA INDEX_LIST(`customers`)"}}
{"ts":"2026-09-17T10:01:22.209Z","level":"debug","scope":"sqlite","message":"query","meta":{"sql":"Executing (default): PRAGMA INDEX_INFO(`sqlite_autoindex_customers_1`)"}}
{"ts":"2026-09-17T10:01:22.214Z","level":"debug","scope":"sqlite","message":"query","meta":{"sql":"Executing (default): PRAGMA INDEX_INFO(`customers_mobile_idx`)"}}
{"ts":"2026-09-17T10:01:22.215Z","level":"debug","scope":"sqlite","message":"query","meta":{"sql":"Executing (default): PRAGMA INDEX_INFO(`customers_name_idx`)"}}
{"ts":"2026-09-17T10:01:22.217Z","level":"debug","scope":"sqlite","message":"query","meta":{"sql":"Executing (default): SELECT name FROM sqlite_master WHERE type='table' AND name='invoice_items';"}}
{"ts":"2026-09-17T10:01:22.219Z","level":"debug","scope":"sqlite","message":"query","meta":{"sql":"Executing (default): PRAGMA INDEX_LIST(`invoice_items`)"}}
{"ts":"2026-09-17T10:01:22.222Z","level":"debug","scope":"sqlite","message":"query","meta":{"sql":"Executing (default): PRAGMA INDEX_INFO(`sqlite_autoindex_invoice_items_1`)"}}
{"ts":"2026-09-17T10:01:22.224Z","level":"debug","scope":"sqlite","message":"query","meta":{"sql":"Executing (default): SELECT name FROM sqlite_master WHERE type='table' AND name='invoices';"}}
{"ts":"2026-09-17T10:01:22.226Z","level":"debug","scope":"sqlite","message":"query","meta":{"sql":"Executing (default): PRAGMA INDEX_LIST(`invoices`)"}}
{"ts":"2026-09-17T10:01:22.232Z","level":"debug","scope":"sqlite","message":"query","meta":{"sql":"Executing (default): PRAGMA INDEX_INFO(`sqlite_autoindex_invoices_1`)"}}
{"ts":"2026-09-17T10:01:22.233Z","level":"debug","scope":"sqlite","message":"query","meta":{"sql":"Executing (default): PRAGMA INDEX_INFO(`invoices_shop_no_uk`)"}}
{"ts":"2026-09-17T10:01:22.233Z","level":"debug","scope":"sqlite","message":"query","meta":{"sql":"Executing (default): PRAGMA INDEX_INFO(`invoices_request_id_uk`)"}}
{"ts":"2026-09-17T10:01:22.236Z","level":"debug","scope":"sqlite","message":"query","meta":{"sql":"Executing (default): SELECT name FROM sqlite_master WHERE type='table' AND name='schemes';"}}
{"ts":"2026-09-17T10:01:22.237Z","level":"debug","scope":"sqlite","message":"query","meta":{"sql":"Executing (default): PRAGMA INDEX_LIST(`schemes`)"}}
{"ts":"2026-09-17T10:01:22.239Z","level":"debug","scope":"sqlite","message":"query","meta":{"sql":"Executing (default): PRAGMA INDEX_INFO(`sqlite_autoindex_schemes_1`)"}}
{"ts":"2026-09-17T10:01:22.242Z","level":"debug","scope":"sqlite","message":"query","meta":{"sql":"Executing (default): SELECT name FROM sqlite_master WHERE type='table' AND name='scheme_plans';"}}
{"ts":"2026-09-17T10:01:22.243Z","level":"debug","scope":"sqlite","message":"query","meta":{"sql":"Executing (default): PRAGMA INDEX_LIST(`scheme_plans`)"}}
{"ts":"2026-09-17T10:01:22.248Z","level":"debug","scope":"sqlite","message":"query","meta":{"sql":"Executing (default): PRAGMA INDEX_INFO(`sqlite_autoindex_scheme_plans_1`)"}}
{"ts":"2026-09-17T10:01:22.250Z","level":"debug","scope":"sqlite","message":"query","meta":{"sql":"Executing (default): SELECT name FROM sqlite_master WHERE type='table' AND name='campaigns';"}}
{"ts":"2026-09-17T10:01:22.253Z","level":"debug","scope":"sqlite","message":"query","meta":{"sql":"Executing (default): PRAGMA INDEX_LIST(`campaigns`)"}}
{"ts":"2026-09-17T10:01:22.257Z","level":"debug","scope":"sqlite","message":"query","meta":{"sql":"Executing (default): PRAGMA INDEX_INFO(`sqlite_autoindex_campaigns_1`)"}}
{"ts":"2026-09-17T10:01:22.259Z","level":"debug","scope":"sqlite","message":"query","meta":{"sql":"Executing (default): SELECT name FROM sqlite_master WHERE type='table' AND name='campaign_messages';"}}
{"ts":"2026-09-17T10:01:22.262Z","level":"debug","scope":"sqlite","message":"query","meta":{"sql":"Executing (default): PRAGMA INDEX_LIST(`campaign_messages`)"}}
{"ts":"2026-09-17T10:01:22.265Z","level":"debug","scope":"sqlite","message":"query","meta":{"sql":"Executing (default): PRAGMA INDEX_INFO(`sqlite_autoindex_campaign_messages_1`)"}}
{"ts":"2026-09-17T10:01:22.267Z","level":"debug","scope":"sqlite","message":"query","meta":{"sql":"Executing (default): SELECT name FROM sqlite_master WHERE type='table' AND name='expense_categories';"}}
{"ts":"2026-09-17T10:01:22.269Z","level":"debug","scope":"sqlite","message":"query","meta":{"sql":"Executing (default): PRAGMA INDEX_LIST(`expense_categories`)"}}
{"ts":"2026-09-17T10:01:22.271Z","level":"debug","scope":"sqlite","message":"query","meta":{"sql":"Executing (default): PRAGMA INDEX_INFO(`sqlite_autoindex_expense_categories_1`)"}}
{"ts":"2026-09-17T10:01:22.274Z","level":"debug","scope":"sqlite","message":"query","meta":{"sql":"Executing (default): SELECT name FROM sqlite_master WHERE type='table' AND name='expenses';"}}
{"ts":"2026-09-17T10:01:22.276Z","level":"debug","scope":"sqlite","message":"query","meta":{"sql":"Executing (default): PRAGMA INDEX_LIST(`expenses`)"}}
{"ts":"2026-09-17T10:01:22.278Z","level":"debug","scope":"sqlite","message":"query","meta":{"sql":"Executing (default): PRAGMA INDEX_INFO(`sqlite_autoindex_expenses_1`)"}}
{"ts":"2026-09-17T10:01:22.282Z","level":"debug","scope":"sqlite","message":"query","meta":{"sql":"Executing (default): SELECT name FROM sqlite_master WHERE type='table' AND name='incomes';"}}
{"ts":"2026-09-17T10:01:22.284Z","level":"debug","scope":"sqlite","message":"query","meta":{"sql":"Executing (default): PRAGMA INDEX_LIST(`incomes`)"}}
{"ts":"2026-09-17T10:01:22.285Z","level":"debug","scope":"sqlite","message":"query","meta":{"sql":"Executing (default): PRAGMA INDEX_INFO(`sqlite_autoindex_incomes_1`)"}}
{"ts":"2026-09-17T10:01:22.286Z","level":"debug","scope":"sqlite","message":"query","meta":{"sql":"Executing (default): SELECT name FROM sqlite_master WHERE type='table' AND name='daily_closings';"}}
{"ts":"2026-09-17T10:01:22.289Z","level":"debug","scope":"sqlite","message":"query","meta":{"sql":"Executing (default): PRAGMA INDEX_LIST(`daily_closings`)"}}
{"ts":"2026-09-17T10:01:22.290Z","level":"debug","scope":"sqlite","message":"query","meta":{"sql":"Executing (default): PRAGMA INDEX_INFO(`sqlite_autoindex_daily_closings_1`)"}}
{"ts":"2026-09-17T10:01:22.291Z","level":"debug","scope":"sqlite","message":"query","meta":{"sql":"Executing (default): PRAGMA INDEX_INFO(`daily_closings_shop_date_uk`)"}}
{"ts":"2026-09-17T10:01:22.293Z","level":"debug","scope":"sqlite","message":"query","meta":{"sql":"Executing (default): SELECT name FROM sqlite_master WHERE type='table' AND name='notifications';"}}
{"ts":"2026-09-17T10:01:22.298Z","level":"debug","scope":"sqlite","message":"query","meta":{"sql":"Executing (default): PRAGMA INDEX_LIST(`notifications`)"}}
{"ts":"2026-09-17T10:01:22.299Z","level":"debug","scope":"sqlite","message":"query","meta":{"sql":"Executing (default): PRAGMA INDEX_INFO(`sqlite_autoindex_notifications_1`)"}}
{"ts":"2026-09-17T10:01:22.301Z","level":"debug","scope":"sqlite","message":"query","meta":{"sql":"Executing (default): SELECT name FROM sqlite_master WHERE type='table' AND name='stock_history';"}}
{"ts":"2026-09-17T10:01:22.303Z","level":"debug","scope":"sqlite","message":"query","meta":{"sql":"Executing (default): PRAGMA INDEX_LIST(`stock_history`)"}}
{"ts":"2026-09-17T10:01:22.305Z","level":"debug","scope":"sqlite","message":"query","meta":{"sql":"Executing (default): PRAGMA INDEX_INFO(`sqlite_autoindex_stock_history_1`)"}}
{"ts":"2026-09-17T10:01:22.307Z","level":"debug","scope":"sqlite","message":"query","meta":{"sql":"Executing (default): SELECT name FROM sqlite_master WHERE type='table' AND name='inventory_adjustments';"}}
{"ts":"2026-09-17T10:01:22.309Z","level":"debug","scope":"sqlite","message":"query","meta":{"sql":"Executing (default): PRAGMA INDEX_LIST(`inventory_adjustments`)"}}
{"ts":"2026-09-17T10:01:22.311Z","level":"debug","scope":"sqlite","message":"query","meta":{"sql":"Executing (default): PRAGMA INDEX_INFO(`sqlite_autoindex_inventory_adjustments_1`)"}}
{"ts":"2026-09-17T10:01:22.316Z","level":"debug","scope":"sqlite","message":"query","meta":{"sql":"Executing (default): SELECT name FROM sqlite_master WHERE type='table' AND name='employees';"}}
{"ts":"2026-09-17T10:01:22.317Z","level":"debug","scope":"sqlite","message":"query","meta":{"sql":"Executing (default): PRAGMA INDEX_LIST(`employees`)"}}
{"ts":"2026-09-17T10:01:22.318Z","level":"debug","scope":"sqlite","message":"query","meta":{"sql":"Executing (default): PRAGMA INDEX_INFO(`sqlite_autoindex_employees_1`)"}}
{"ts":"2026-09-17T10:01:22.320Z","level":"debug","scope":"sqlite","message":"query","meta":{"sql":"Executing (default): SELECT name FROM sqlite_master WHERE type='table' AND name='quotations';"}}
{"ts":"2026-09-17T10:01:22.321Z","level":"debug","scope":"sqlite","message":"query","meta":{"sql":"Executing (default): PRAGMA INDEX_LIST(`quotations`)"}}
{"ts":"2026-09-17T10:01:22.324Z","level":"debug","scope":"sqlite","message":"query","meta":{"sql":"Executing (default): PRAGMA INDEX_INFO(`sqlite_autoindex_quotations_1`)"}}
{"ts":"2026-09-17T10:01:22.325Z","level":"debug","scope":"sqlite","message":"query","meta":{"sql":"Executing (default): PRAGMA INDEX_INFO(`quotations_quote_no_uk`)"}}
{"ts":"2026-09-17T10:01:22.327Z","level":"debug","scope":"sqlite","message":"query","meta":{"sql":"Executing (default): SELECT name FROM sqlite_master WHERE type='table' AND name='vendors';"}}
{"ts":"2026-09-17T10:01:22.332Z","level":"debug","scope":"sqlite","message":"query","meta":{"sql":"Executing (default): PRAGMA INDEX_LIST(`vendors`)"}}
{"ts":"2026-09-17T10:01:22.333Z","level":"debug","scope":"sqlite","message":"query","meta":{"sql":"Executing (default): PRAGMA INDEX_INFO(`sqlite_autoindex_vendors_1`)"}}
{"ts":"2026-09-17T10:01:22.335Z","level":"debug","scope":"sqlite","message":"query","meta":{"sql":"Executing (default): SELECT name FROM sqlite_master WHERE type='table' AND name='purchases';"}}
{"ts":"2026-09-17T10:01:22.336Z","level":"debug","scope":"sqlite","message":"query","meta":{"sql":"Executing (default): PRAGMA INDEX_LIST(`purchases`)"}}
{"ts":"2026-09-17T10:01:22.338Z","level":"debug","scope":"sqlite","message":"query","meta":{"sql":"Executing (default): PRAGMA INDEX_INFO(`sqlite_autoindex_purchases_1`)"}}
{"ts":"2026-09-17T10:01:22.341Z","level":"debug","scope":"sqlite","message":"query","meta":{"sql":"Executing (default): SELECT name FROM sqlite_master WHERE type='table' AND name='orders';"}}
{"ts":"2026-09-17T10:01:22.342Z","level":"debug","scope":"sqlite","message":"query","meta":{"sql":"Executing (default): PRAGMA INDEX_LIST(`orders`)"}}
{"ts":"2026-09-17T10:01:22.346Z","level":"debug","scope":"sqlite","message":"query","meta":{"sql":"Executing (default): PRAGMA INDEX_INFO(`sqlite_autoindex_orders_1`)"}}
{"ts":"2026-09-17T10:01:22.348Z","level":"debug","scope":"sqlite","message":"query","meta":{"sql":"Executing (default): PRAGMA INDEX_INFO(`orders_order_no_uk`)"}}
{"ts":"2026-09-17T10:01:22.350Z","level":"debug","scope":"sqlite","message":"query","meta":{"sql":"Executing (default): SELECT name FROM sqlite_master WHERE type='table' AND name='barcode_templates';"}}
{"ts":"2026-09-17T10:01:22.351Z","level":"debug","scope":"sqlite","message":"query","meta":{"sql":"Executing (default): PRAGMA INDEX_LIST(`barcode_templates`)"}}
{"ts":"2026-09-17T10:01:22.353Z","level":"debug","scope":"sqlite","message":"query","meta":{"sql":"Executing (default): PRAGMA INDEX_INFO(`sqlite_autoindex_barcode_templates_1`)"}}
{"ts":"2026-09-17T10:01:22.355Z","level":"debug","scope":"sqlite","message":"query","meta":{"sql":"Executing (default): SELECT name FROM sqlite_master WHERE type='table' AND name='settings';"}}
{"ts":"2026-09-17T10:01:22.357Z","level":"debug","scope":"sqlite","message":"query","meta":{"sql":"Executing (default): PRAGMA INDEX_LIST(`settings`)"}}
{"ts":"2026-09-17T10:01:22.358Z","level":"debug","scope":"sqlite","message":"query","meta":{"sql":"Executing (default): PRAGMA INDEX_INFO(`sqlite_autoindex_settings_1`)"}}
{"ts":"2026-09-17T10:01:22.359Z","level":"debug","scope":"sqlite","message":"query","meta":{"sql":"Executing (default): PRAGMA INDEX_INFO(`settings_new_key_uk`)"}}
{"ts":"2026-09-17T10:01:22.364Z","level":"debug","scope":"sqlite","message":"query","meta":{"sql":"Executing (default): SELECT name FROM sqlite_master WHERE type='table' AND name='shops';"}}
{"ts":"2026-09-17T10:01:22.366Z","level":"debug","scope":"sqlite","message":"query","meta":{"sql":"Executing (default): PRAGMA INDEX_LIST(`shops`)"}}
{"ts":"2026-09-17T10:01:22.368Z","level":"debug","scope":"sqlite","message":"query","meta":{"sql":"Executing (default): PRAGMA INDEX_INFO(`sqlite_autoindex_shops_1`)"}}
{"ts":"2026-09-17T10:01:22.369Z","level":"debug","scope":"sqlite","message":"query","meta":{"sql":"Executing (default): SELECT name FROM sqlite_master WHERE type='table' AND name='devices';"}}
{"ts":"2026-09-17T10:01:22.371Z","level":"debug","scope":"sqlite","message":"query","meta":{"sql":"Executing (default): PRAGMA INDEX_LIST(`devices`)"}}
{"ts":"2026-09-17T10:01:22.373Z","level":"debug","scope":"sqlite","message":"query","meta":{"sql":"Executing (default): PRAGMA INDEX_INFO(`sqlite_autoindex_devices_1`)"}}
{"ts":"2026-09-17T10:01:22.374Z","level":"debug","scope":"sqlite","message":"query","meta":{"sql":"Executing (default): PRAGMA INDEX_INFO(`sqlite_autoindex_devices_2`)"}}
{"ts":"2026-09-17T10:01:22.375Z","level":"debug","scope":"sqlite","message":"query","meta":{"sql":"Executing (default): PRAGMA INDEX_INFO(`devices_shop_id_device_identifier`)"}}
{"ts":"2026-09-17T10:01:22.376Z","level":"debug","scope":"sqlite","message":"query","meta":{"sql":"Executing (default): PRAGMA INDEX_INFO(`devices_shop_id_role`)"}}
{"ts":"2026-09-17T10:01:22.377Z","level":"debug","scope":"sqlite","message":"query","meta":{"sql":"Executing (default): PRAGMA INDEX_INFO(`devices_shop_id_status`)"}}
{"ts":"2026-09-17T10:01:22.383Z","level":"debug","scope":"sqlite","message":"query","meta":{"sql":"Executing (default): SELECT name FROM sqlite_master WHERE type='table' AND name='invoice_sequences';"}}
{"ts":"2026-09-17T10:01:22.385Z","level":"debug","scope":"sqlite","message":"query","meta":{"sql":"Executing (default): PRAGMA INDEX_LIST(`invoice_sequences`)"}}
{"ts":"2026-09-17T10:01:22.386Z","level":"debug","scope":"sqlite","message":"query","meta":{"sql":"Executing (default): PRAGMA INDEX_INFO(`sqlite_autoindex_invoice_sequences_1`)"}}
{"ts":"2026-09-17T10:01:22.387Z","level":"debug","scope":"sqlite","message":"query","meta":{"sql":"Executing (default): PRAGMA INDEX_INFO(`inv_seq_shop_date_prefix`)"}}
{"ts":"2026-09-17T10:01:22.388Z","level":"debug","scope":"sqlite","message":"query","meta":{"sql":"Executing (default): PRAGMA INDEX_INFO(`invoice_sequences_shop_id_sequence_date_prefix`)"}}
{"ts":"2026-09-17T10:01:22.390Z","level":"debug","scope":"sqlite","message":"query","meta":{"sql":"Executing (default): SELECT name FROM sqlite_master WHERE type='table' AND name='barcode_sequences';"}}
{"ts":"2026-09-17T10:01:22.391Z","level":"debug","scope":"sqlite","message":"query","meta":{"sql":"Executing (default): PRAGMA INDEX_LIST(`barcode_sequences`)"}}
{"ts":"2026-09-17T10:01:22.394Z","level":"debug","scope":"sqlite","message":"query","meta":{"sql":"Executing (default): PRAGMA INDEX_INFO(`sqlite_autoindex_barcode_sequences_1`)"}}
{"ts":"2026-09-17T10:01:22.397Z","level":"debug","scope":"sqlite","message":"query","meta":{"sql":"Executing (default): SELECT name FROM sqlite_master WHERE type='table' AND name='schema_meta';"}}
{"ts":"2026-09-17T10:01:22.399Z","level":"debug","scope":"sqlite","message":"query","meta":{"sql":"Executing (default): PRAGMA INDEX_LIST(`schema_meta`)"}}
{"ts":"2026-09-17T10:01:22.401Z","level":"debug","scope":"sqlite","message":"query","meta":{"sql":"Executing (default): PRAGMA INDEX_INFO(`sqlite_autoindex_schema_meta_1`)"}}
{"ts":"2026-09-17T10:01:22.402Z","level":"debug","scope":"sqlite","message":"query","meta":{"sql":"Executing (default): SELECT name FROM sqlite_master WHERE type='table' AND name='inventory_movements';"}}
{"ts":"2026-09-17T10:01:22.404Z","level":"debug","scope":"sqlite","message":"query","meta":{"sql":"Executing (default): PRAGMA INDEX_LIST(`inventory_movements`)"}}
{"ts":"2026-09-17T10:01:22.405Z","level":"debug","scope":"sqlite","message":"query","meta":{"sql":"Executing (default): PRAGMA INDEX_INFO(`sqlite_autoindex_inventory_movements_1`)"}}
{"ts":"2026-09-17T10:01:22.407Z","level":"debug","scope":"sqlite","message":"query","meta":{"sql":"Executing (default): PRAGMA INDEX_INFO(`inv_mov_product_idx`)"}}
{"ts":"2026-09-17T10:01:22.409Z","level":"debug","scope":"sqlite","message":"query","meta":{"sql":"Executing (default): SELECT name FROM sqlite_master WHERE type='table' AND name='sale_authorities';"}}
{"ts":"2026-09-17T10:01:22.413Z","level":"debug","scope":"sqlite","message":"query","meta":{"sql":"Executing (default): PRAGMA INDEX_LIST(`sale_authorities`)"}}
{"ts":"2026-09-17T10:01:22.415Z","level":"debug","scope":"sqlite","message":"query","meta":{"sql":"Executing (default): PRAGMA INDEX_INFO(`sqlite_autoindex_sale_authorities_1`)"}}
{"ts":"2026-09-17T10:01:22.417Z","level":"debug","scope":"sqlite","message":"query","meta":{"sql":"Executing (default): PRAGMA INDEX_INFO(`sa_one_granted_per_entity`)"}}
{"ts":"2026-09-17T10:01:22.417Z","level":"debug","scope":"sqlite","message":"query","meta":{"sql":"Executing (default): PRAGMA INDEX_INFO(`sale_authorities_request_id`)"}}
{"ts":"2026-09-17T10:01:22.418Z","level":"debug","scope":"sqlite","message":"query","meta":{"sql":"Executing (default): PRAGMA INDEX_INFO(`sale_authorities_shop_id_status_expires_at`)"}}
{"ts":"2026-09-17T10:01:22.419Z","level":"debug","scope":"sqlite","message":"query","meta":{"sql":"Executing (default): PRAGMA INDEX_INFO(`sale_authorities_device_id_status`)"}}
{"ts":"2026-09-17T10:01:22.421Z","level":"debug","scope":"sqlite","message":"query","meta":{"sql":"Executing (default): SELECT name FROM sqlite_master WHERE type='table' AND name='cluster_state';"}}
{"ts":"2026-09-17T10:01:22.423Z","level":"debug","scope":"sqlite","message":"query","meta":{"sql":"Executing (default): PRAGMA INDEX_LIST(`cluster_state`)"}}
{"ts":"2026-09-17T10:01:22.426Z","level":"debug","scope":"sqlite","message":"query","meta":{"sql":"Executing (default): PRAGMA INDEX_INFO(`sqlite_autoindex_cluster_state_1`)"}}
{"ts":"2026-09-17T10:01:22.429Z","level":"debug","scope":"sqlite","message":"query","meta":{"sql":"Executing (default): PRAGMA INDEX_INFO(`sqlite_autoindex_cluster_state_2`)"}}
{"ts":"2026-09-17T10:01:22.432Z","level":"debug","scope":"sqlite","message":"query","meta":{"sql":"Executing (default): SELECT name FROM sqlite_master WHERE type='table' AND name='event_log';"}}
{"ts":"2026-09-17T10:01:22.434Z","level":"debug","scope":"sqlite","message":"query","meta":{"sql":"Executing (default): PRAGMA INDEX_LIST(`event_log`)"}}
{"ts":"2026-09-17T10:01:22.435Z","level":"debug","scope":"sqlite","message":"query","meta":{"sql":"Executing (default): PRAGMA INDEX_INFO(`sqlite_autoindex_event_log_1`)"}}
{"ts":"2026-09-17T10:01:22.435Z","level":"debug","scope":"sqlite","message":"query","meta":{"sql":"Executing (default): PRAGMA INDEX_INFO(`event_log_shop_id_seq`)"}}
{"ts":"2026-09-17T10:01:22.436Z","level":"debug","scope":"sqlite","message":"query","meta":{"sql":"Executing (default): PRAGMA INDEX_INFO(`event_log_shop_id_operation_id`)"}}
{"ts":"2026-09-17T10:01:22.437Z","level":"debug","scope":"sqlite","message":"query","meta":{"sql":"Executing (default): PRAGMA INDEX_INFO(`event_log_shop_id_created_at`)"}}
{"ts":"2026-09-17T10:01:22.440Z","level":"debug","scope":"sqlite","message":"query","meta":{"sql":"Executing (default): SELECT name FROM sqlite_master WHERE type='table' AND name='operation_ledger';"}}
{"ts":"2026-09-17T10:01:22.441Z","level":"debug","scope":"sqlite","message":"query","meta":{"sql":"Executing (default): PRAGMA INDEX_LIST(`operation_ledger`)"}}
{"ts":"2026-09-17T10:01:22.443Z","level":"debug","scope":"sqlite","message":"query","meta":{"sql":"Executing (default): PRAGMA INDEX_INFO(`sqlite_autoindex_operation_ledger_1`)"}}
{"ts":"2026-09-17T10:01:22.444Z","level":"debug","scope":"sqlite","message":"query","meta":{"sql":"Executing (default): PRAGMA INDEX_INFO(`operation_ledger_shop_id_operation_type_created_at`)"}}
{"ts":"2026-09-17T10:01:22.448Z","level":"debug","scope":"sqlite","message":"query","meta":{"sql":"Executing (default): SELECT name FROM sqlite_master WHERE type='table' AND name='audit_events';"}}
{"ts":"2026-09-17T10:01:22.449Z","level":"debug","scope":"sqlite","message":"query","meta":{"sql":"Executing (default): PRAGMA INDEX_LIST(`audit_events`)"}}
{"ts":"2026-09-17T10:01:22.450Z","level":"debug","scope":"sqlite","message":"query","meta":{"sql":"Executing (default): PRAGMA INDEX_INFO(`sqlite_autoindex_audit_events_1`)"}}
{"ts":"2026-09-17T10:01:22.451Z","level":"debug","scope":"sqlite","message":"query","meta":{"sql":"Executing (default): PRAGMA INDEX_INFO(`audit_events_shop_id_seq`)"}}
{"ts":"2026-09-17T10:01:22.452Z","level":"debug","scope":"sqlite","message":"query","meta":{"sql":"Executing (default): PRAGMA INDEX_INFO(`audit_events_shop_id_created_at`)"}}
{"ts":"2026-09-17T10:01:22.455Z","level":"debug","scope":"sqlite","message":"query","meta":{"sql":"Executing (default): SELECT name FROM sqlite_master WHERE type='table' AND name='replica_acks';"}}
{"ts":"2026-09-17T10:01:22.457Z","level":"debug","scope":"sqlite","message":"query","meta":{"sql":"Executing (default): PRAGMA INDEX_LIST(`replica_acks`)"}}
{"ts":"2026-09-17T10:01:22.458Z","level":"debug","scope":"sqlite","message":"query","meta":{"sql":"Executing (default): PRAGMA INDEX_INFO(`sqlite_autoindex_replica_acks_1`)"}}
{"ts":"2026-09-17T10:01:22.459Z","level":"debug","scope":"sqlite","message":"query","meta":{"sql":"Executing (default): PRAGMA INDEX_INFO(`replica_acks_shop_id_event_seq_device_id`)"}}
{"ts":"2026-09-17T10:01:22.460Z","level":"debug","scope":"sqlite","message":"query","meta":{"sql":"Executing (default): PRAGMA INDEX_INFO(`replica_acks_shop_id_event_seq`)"}}
{"ts":"2026-09-17T10:01:22.465Z","level":"debug","scope":"sqlite","message":"query","meta":{"sql":"Executing (default): SELECT name FROM sqlite_master WHERE type='table' AND name='payments';"}}
{"ts":"2026-09-17T10:01:22.466Z","level":"debug","scope":"sqlite","message":"query","meta":{"sql":"Executing (default): PRAGMA INDEX_LIST(`payments`)"}}
{"ts":"2026-09-17T10:01:22.468Z","level":"debug","scope":"sqlite","message":"query","meta":{"sql":"Executing (default): PRAGMA INDEX_INFO(`sqlite_autoindex_payments_1`)"}}
{"ts":"2026-09-17T10:01:22.468Z","level":"debug","scope":"sqlite","message":"query","meta":{"sql":"Executing (default): PRAGMA INDEX_INFO(`payments_shop_id_invoice_id`)"}}
{"ts":"2026-09-17T10:01:22.469Z","level":"debug","scope":"sqlite","message":"query","meta":{"sql":"Executing (default): PRAGMA INDEX_INFO(`payments_shop_id_customer_id`)"}}
{"ts":"2026-09-17T10:01:22.470Z","level":"debug","scope":"sqlite","message":"query","meta":{"sql":"Executing (default): PRAGMA INDEX_INFO(`payments_request_id`)"}}
{"ts":"2026-09-17T10:01:22.474Z","level":"debug","scope":"sqlite","message":"query","meta":{"sql":"Executing (default): SELECT name FROM sqlite_master WHERE type='table' AND name='customer_advances';"}}
{"ts":"2026-09-17T10:01:22.475Z","level":"debug","scope":"sqlite","message":"query","meta":{"sql":"Executing (default): PRAGMA INDEX_LIST(`customer_advances`)"}}
{"ts":"2026-09-17T10:01:22.479Z","level":"debug","scope":"sqlite","message":"query","meta":{"sql":"Executing (default): PRAGMA INDEX_INFO(`sqlite_autoindex_customer_advances_1`)"}}
{"ts":"2026-09-17T10:01:22.480Z","level":"debug","scope":"sqlite","message":"query","meta":{"sql":"Executing (default): PRAGMA INDEX_INFO(`customer_advances_shop_id_customer_id_status`)"}}
{"ts":"2026-09-17T10:01:22.481Z","level":"debug","scope":"sqlite","message":"query","meta":{"sql":"Executing (default): PRAGMA INDEX_INFO(`customer_advances_request_id`)"}}
{"ts":"2026-09-17T10:01:22.484Z","level":"debug","scope":"sqlite","message":"query","meta":{"sql":"Executing (default): SELECT name FROM sqlite_master WHERE type='table' AND name='customer_advance_applications';"}}
{"ts":"2026-09-17T10:01:22.485Z","level":"debug","scope":"sqlite","message":"query","meta":{"sql":"Executing (default): PRAGMA INDEX_LIST(`customer_advance_applications`)"}}
{"ts":"2026-09-17T10:01:22.487Z","level":"debug","scope":"sqlite","message":"query","meta":{"sql":"Executing (default): PRAGMA INDEX_INFO(`sqlite_autoindex_customer_advance_applications_1`)"}}
{"ts":"2026-09-17T10:01:22.488Z","level":"debug","scope":"sqlite","message":"query","meta":{"sql":"Executing (default): PRAGMA INDEX_INFO(`customer_advance_applications_advance_id`)"}}
{"ts":"2026-09-17T10:01:22.489Z","level":"debug","scope":"sqlite","message":"query","meta":{"sql":"Executing (default): PRAGMA INDEX_INFO(`customer_advance_applications_invoice_id`)"}}
{"ts":"2026-09-17T10:01:22.489Z","level":"debug","scope":"sqlite","message":"query","meta":{"sql":"Executing (default): PRAGMA INDEX_INFO(`customer_advance_applications_request_id`)"}}
{"ts":"2026-09-17T10:01:22.491Z","level":"debug","scope":"sqlite","message":"query","meta":{"sql":"Executing (default): SELECT name FROM sqlite_master WHERE type='table' AND name='product_status_history';"}}
{"ts":"2026-09-17T10:01:22.495Z","level":"debug","scope":"sqlite","message":"query","meta":{"sql":"Executing (default): PRAGMA INDEX_LIST(`product_status_history`)"}}
{"ts":"2026-09-17T10:01:22.498Z","level":"debug","scope":"sqlite","message":"query","meta":{"sql":"Executing (default): PRAGMA INDEX_INFO(`sqlite_autoindex_product_status_history_1`)"}}
{"ts":"2026-09-17T10:01:22.499Z","level":"debug","scope":"sqlite","message":"query","meta":{"sql":"Executing (default): PRAGMA INDEX_INFO(`product_status_history_shop_id_product_id`)"}}
{"ts":"2026-09-17T10:01:22.500Z","level":"debug","scope":"sqlite","message":"query","meta":{"sql":"Executing (default): PRAGMA INDEX_INFO(`product_status_history_reference_type_reference_id`)"}}
{"ts":"2026-09-17T10:01:22.503Z","level":"debug","scope":"sqlite","message":"query","meta":{"sql":"Executing (default): SELECT name FROM sqlite_master WHERE type='table' AND name='chart_of_accounts';"}}
{"ts":"2026-09-17T10:01:22.505Z","level":"debug","scope":"sqlite","message":"query","meta":{"sql":"Executing (default): PRAGMA INDEX_LIST(`chart_of_accounts`)"}}
{"ts":"2026-09-17T10:01:22.506Z","level":"debug","scope":"sqlite","message":"query","meta":{"sql":"Executing (default): PRAGMA INDEX_INFO(`sqlite_autoindex_chart_of_accounts_1`)"}}
{"ts":"2026-09-17T10:01:22.507Z","level":"debug","scope":"sqlite","message":"query","meta":{"sql":"Executing (default): PRAGMA INDEX_INFO(`coa_shop_code_uk`)"}}
{"ts":"2026-09-17T10:01:22.508Z","level":"debug","scope":"sqlite","message":"query","meta":{"sql":"Executing (default): SELECT name FROM sqlite_master WHERE type='table' AND name='journal_entries';"}}
{"ts":"2026-09-17T10:01:22.513Z","level":"debug","scope":"sqlite","message":"query","meta":{"sql":"Executing (default): PRAGMA INDEX_LIST(`journal_entries`)"}}
{"ts":"2026-09-17T10:01:22.534Z","level":"debug","scope":"sqlite","message":"query","meta":{"sql":"Executing (default): PRAGMA INDEX_INFO(`sqlite_autoindex_journal_entries_1`)"}}
{"ts":"2026-09-17T10:01:22.536Z","level":"debug","scope":"sqlite","message":"query","meta":{"sql":"Executing (default): PRAGMA INDEX_INFO(`journal_entries_shop_id_entry_date`)"}}
{"ts":"2026-09-17T10:01:22.536Z","level":"debug","scope":"sqlite","message":"query","meta":{"sql":"Executing (default): PRAGMA INDEX_INFO(`journal_entries_source_type_source_id`)"}}
{"ts":"2026-09-17T10:01:22.537Z","level":"debug","scope":"sqlite","message":"query","meta":{"sql":"Executing (default): PRAGMA INDEX_INFO(`journal_entries_request_id`)"}}
{"ts":"2026-09-17T10:01:22.539Z","level":"debug","scope":"sqlite","message":"query","meta":{"sql":"Executing (default): SELECT name FROM sqlite_master WHERE type='table' AND name='journal_lines';"}}
{"ts":"2026-09-17T10:01:22.540Z","level":"debug","scope":"sqlite","message":"query","meta":{"sql":"Executing (default): PRAGMA INDEX_LIST(`journal_lines`)"}}
{"ts":"2026-09-17T10:01:22.542Z","level":"debug","scope":"sqlite","message":"query","meta":{"sql":"Executing (default): PRAGMA INDEX_INFO(`sqlite_autoindex_journal_lines_1`)"}}
{"ts":"2026-09-17T10:01:22.543Z","level":"debug","scope":"sqlite","message":"query","meta":{"sql":"Executing (default): PRAGMA INDEX_INFO(`journal_lines_journal_entry_id`)"}}
{"ts":"2026-09-17T10:01:22.546Z","level":"debug","scope":"sqlite","message":"query","meta":{"sql":"Executing (default): PRAGMA INDEX_INFO(`journal_lines_account_id`)"}}
{"ts":"2026-09-17T10:01:22.552Z","level":"debug","scope":"sqlite","message":"query","meta":{"sql":"Executing (default): SELECT name FROM sqlite_master WHERE type='table' AND name='shop_counters';"}}
{"ts":"2026-09-17T10:01:22.553Z","level":"debug","scope":"sqlite","message":"query","meta":{"sql":"Executing (default): PRAGMA INDEX_LIST(`shop_counters`)"}}
{"ts":"2026-09-17T10:01:22.554Z","level":"debug","scope":"sqlite","message":"query","meta":{"sql":"Executing (default): PRAGMA INDEX_INFO(`sqlite_autoindex_shop_counters_1`)"}}
{"ts":"2026-09-17T10:01:22.555Z","level":"debug","scope":"sqlite","message":"query","meta":{"sql":"Executing (default): PRAGMA INDEX_INFO(`shop_counters_shop_id_status`)"}}
{"ts":"2026-09-17T10:01:22.556Z","level":"debug","scope":"sqlite","message":"query","meta":{"sql":"Executing (default): SELECT name FROM sqlite_master WHERE type='table' AND name='credit_notes';"}}
{"ts":"2026-09-17T10:01:22.558Z","level":"debug","scope":"sqlite","message":"query","meta":{"sql":"Executing (default): PRAGMA INDEX_LIST(`credit_notes`)"}}
{"ts":"2026-09-17T10:01:22.562Z","level":"debug","scope":"sqlite","message":"query","meta":{"sql":"Executing (default): PRAGMA INDEX_INFO(`sqlite_autoindex_credit_notes_1`)"}}
{"ts":"2026-09-17T10:01:22.564Z","level":"debug","scope":"sqlite","message":"query","meta":{"sql":"Executing (default): PRAGMA INDEX_INFO(`credit_notes_shop_id_invoice_id`)"}}
{"ts":"2026-09-17T10:01:22.568Z","level":"debug","scope":"sqlite","message":"query","meta":{"sql":"Executing (default): PRAGMA INDEX_INFO(`credit_notes_no_uk`)"}}
{"ts":"2026-09-17T10:01:22.569Z","level":"debug","scope":"sqlite","message":"query","meta":{"sql":"Executing (default): PRAGMA INDEX_INFO(`credit_notes_request_id`)"}}
{"ts":"2026-09-17T10:01:22.571Z","level":"debug","scope":"sqlite","message":"query","meta":{"sql":"Executing (default): SELECT name FROM sqlite_master WHERE type='table' AND name='old_gold_receipts';"}}
{"ts":"2026-09-17T10:01:22.572Z","level":"debug","scope":"sqlite","message":"query","meta":{"sql":"Executing (default): PRAGMA INDEX_LIST(`old_gold_receipts`)"}}
{"ts":"2026-09-17T10:01:22.574Z","level":"debug","scope":"sqlite","message":"query","meta":{"sql":"Executing (default): PRAGMA INDEX_INFO(`sqlite_autoindex_old_gold_receipts_1`)"}}
{"ts":"2026-09-17T10:01:22.575Z","level":"debug","scope":"sqlite","message":"query","meta":{"sql":"Executing (default): PRAGMA INDEX_INFO(`old_gold_receipts_shop_id_invoice_id`)"}}
{"ts":"2026-09-17T10:01:22.578Z","level":"debug","scope":"sqlite","message":"query","meta":{"sql":"Executing (default): PRAGMA INDEX_INFO(`old_gold_receipt_no_uk`)"}}
{"ts":"2026-09-17T10:01:22.580Z","level":"debug","scope":"sqlite","message":"query","meta":{"sql":"Executing (default): PRAGMA INDEX_INFO(`old_gold_receipts_shop_id_old_gold_sale_id`)"}}
{"ts":"2026-09-17T10:01:22.585Z","level":"debug","scope":"sqlite","message":"query","meta":{"sql":"Executing (default): SELECT name FROM sqlite_master WHERE type='table' AND name='hsn_codes';"}}
{"ts":"2026-09-17T10:01:22.586Z","level":"debug","scope":"sqlite","message":"query","meta":{"sql":"Executing (default): PRAGMA INDEX_LIST(`hsn_codes`)"}}
{"ts":"2026-09-17T10:01:22.588Z","level":"debug","scope":"sqlite","message":"query","meta":{"sql":"Executing (default): PRAGMA INDEX_INFO(`sqlite_autoindex_hsn_codes_1`)"}}
{"ts":"2026-09-17T10:01:22.589Z","level":"debug","scope":"sqlite","message":"query","meta":{"sql":"Executing (default): PRAGMA INDEX_INFO(`hsn_shop_code_uk`)"}}
{"ts":"2026-09-17T10:01:22.591Z","level":"debug","scope":"sqlite","message":"query","meta":{"sql":"Executing (default): SELECT name FROM sqlite_master WHERE type='table' AND name='old_gold_sales';"}}
{"ts":"2026-09-17T10:01:22.593Z","level":"debug","scope":"sqlite","message":"query","meta":{"sql":"Executing (default): PRAGMA INDEX_LIST(`old_gold_sales`)"}}
{"ts":"2026-09-17T10:01:22.599Z","level":"debug","scope":"sqlite","message":"query","meta":{"sql":"Executing (default): PRAGMA INDEX_INFO(`sqlite_autoindex_old_gold_sales_1`)"}}
{"ts":"2026-09-17T10:01:22.600Z","level":"debug","scope":"sqlite","message":"query","meta":{"sql":"Executing (default): PRAGMA INDEX_INFO(`old_gold_sales_no_uk`)"}}
{"ts":"2026-09-17T10:01:22.600Z","level":"debug","scope":"sqlite","message":"query","meta":{"sql":"Executing (default): PRAGMA INDEX_INFO(`old_gold_sales_shop_id_business_date`)"}}
{"ts":"2026-09-17T10:01:22.601Z","level":"debug","scope":"sqlite","message":"query","meta":{"sql":"Executing (default): PRAGMA INDEX_INFO(`old_gold_sales_request_id`)"}}
{"ts":"2026-09-17T10:01:22.603Z","level":"debug","scope":"sqlite","message":"query","meta":{"sql":"Executing (default): SELECT name FROM sqlite_master WHERE type='table' AND name='draft_sales';"}}
{"ts":"2026-09-17T10:01:22.605Z","level":"debug","scope":"sqlite","message":"query","meta":{"sql":"Executing (default): PRAGMA INDEX_LIST(`draft_sales`)"}}
{"ts":"2026-09-17T10:01:22.607Z","level":"debug","scope":"sqlite","message":"query","meta":{"sql":"Executing (default): PRAGMA INDEX_INFO(`sqlite_autoindex_draft_sales_1`)"}}
{"ts":"2026-09-17T10:01:22.609Z","level":"debug","scope":"sqlite","message":"query","meta":{"sql":"Executing (default): SELECT name FROM sqlite_master WHERE type='table' AND name='purchase_items';"}}
{"ts":"2026-09-17T10:01:22.612Z","level":"debug","scope":"sqlite","message":"query","meta":{"sql":"Executing (default): PRAGMA INDEX_LIST(`purchase_items`)"}}
{"ts":"2026-09-17T10:01:22.615Z","level":"debug","scope":"sqlite","message":"query","meta":{"sql":"Executing (default): PRAGMA INDEX_INFO(`sqlite_autoindex_purchase_items_1`)"}}
{"ts":"2026-09-17T10:01:22.617Z","level":"debug","scope":"sqlite","message":"query","meta":{"sql":"Executing (default): SELECT name FROM sqlite_master WHERE type='table' AND name='cashbook_entries';"}}
{"ts":"2026-09-17T10:01:22.619Z","level":"debug","scope":"sqlite","message":"query","meta":{"sql":"Executing (default): PRAGMA INDEX_LIST(`cashbook_entries`)"}}
{"ts":"2026-09-17T10:01:22.620Z","level":"debug","scope":"sqlite","message":"query","meta":{"sql":"Executing (default): PRAGMA INDEX_INFO(`sqlite_autoindex_cashbook_entries_1`)"}}
{"ts":"2026-09-17T10:01:22.621Z","level":"debug","scope":"sqlite","message":"query","meta":{"sql":"Executing (default): PRAGMA INDEX_INFO(`cashbook_shop_date_idx`)"}}
{"ts":"2026-09-17T10:01:22.623Z","level":"debug","scope":"sqlite","message":"query","meta":{"sql":"Executing (default): PRAGMA INDEX_INFO(`cashbook_entries_shop_id_date`)"}}
{"ts":"2026-09-17T10:01:22.625Z","level":"debug","scope":"sqlite","message":"query","meta":{"sql":"Executing (default): SELECT name FROM sqlite_master WHERE type='table' AND name='metal_issues';"}}
{"ts":"2026-09-17T10:01:22.627Z","level":"debug","scope":"sqlite","message":"query","meta":{"sql":"Executing (default): PRAGMA INDEX_LIST(`metal_issues`)"}}
{"ts":"2026-09-17T10:01:22.632Z","level":"debug","scope":"sqlite","message":"query","meta":{"sql":"Executing (default): PRAGMA INDEX_INFO(`sqlite_autoindex_metal_issues_1`)"}}
{"ts":"2026-09-17T10:01:22.633Z","level":"debug","scope":"sqlite","message":"query","meta":{"sql":"Executing (default): PRAGMA INDEX_INFO(`metal_issues_shop_id_karigar_vendor_id`)"}}
{"ts":"2026-09-17T10:01:22.633Z","level":"debug","scope":"sqlite","message":"query","meta":{"sql":"Executing (default): PRAGMA INDEX_INFO(`metal_issues_order_id`)"}}
{"ts":"2026-09-17T10:01:22.635Z","level":"debug","scope":"sqlite","message":"query","meta":{"sql":"Executing (default): SELECT name FROM sqlite_master WHERE type='table' AND name='gold_rate_history';"}}
{"ts":"2026-09-17T10:01:22.640Z","level":"debug","scope":"sqlite","message":"query","meta":{"sql":"Executing (default): PRAGMA INDEX_LIST(`gold_rate_history`)"}}
{"ts":"2026-09-17T10:01:22.642Z","level":"debug","scope":"sqlite","message":"query","meta":{"sql":"Executing (default): PRAGMA INDEX_INFO(`sqlite_autoindex_gold_rate_history_1`)"}}
{"ts":"2026-09-17T10:01:22.643Z","level":"debug","scope":"sqlite","message":"query","meta":{"sql":"Executing (default): PRAGMA INDEX_INFO(`gold_rate_history_shop_id_created_at`)"}}
{"ts":"2026-09-17T10:01:22.649Z","level":"debug","scope":"sqlite","message":"query","meta":{"sql":"Executing (default): SELECT name FROM sqlite_master WHERE type='table' AND name='billing_rate_events';"}}
{"ts":"2026-09-17T10:01:22.650Z","level":"debug","scope":"sqlite","message":"query","meta":{"sql":"Executing (default): PRAGMA INDEX_LIST(`billing_rate_events`)"}}
{"ts":"2026-09-17T10:01:22.652Z","level":"debug","scope":"sqlite","message":"query","meta":{"sql":"Executing (default): PRAGMA INDEX_INFO(`sqlite_autoindex_billing_rate_events_1`)"}}
{"ts":"2026-09-17T10:01:22.653Z","level":"debug","scope":"sqlite","message":"query","meta":{"sql":"Executing (default): PRAGMA INDEX_INFO(`billing_rate_events_shop_id_created_at`)"}}
{"ts":"2026-09-17T10:01:22.654Z","level":"debug","scope":"sqlite","message":"query","meta":{"sql":"Executing (default): SELECT name FROM sqlite_master WHERE type='table' AND name='pure_products';"}}
{"ts":"2026-09-17T10:01:22.656Z","level":"debug","scope":"sqlite","message":"query","meta":{"sql":"Executing (default): PRAGMA INDEX_LIST(`pure_products`)"}}
{"ts":"2026-09-17T10:01:22.658Z","level":"debug","scope":"sqlite","message":"query","meta":{"sql":"Executing (default): PRAGMA INDEX_INFO(`sqlite_autoindex_pure_products_1`)"}}
{"ts":"2026-09-17T10:01:22.659Z","level":"debug","scope":"sqlite","message":"query","meta":{"sql":"Executing (default): PRAGMA INDEX_INFO(`pure_products_shop_metal_form_weight_uk`)"}}
{"ts":"2026-09-17T10:01:22.664Z","level":"debug","scope":"sqlite","message":"query","meta":{"sql":"Executing (default): SELECT name FROM sqlite_master WHERE type='table' AND name='bank_accounts';"}}
{"ts":"2026-09-17T10:01:22.666Z","level":"debug","scope":"sqlite","message":"query","meta":{"sql":"Executing (default): PRAGMA INDEX_LIST(`bank_accounts`)"}}
{"ts":"2026-09-17T10:01:22.667Z","level":"debug","scope":"sqlite","message":"query","meta":{"sql":"Executing (default): PRAGMA INDEX_INFO(`sqlite_autoindex_bank_accounts_1`)"}}
{"ts":"2026-09-17T10:01:22.668Z","level":"debug","scope":"sqlite","message":"query","meta":{"sql":"Executing (default): PRAGMA INDEX_INFO(`bank_accounts_shop_id_status`)"}}
{"ts":"2026-09-17T10:01:22.670Z","level":"debug","scope":"sqlite","message":"query","meta":{"sql":"Executing (default): SELECT name FROM sqlite_master WHERE type='table' AND name='bank_reconciliation_items';"}}
{"ts":"2026-09-17T10:01:22.671Z","level":"debug","scope":"sqlite","message":"query","meta":{"sql":"Executing (default): PRAGMA INDEX_LIST(`bank_reconciliation_items`)"}}
{"ts":"2026-09-17T10:01:22.673Z","level":"debug","scope":"sqlite","message":"query","meta":{"sql":"Executing (default): PRAGMA INDEX_INFO(`sqlite_autoindex_bank_reconciliation_items_1`)"}}
{"ts":"2026-09-17T10:01:22.674Z","level":"debug","scope":"sqlite","message":"query","meta":{"sql":"Executing (default): PRAGMA INDEX_INFO(`bank_reconciliation_items_shop_id_bank_account_id`)"}}
{"ts":"2026-09-17T10:01:22.676Z","level":"debug","scope":"sqlite","message":"query","meta":{"sql":"Executing (default): PRAGMA INDEX_INFO(`bank_reconciliation_items_journal_line_id`)"}}
{"ts":"2026-09-17T10:01:22.681Z","level":"debug","scope":"sqlite","message":"query","meta":{"sql":"Executing (default): SELECT name FROM sqlite_master WHERE type='table' AND name='barcode_stock_check_sessions';"}}
{"ts":"2026-09-17T10:01:22.683Z","level":"debug","scope":"sqlite","message":"query","meta":{"sql":"Executing (default): PRAGMA INDEX_LIST(`barcode_stock_check_sessions`)"}}
{"ts":"2026-09-17T10:01:22.684Z","level":"debug","scope":"sqlite","message":"query","meta":{"sql":"Executing (default): PRAGMA INDEX_INFO(`sqlite_autoindex_barcode_stock_check_sessions_1`)"}}
{"ts":"2026-09-17T10:01:22.685Z","level":"debug","scope":"sqlite","message":"query","meta":{"sql":"Executing (default): PRAGMA INDEX_INFO(`barcode_stock_check_sessions_shop_status_idx`)"}}
{"ts":"2026-09-17T10:01:22.687Z","level":"debug","scope":"sqlite","message":"query","meta":{"sql":"Executing (default): SELECT name FROM sqlite_master WHERE type='table' AND name='barcode_stock_check_scans';"}}
{"ts":"2026-09-17T10:01:22.688Z","level":"debug","scope":"sqlite","message":"query","meta":{"sql":"Executing (default): PRAGMA INDEX_LIST(`barcode_stock_check_scans`)"}}
{"ts":"2026-09-17T10:01:22.690Z","level":"debug","scope":"sqlite","message":"query","meta":{"sql":"Executing (default): PRAGMA INDEX_INFO(`sqlite_autoindex_barcode_stock_check_scans_1`)"}}
{"ts":"2026-09-17T10:01:22.690Z","level":"debug","scope":"sqlite","message":"query","meta":{"sql":"Executing (default): PRAGMA INDEX_INFO(`barcode_stock_check_scans_session_barcode_idx`)"}}
{"ts":"2026-09-17T10:01:22.692Z","level":"debug","scope":"sqlite","message":"query","meta":{"sql":"Executing (default): PRAGMA INDEX_INFO(`barcode_stock_check_scans_session_result_idx`)"}}
{"ts":"2026-09-17T10:01:22.696Z","level":"info","scope":"sqlite","message":"model sync complete"}
{"ts":"2026-09-17T10:01:22.705Z","level":"debug","scope":"sqlite","message":"query","meta":{"sql":"Executing (default): SELECT count(*) AS `count` FROM `shops` AS `Shop`;"}}
{"ts":"2026-09-17T10:01:22.798Z","level":"debug","scope":"sqlite","message":"query","meta":{"sql":"Executing (default): SELECT `id`, `name`, `code`, `gstin`, `phone`, `email`, `address`, `invoice_prefix`, `status`, `settings`, `created_at` AS `createdAt`, `updated_at` AS `updatedAt` FROM `shops` AS `Shop` WHERE `Shop`.`id` = '4ea2c175-6d55-44b9-a140-aa84b43e8379';"}}
{"ts":"2026-09-17T10:01:22.827Z","level":"debug","scope":"sqlite","message":"query","meta":{"sql":"Executing (default): SELECT count(*) AS `count` FROM `users` AS `User`;"}}
{"ts":"2026-09-17T10:01:22.845Z","level":"debug","scope":"sqlite","message":"query","meta":{"sql":"Executing (default): SELECT `id`, `email`, `name`, `password_hash`, `role`, `permissions`, `active`, `shop_id`, `version`, `deleted_at`, `origin_device_id`, `created_at` AS `createdAt`, `updated_at` AS `updatedAt` FROM `users` AS `User` WHERE `User`.`email` = 'slgt@erp';"}}
{"ts":"2026-09-17T10:01:22.866Z","level":"debug","scope":"sqlite","message":"query","meta":{"sql":"Executing (default): SELECT `id`, `key`, `value`, `shop_id`, `version`, `deleted_at`, `origin_device_id`, `created_at` AS `createdAt`, `updated_at` AS `updatedAt` FROM `settings` AS `Setting` WHERE `Setting`.`key` = 'shop_join_code';"}}
{"ts":"2026-09-17T10:01:22.869Z","level":"debug","scope":"sqlite","message":"query","meta":{"sql":"Executing (default): SELECT count(*) AS `count` FROM `settings` AS `Setting`;"}}
{"ts":"2026-09-17T10:01:22.874Z","level":"debug","scope":"sqlite","message":"query","meta":{"sql":"Executing (default): SELECT `id`, `type`, `name`, `code`, `description`, `color`, `meta`, `is_system`, `shop_id`, `version`, `deleted_at`, `origin_device_id`, `created_at` AS `createdAt`, `updated_at` AS `updatedAt` FROM `catalog_items` AS `CatalogItem` WHERE `CatalogItem`.`type` = 'metal_type' AND `CatalogItem`.`deleted_at` IS NULL AND `CatalogItem`.`code` IN ('GOLD', 'gold') LIMIT 1;"}}
{"ts":"2026-09-17T10:01:22.882Z","level":"debug","scope":"sqlite","message":"query","meta":{"sql":"Executing (default): SELECT `id`, `type`, `name`, `code`, `description`, `color`, `meta`, `is_system`, `shop_id`, `version`, `deleted_at`, `origin_device_id`, `created_at` AS `createdAt`, `updated_at` AS `updatedAt` FROM `catalog_items` AS `CatalogItem` WHERE `CatalogItem`.`type` = 'metal_type' AND `CatalogItem`.`deleted_at` IS NULL AND `CatalogItem`.`code` IN ('SILVER', 'silver') LIMIT 1;"}}
{"ts":"2026-09-17T10:01:22.886Z","level":"debug","scope":"sqlite","message":"query","meta":{"sql":"Executing (default): SELECT `id`, `type`, `name`, `code`, `description`, `color`, `meta`, `is_system`, `shop_id`, `version`, `deleted_at`, `origin_device_id`, `created_at` AS `createdAt`, `updated_at` AS `updatedAt` FROM `catalog_items` AS `CatalogItem` WHERE `CatalogItem`.`type` = 'unit' AND `CatalogItem`.`deleted_at` IS NULL AND `CatalogItem`.`code` IN ('g', 'G', 'gram', 'GRAM', 'grams', 'GRAMS') LIMIT 1;"}}
{"ts":"2026-09-17T10:01:22.890Z","level":"debug","scope":"sqlite","message":"query","meta":{"sql":"Executing (default): SELECT `id`, `type`, `name`, `code`, `description`, `color`, `meta`, `is_system`, `shop_id`, `version`, `deleted_at`, `origin_device_id`, `created_at` AS `createdAt`, `updated_at` AS `updatedAt` FROM `catalog_items` AS `CatalogItem` WHERE `CatalogItem`.`type` = 'unit' AND `CatalogItem`.`deleted_at` IS NULL AND `CatalogItem`.`code` IN ('pc', 'PC', 'piece', 'PIECE', 'pcs', 'PCS') LIMIT 1;"}}
{"ts":"2026-09-17T10:01:22.893Z","level":"debug","scope":"sqlite","message":"query","meta":{"sql":"Executing (default): SELECT `id`, `type`, `name`, `code`, `description`, `color`, `meta`, `is_system`, `shop_id`, `version`, `deleted_at`, `origin_device_id`, `created_at` AS `createdAt`, `updated_at` AS `updatedAt` FROM `catalog_items` AS `CatalogItem` WHERE `CatalogItem`.`type` = 'unit' AND `CatalogItem`.`deleted_at` IS NULL AND `CatalogItem`.`code` IN ('tray', 'TRAY') LIMIT 1;"}}
{"ts":"2026-09-17T10:01:22.898Z","level":"debug","scope":"sqlite","message":"query","meta":{"sql":"Executing (default): SELECT `id`, `type`, `name`, `code`, `description`, `color`, `meta`, `is_system`, `shop_id`, `version`, `deleted_at`, `origin_device_id`, `created_at` AS `createdAt`, `updated_at` AS `updatedAt` FROM `catalog_items` AS `CatalogItem` WHERE `CatalogItem`.`type` = 'purity' AND `CatalogItem`.`deleted_at` IS NULL AND `CatalogItem`.`code` IN ('18K', '18k') LIMIT 1;"}}
{"ts":"2026-09-17T10:01:22.916Z","level":"debug","scope":"sqlite","message":"query","meta":{"sql":"Executing (default): UPDATE `catalog_items` SET `meta`=$1,`updated_at`=$2 WHERE `id` = $3"}}
{"ts":"2026-09-17T10:01:22.925Z","level":"debug","scope":"sqlite","message":"query","meta":{"sql":"Executing (default): SELECT `id`, `type`, `name`, `code`, `description`, `color`, `meta`, `is_system`, `shop_id`, `version`, `deleted_at`, `origin_device_id`, `created_at` AS `createdAt`, `updated_at` AS `updatedAt` FROM `catalog_items` AS `CatalogItem` WHERE `CatalogItem`.`type` = 'purity' AND `CatalogItem`.`deleted_at` IS NULL AND `CatalogItem`.`code` IN ('22K', '22k', '22K BIS916', '22k bis916') LIMIT 1;"}}
{"ts":"2026-09-17T10:01:22.931Z","level":"debug","scope":"sqlite","message":"query","meta":{"sql":"Executing (default): UPDATE `catalog_items` SET `meta`=$1,`updated_at`=$2 WHERE `id` = $3"}}
{"ts":"2026-09-17T10:01:22.935Z","level":"debug","scope":"sqlite","message":"query","meta":{"sql":"Executing (default): SELECT `id`, `type`, `name`, `code`, `description`, `color`, `meta`, `is_system`, `shop_id`, `version`, `deleted_at`, `origin_device_id`, `created_at` AS `createdAt`, `updated_at` AS `updatedAt` FROM `catalog_items` AS `CatalogItem` WHERE `CatalogItem`.`type` = 'purity' AND `CatalogItem`.`deleted_at` IS NULL AND `CatalogItem`.`code` IN ('24K', '24k') LIMIT 1;"}}
{"ts":"2026-09-17T10:01:22.939Z","level":"debug","scope":"sqlite","message":"query","meta":{"sql":"Executing (default): UPDATE `catalog_items` SET `meta`=$1,`updated_at`=$2 WHERE `id` = $3"}}
{"ts":"2026-09-17T10:01:22.944Z","level":"debug","scope":"sqlite","message":"query","meta":{"sql":"Executing (default): SELECT `id`, `type`, `name`, `code`, `description`, `color`, `meta`, `is_system`, `shop_id`, `version`, `deleted_at`, `origin_device_id`, `created_at` AS `createdAt`, `updated_at` AS `updatedAt` FROM `catalog_items` AS `CatalogItem` WHERE `CatalogItem`.`type` = 'purity' AND `CatalogItem`.`deleted_at` IS NULL AND `CatalogItem`.`code` IN ('999') LIMIT 1;"}}
{"ts":"2026-09-17T10:01:22.951Z","level":"debug","scope":"sqlite","message":"query","meta":{"sql":"Executing (default): UPDATE `catalog_items` SET `meta`=$1,`updated_at`=$2 WHERE `id` = $3"}}
{"ts":"2026-09-17T10:01:22.955Z","level":"debug","scope":"sqlite","message":"query","meta":{"sql":"Executing (default): SELECT `id`, `type`, `name`, `code`, `description`, `color`, `meta`, `is_system`, `shop_id`, `version`, `deleted_at`, `origin_device_id`, `created_at` AS `createdAt`, `updated_at` AS `updatedAt` FROM `catalog_items` AS `CatalogItem` WHERE `CatalogItem`.`type` = 'purity' AND `CatalogItem`.`deleted_at` IS NULL AND `CatalogItem`.`code` IN ('925', 'S925', 's925') LIMIT 1;"}}
{"ts":"2026-09-17T10:01:22.959Z","level":"debug","scope":"sqlite","message":"query","meta":{"sql":"Executing (default): UPDATE `catalog_items` SET `meta`=$1,`updated_at`=$2 WHERE `id` = $3"}}
{"ts":"2026-09-17T10:01:22.970Z","level":"debug","scope":"sqlite","message":"query","meta":{"sql":"Executing (default): SELECT `id`, `key`, `value`, `shop_id`, `version`, `deleted_at`, `origin_device_id`, `created_at` AS `createdAt`, `updated_at` AS `updatedAt` FROM `settings` AS `Setting` WHERE `Setting`.`key` = 'lan_coordination_secret';"}}
{"ts":"2026-09-17T10:01:22.974Z","level":"debug","scope":"sqlite","message":"query","meta":{"sql":"Executing (default): SELECT `id`, `key`, `value`, `shop_id`, `version`, `deleted_at`, `origin_device_id`, `created_at` AS `createdAt`, `updated_at` AS `updatedAt` FROM `settings` AS `Setting` WHERE `Setting`.`key` = 'lan_coordination_secret';"}}
{"ts":"2026-09-17T10:01:22.980Z","level":"debug","scope":"sqlite","message":"query","meta":{"sql":"Executing (default): UPDATE `settings` SET `value`=$1,`updated_at`=$2 WHERE `id` = $3"}}
{"ts":"2026-09-17T10:01:22.988Z","level":"debug","scope":"sqlite","message":"query","meta":{"sql":"Executing (default): SELECT `id` FROM `shops` AS `Shop`;"}}
{"ts":"2026-09-17T10:01:22.992Z","level":"debug","scope":"sqlite","message":"query","meta":{"sql":"Executing (default): SELECT `id`, `name`, `code`, `gstin`, `phone`, `email`, `address`, `invoice_prefix`, `status`, `settings`, `created_at` AS `createdAt`, `updated_at` AS `updatedAt` FROM `shops` AS `Shop` WHERE `Shop`.`id` = '4ea2c175-6d55-44b9-a140-aa84b43e8379';"}}
{"ts":"2026-09-17T10:01:22.998Z","level":"debug","scope":"sqlite","message":"query","meta":{"sql":"Executing (default): SELECT `id`, `key`, `value`, `shop_id`, `version`, `deleted_at`, `origin_device_id`, `created_at` AS `createdAt`, `updated_at` AS `updatedAt` FROM `settings` AS `Setting` WHERE `Setting`.`key` = 'erp_opening_setup_complete:4045a134-66e1-44a2-92fd-d5b92b21aca9';"}}
{"ts":"2026-09-17T10:01:23.004Z","level":"debug","scope":"sqlite","message":"query","meta":{"sql":"Executing (default): SELECT `id`, `key`, `value`, `shop_id`, `version`, `deleted_at`, `origin_device_id`, `created_at` AS `createdAt`, `updated_at` AS `updatedAt` FROM `settings` AS `Setting` WHERE `Setting`.`key` = 'erp_opening_setup_complete';"}}
{"ts":"2026-09-17T10:01:23.008Z","level":"debug","scope":"sqlite","message":"query","meta":{"sql":"Executing (default): SELECT `id`, `created_at`, `entry_date` FROM `journal_entries` AS `JournalEntry` WHERE `JournalEntry`.`shop_id` = '4045a134-66e1-44a2-92fd-d5b92b21aca9' AND `JournalEntry`.`source_type` = 'opening_balance' ORDER BY `JournalEntry`.`created_at` ASC LIMIT 1;"}}
{"ts":"2026-09-17T10:01:23.013Z","level":"debug","scope":"sqlite","message":"query","meta":{"sql":"Executing (default): SELECT `id`, `key`, `value`, `shop_id`, `version`, `deleted_at`, `origin_device_id`, `created_at` AS `createdAt`, `updated_at` AS `updatedAt` FROM `settings` AS `Setting` WHERE `Setting`.`key` = 'erp_opening_setup_complete:4045a134-66e1-44a2-92fd-d5b92b21aca9';"}}
{"ts":"2026-09-17T10:01:23.017Z","level":"debug","scope":"sqlite","message":"query","meta":{"sql":"Executing (default): SELECT `id`, `key`, `value`, `shop_id`, `version`, `deleted_at`, `origin_device_id`, `created_at` AS `createdAt`, `updated_at` AS `updatedAt` FROM `settings` AS `Setting` WHERE `Setting`.`key` = 'erp_opening_setup_complete';"}}
{"ts":"2026-09-17T10:01:23.018Z","level":"debug","scope":"sqlite","message":"query","meta":{"sql":"Executing (default): SELECT name FROM sqlite_master WHERE type='table' AND name = 'journal_entries'"}}
{"ts":"2026-09-17T10:01:23.020Z","level":"debug","scope":"sqlite","message":"query","meta":{"sql":"Executing (default): PRAGMA table_info(\"journal_entries\")"}}
{"ts":"2026-09-17T10:01:23.022Z","level":"debug","scope":"sqlite","message":"query","meta":{"sql":"Executing (default): UPDATE journal_entries SET financial_mode = 'LIVE'\n         WHERE shop_id = '4045a134-66e1-44a2-92fd-d5b92b21aca9' AND financial_mode IS NULL AND (source_type = 'opening_balance' OR is_opening = 1)"}}
{"ts":"2026-09-17T10:01:23.024Z","level":"debug","scope":"sqlite","message":"query","meta":{"sql":"Executing (default): UPDATE journal_entries SET financial_mode = 'PRE_ACCOUNTS'\n           WHERE shop_id = '4045a134-66e1-44a2-92fd-d5b92b21aca9' AND financial_mode IS NULL"}}
{"ts":"2026-09-17T10:01:23.026Z","level":"debug","scope":"sqlite","message":"query","meta":{"sql":"Executing (default): SELECT name FROM sqlite_master WHERE type='table' AND name = 'invoices'"}}
{"ts":"2026-09-17T10:01:23.029Z","level":"debug","scope":"sqlite","message":"query","meta":{"sql":"Executing (default): PRAGMA table_info(\"invoices\")"}}
{"ts":"2026-09-17T10:01:23.032Z","level":"debug","scope":"sqlite","message":"query","meta":{"sql":"Executing (default): UPDATE invoices SET financial_mode = 'PRE_ACCOUNTS'\n           WHERE financial_mode IS NULL AND shop_id = '4045a134-66e1-44a2-92fd-d5b92b21aca9'"}}
{"ts":"2026-09-17T10:01:23.035Z","level":"debug","scope":"sqlite","message":"query","meta":{"sql":"Executing (default): SELECT name FROM sqlite_master WHERE type='table' AND name = 'payments'"}}
{"ts":"2026-09-17T10:01:23.036Z","level":"debug","scope":"sqlite","message":"query","meta":{"sql":"Executing (default): PRAGMA table_info(\"payments\")"}}
{"ts":"2026-09-17T10:01:23.038Z","level":"debug","scope":"sqlite","message":"query","meta":{"sql":"Executing (default): UPDATE payments SET financial_mode = 'PRE_ACCOUNTS'\n           WHERE financial_mode IS NULL AND shop_id = '4045a134-66e1-44a2-92fd-d5b92b21aca9'"}}
{"ts":"2026-09-17T10:01:23.039Z","level":"debug","scope":"sqlite","message":"query","meta":{"sql":"Executing (default): SELECT name FROM sqlite_master WHERE type='table' AND name = 'expenses'"}}
{"ts":"2026-09-17T10:01:23.041Z","level":"debug","scope":"sqlite","message":"query","meta":{"sql":"Executing (default): PRAGMA table_info(\"expenses\")"}}
{"ts":"2026-09-17T10:01:23.043Z","level":"debug","scope":"sqlite","message":"query","meta":{"sql":"Executing (default): UPDATE expenses SET financial_mode = 'PRE_ACCOUNTS'\n           WHERE financial_mode IS NULL AND shop_id = '4045a134-66e1-44a2-92fd-d5b92b21aca9'"}}
{"ts":"2026-09-17T10:01:23.046Z","level":"debug","scope":"sqlite","message":"query","meta":{"sql":"Executing (default): SELECT name FROM sqlite_master WHERE type='table' AND name = 'purchases'"}}
{"ts":"2026-09-17T10:01:23.049Z","level":"debug","scope":"sqlite","message":"query","meta":{"sql":"Executing (default): PRAGMA table_info(\"purchases\")"}}
{"ts":"2026-09-17T10:01:23.051Z","level":"debug","scope":"sqlite","message":"query","meta":{"sql":"Executing (default): UPDATE purchases SET financial_mode = 'PRE_ACCOUNTS'\n           WHERE financial_mode IS NULL AND shop_id = '4045a134-66e1-44a2-92fd-d5b92b21aca9'"}}
{"ts":"2026-09-17T10:01:23.052Z","level":"debug","scope":"sqlite","message":"query","meta":{"sql":"Executing (default): SELECT name FROM sqlite_master WHERE type='table' AND name = 'customer_advances'"}}
{"ts":"2026-09-17T10:01:23.054Z","level":"debug","scope":"sqlite","message":"query","meta":{"sql":"Executing (default): PRAGMA table_info(\"customer_advances\")"}}
{"ts":"2026-09-17T10:01:23.056Z","level":"debug","scope":"sqlite","message":"query","meta":{"sql":"Executing (default): UPDATE customer_advances SET financial_mode = 'PRE_ACCOUNTS'\n           WHERE financial_mode IS NULL AND shop_id = '4045a134-66e1-44a2-92fd-d5b92b21aca9'"}}
{"ts":"2026-09-17T10:01:23.058Z","level":"debug","scope":"sqlite","message":"query","meta":{"sql":"Executing (default): SELECT name FROM sqlite_master WHERE type='table' AND name = 'customer_advance_applications'"}}
{"ts":"2026-09-17T10:01:23.059Z","level":"debug","scope":"sqlite","message":"query","meta":{"sql":"Executing (default): PRAGMA table_info(\"customer_advance_applications\")"}}
{"ts":"2026-09-17T10:01:23.061Z","level":"debug","scope":"sqlite","message":"query","meta":{"sql":"Executing (default): UPDATE customer_advance_applications SET financial_mode = 'PRE_ACCOUNTS'\n           WHERE financial_mode IS NULL AND shop_id = '4045a134-66e1-44a2-92fd-d5b92b21aca9'"}}
{"ts":"2026-09-17T10:01:23.066Z","level":"debug","scope":"sqlite","message":"query","meta":{"sql":"Executing (default): SELECT name FROM sqlite_master WHERE type='table' AND name = 'quotations'"}}
{"ts":"2026-09-17T10:01:23.067Z","level":"debug","scope":"sqlite","message":"query","meta":{"sql":"Executing (default): PRAGMA table_info(\"quotations\")"}}
{"ts":"2026-09-17T10:01:23.069Z","level":"debug","scope":"sqlite","message":"query","meta":{"sql":"Executing (default): UPDATE quotations SET financial_mode = 'PRE_ACCOUNTS'\n           WHERE financial_mode IS NULL AND shop_id = '4045a134-66e1-44a2-92fd-d5b92b21aca9'"}}
{"ts":"2026-09-17T10:01:23.070Z","level":"debug","scope":"sqlite","message":"query","meta":{"sql":"Executing (default): SELECT name FROM sqlite_master WHERE type='table' AND name = 'credit_notes'"}}
{"ts":"2026-09-17T10:01:23.072Z","level":"debug","scope":"sqlite","message":"query","meta":{"sql":"Executing (default): PRAGMA table_info(\"credit_notes\")"}}
{"ts":"2026-09-17T10:01:23.074Z","level":"debug","scope":"sqlite","message":"query","meta":{"sql":"Executing (default): UPDATE credit_notes SET financial_mode = 'PRE_ACCOUNTS'\n           WHERE financial_mode IS NULL AND shop_id = '4045a134-66e1-44a2-92fd-d5b92b21aca9'"}}
{"ts":"2026-09-17T10:01:23.075Z","level":"debug","scope":"sqlite","message":"query","meta":{"sql":"Executing (default): SELECT name FROM sqlite_master WHERE type='table' AND name = 'old_gold_receipts'"}}
{"ts":"2026-09-17T10:01:23.077Z","level":"debug","scope":"sqlite","message":"query","meta":{"sql":"Executing (default): PRAGMA table_info(\"old_gold_receipts\")"}}
{"ts":"2026-09-17T10:01:23.082Z","level":"debug","scope":"sqlite","message":"query","meta":{"sql":"Executing (default): UPDATE old_gold_receipts SET financial_mode = 'PRE_ACCOUNTS'\n           WHERE financial_mode IS NULL AND shop_id = '4045a134-66e1-44a2-92fd-d5b92b21aca9'"}}
{"ts":"2026-09-17T10:01:23.084Z","level":"debug","scope":"sqlite","message":"query","meta":{"sql":"Executing (default): SELECT name FROM sqlite_master WHERE type='table' AND name = 'cashbook_entries'"}}
{"ts":"2026-09-17T10:01:23.086Z","level":"debug","scope":"sqlite","message":"query","meta":{"sql":"Executing (default): PRAGMA table_info(\"cashbook_entries\")"}}
{"ts":"2026-09-17T10:01:23.089Z","level":"debug","scope":"sqlite","message":"query","meta":{"sql":"Executing (default): UPDATE cashbook_entries SET financial_mode = 'PRE_ACCOUNTS'\n           WHERE financial_mode IS NULL AND shop_id = '4045a134-66e1-44a2-92fd-d5b92b21aca9'"}}
{"ts":"2026-09-17T10:01:23.090Z","level":"debug","scope":"sqlite","message":"query","meta":{"sql":"Executing (default): SELECT name FROM sqlite_master WHERE type='table' AND name = 'schemes'"}}
{"ts":"2026-09-17T10:01:23.092Z","level":"debug","scope":"sqlite","message":"query","meta":{"sql":"Executing (default): PRAGMA table_info(\"schemes\")"}}
{"ts":"2026-09-17T10:01:23.094Z","level":"debug","scope":"sqlite","message":"query","meta":{"sql":"Executing (default): UPDATE schemes SET financial_mode = 'PRE_ACCOUNTS'\n           WHERE financial_mode IS NULL AND shop_id = '4045a134-66e1-44a2-92fd-d5b92b21aca9'"}}
{"ts":"2026-09-17T10:01:23.098Z","level":"debug","scope":"sqlite","message":"query","meta":{"sql":"Executing (default): SELECT name FROM sqlite_master WHERE type='table' AND name = 'orders'"}}
{"ts":"2026-09-17T10:01:23.100Z","level":"debug","scope":"sqlite","message":"query","meta":{"sql":"Executing (default): PRAGMA table_info(\"orders\")"}}
{"ts":"2026-09-17T10:01:23.101Z","level":"debug","scope":"sqlite","message":"query","meta":{"sql":"Executing (default): UPDATE orders SET financial_mode = 'PRE_ACCOUNTS'\n           WHERE financial_mode IS NULL AND shop_id = '4045a134-66e1-44a2-92fd-d5b92b21aca9'"}}
{"ts":"2026-09-17T10:01:23.103Z","level":"debug","scope":"sqlite","message":"query","meta":{"sql":"Executing (default): SELECT `id`, `key`, `value`, `shop_id`, `version`, `deleted_at`, `origin_device_id`, `created_at` AS `createdAt`, `updated_at` AS `updatedAt` FROM `settings` AS `Setting` WHERE `Setting`.`key` = 'erp_opening_setup_complete:4ea2c175-6d55-44b9-a140-aa84b43e8379';"}}
{"ts":"2026-09-17T10:01:23.106Z","level":"debug","scope":"sqlite","message":"query","meta":{"sql":"Executing (default): SELECT name FROM sqlite_master WHERE type='table' AND name = 'journal_entries'"}}
{"ts":"2026-09-17T10:01:23.108Z","level":"debug","scope":"sqlite","message":"query","meta":{"sql":"Executing (default): PRAGMA table_info(\"journal_entries\")"}}
{"ts":"2026-09-17T10:01:23.110Z","level":"debug","scope":"sqlite","message":"query","meta":{"sql":"Executing (default): UPDATE journal_entries SET financial_mode = 'LIVE'\n         WHERE shop_id = '4ea2c175-6d55-44b9-a140-aa84b43e8379' AND financial_mode IS NULL AND (source_type = 'opening_balance' OR is_opening = 1)"}}
{"ts":"2026-09-17T10:01:23.114Z","level":"debug","scope":"sqlite","message":"query","meta":{"sql":"Executing (default): UPDATE journal_entries SET financial_mode = 'PRE_ACCOUNTS'\n           WHERE shop_id = '4ea2c175-6d55-44b9-a140-aa84b43e8379' AND financial_mode IS NULL AND created_at < '2026-09-16T10:37:51.211Z'"}}
{"ts":"2026-09-17T10:01:23.116Z","level":"debug","scope":"sqlite","message":"query","meta":{"sql":"Executing (default): UPDATE journal_entries SET financial_mode = 'LIVE'\n           WHERE shop_id = '4ea2c175-6d55-44b9-a140-aa84b43e8379' AND financial_mode IS NULL AND created_at >= '2026-09-16T10:37:51.211Z'"}}
{"ts":"2026-09-17T10:01:23.118Z","level":"debug","scope":"sqlite","message":"query","meta":{"sql":"Executing (default): SELECT name FROM sqlite_master WHERE type='table' AND name = 'invoices'"}}
{"ts":"2026-09-17T10:01:23.119Z","level":"debug","scope":"sqlite","message":"query","meta":{"sql":"Executing (default): PRAGMA table_info(\"invoices\")"}}
{"ts":"2026-09-17T10:01:23.121Z","level":"debug","scope":"sqlite","message":"query","meta":{"sql":"Executing (default): UPDATE invoices SET financial_mode = 'PRE_ACCOUNTS'\n           WHERE financial_mode IS NULL AND (shop_id = '4ea2c175-6d55-44b9-a140-aa84b43e8379' OR shop_id IS NULL) AND created_at < '2026-09-16T10:37:51.211Z'"}}
{"ts":"2026-09-17T10:01:23.123Z","level":"debug","scope":"sqlite","message":"query","meta":{"sql":"Executing (default): UPDATE invoices SET financial_mode = 'LIVE'\n           WHERE financial_mode IS NULL AND (shop_id = '4ea2c175-6d55-44b9-a140-aa84b43e8379' OR shop_id IS NULL) AND created_at >= '2026-09-16T10:37:51.211Z'"}}
{"ts":"2026-09-17T10:01:23.126Z","level":"debug","scope":"sqlite","message":"query","meta":{"sql":"Executing (default): SELECT name FROM sqlite_master WHERE type='table' AND name = 'payments'"}}
{"ts":"2026-09-17T10:01:23.128Z","level":"debug","scope":"sqlite","message":"query","meta":{"sql":"Executing (default): PRAGMA table_info(\"payments\")"}}
{"ts":"2026-09-17T10:01:23.132Z","level":"debug","scope":"sqlite","message":"query","meta":{"sql":"Executing (default): UPDATE payments SET financial_mode = 'PRE_ACCOUNTS'\n           WHERE financial_mode IS NULL AND (shop_id = '4ea2c175-6d55-44b9-a140-aa84b43e8379' OR shop_id IS NULL) AND created_at < '2026-09-16T10:37:51.211Z'"}}
{"ts":"2026-09-17T10:01:23.134Z","level":"debug","scope":"sqlite","message":"query","meta":{"sql":"Executing (default): UPDATE payments SET financial_mode = 'LIVE'\n           WHERE financial_mode IS NULL AND (shop_id = '4ea2c175-6d55-44b9-a140-aa84b43e8379' OR shop_id IS NULL) AND created_at >= '2026-09-16T10:37:51.211Z'"}}
{"ts":"2026-09-17T10:01:23.136Z","level":"debug","scope":"sqlite","message":"query","meta":{"sql":"Executing (default): SELECT name FROM sqlite_master WHERE type='table' AND name = 'expenses'"}}
{"ts":"2026-09-17T10:01:23.137Z","level":"debug","scope":"sqlite","message":"query","meta":{"sql":"Executing (default): PRAGMA table_info(\"expenses\")"}}
{"ts":"2026-09-17T10:01:23.138Z","level":"debug","scope":"sqlite","message":"query","meta":{"sql":"Executing (default): UPDATE expenses SET financial_mode = 'PRE_ACCOUNTS'\n           WHERE financial_mode IS NULL AND (shop_id = '4ea2c175-6d55-44b9-a140-aa84b43e8379' OR shop_id IS NULL) AND created_at < '2026-09-16T10:37:51.211Z'"}}
{"ts":"2026-09-17T10:01:23.141Z","level":"debug","scope":"sqlite","message":"query","meta":{"sql":"Executing (default): UPDATE expenses SET financial_mode = 'LIVE'\n           WHERE financial_mode IS NULL AND (shop_id = '4ea2c175-6d55-44b9-a140-aa84b43e8379' OR shop_id IS NULL) AND created_at >= '2026-09-16T10:37:51.211Z'"}}
{"ts":"2026-09-17T10:01:23.143Z","level":"debug","scope":"sqlite","message":"query","meta":{"sql":"Executing (default): SELECT name FROM sqlite_master WHERE type='table' AND name = 'purchases'"}}
{"ts":"2026-09-17T10:01:23.151Z","level":"debug","scope":"sqlite","message":"query","meta":{"sql":"Executing (default): PRAGMA table_info(\"purchases\")"}}
{"ts":"2026-09-17T10:01:23.152Z","level":"debug","scope":"sqlite","message":"query","meta":{"sql":"Executing (default): UPDATE purchases SET financial_mode = 'PRE_ACCOUNTS'\n           WHERE financial_mode IS NULL AND (shop_id = '4ea2c175-6d55-44b9-a140-aa84b43e8379' OR shop_id IS NULL) AND created_at < '2026-09-16T10:37:51.211Z'"}}
{"ts":"2026-09-17T10:01:23.154Z","level":"debug","scope":"sqlite","message":"query","meta":{"sql":"Executing (default): UPDATE purchases SET financial_mode = 'LIVE'\n           WHERE financial_mode IS NULL AND (shop_id = '4ea2c175-6d55-44b9-a140-aa84b43e8379' OR shop_id IS NULL) AND created_at >= '2026-09-16T10:37:51.211Z'"}}
{"ts":"2026-09-17T10:01:23.155Z","level":"debug","scope":"sqlite","message":"query","meta":{"sql":"Executing (default): SELECT name FROM sqlite_master WHERE type='table' AND name = 'customer_advances'"}}
{"ts":"2026-09-17T10:01:23.159Z","level":"debug","scope":"sqlite","message":"query","meta":{"sql":"Executing (default): PRAGMA table_info(\"customer_advances\")"}}
{"ts":"2026-09-17T10:01:23.161Z","level":"debug","scope":"sqlite","message":"query","meta":{"sql":"Executing (default): UPDATE customer_advances SET financial_mode = 'PRE_ACCOUNTS'\n           WHERE financial_mode IS NULL AND (shop_id = '4ea2c175-6d55-44b9-a140-aa84b43e8379' OR shop_id IS NULL) AND created_at < '2026-09-16T10:37:51.211Z'"}}
{"ts":"2026-09-17T10:01:23.167Z","level":"debug","scope":"sqlite","message":"query","meta":{"sql":"Executing (default): UPDATE customer_advances SET financial_mode = 'LIVE'\n           WHERE financial_mode IS NULL AND (shop_id = '4ea2c175-6d55-44b9-a140-aa84b43e8379' OR shop_id IS NULL) AND created_at >= '2026-09-16T10:37:51.211Z'"}}
{"ts":"2026-09-17T10:01:23.169Z","level":"debug","scope":"sqlite","message":"query","meta":{"sql":"Executing (default): SELECT name FROM sqlite_master WHERE type='table' AND name = 'customer_advance_applications'"}}
{"ts":"2026-09-17T10:01:23.170Z","level":"debug","scope":"sqlite","message":"query","meta":{"sql":"Executing (default): PRAGMA table_info(\"customer_advance_applications\")"}}
{"ts":"2026-09-17T10:01:23.171Z","level":"debug","scope":"sqlite","message":"query","meta":{"sql":"Executing (default): UPDATE customer_advance_applications SET financial_mode = 'PRE_ACCOUNTS'\n           WHERE financial_mode IS NULL AND (shop_id = '4ea2c175-6d55-44b9-a140-aa84b43e8379' OR shop_id IS NULL) AND created_at < '2026-09-16T10:37:51.211Z'"}}
{"ts":"2026-09-17T10:01:23.173Z","level":"debug","scope":"sqlite","message":"query","meta":{"sql":"Executing (default): UPDATE customer_advance_applications SET financial_mode = 'LIVE'\n           WHERE financial_mode IS NULL AND (shop_id = '4ea2c175-6d55-44b9-a140-aa84b43e8379' OR shop_id IS NULL) AND created_at >= '2026-09-16T10:37:51.211Z'"}}
{"ts":"2026-09-17T10:01:23.174Z","level":"debug","scope":"sqlite","message":"query","meta":{"sql":"Executing (default): SELECT name FROM sqlite_master WHERE type='table' AND name = 'quotations'"}}
{"ts":"2026-09-17T10:01:23.176Z","level":"debug","scope":"sqlite","message":"query","meta":{"sql":"Executing (default): PRAGMA table_info(\"quotations\")"}}
{"ts":"2026-09-17T10:01:23.183Z","level":"debug","scope":"sqlite","message":"query","meta":{"sql":"Executing (default): UPDATE quotations SET financial_mode = 'PRE_ACCOUNTS'\n           WHERE financial_mode IS NULL AND (shop_id = '4ea2c175-6d55-44b9-a140-aa84b43e8379' OR shop_id IS NULL) AND created_at < '2026-09-16T10:37:51.211Z'"}}
{"ts":"2026-09-17T10:01:23.188Z","level":"debug","scope":"sqlite","message":"query","meta":{"sql":"Executing (default): UPDATE quotations SET financial_mode = 'LIVE'\n           WHERE financial_mode IS NULL AND (shop_id = '4ea2c175-6d55-44b9-a140-aa84b43e8379' OR shop_id IS NULL) AND created_at >= '2026-09-16T10:37:51.211Z'"}}
{"ts":"2026-09-17T10:01:23.191Z","level":"debug","scope":"sqlite","message":"query","meta":{"sql":"Executing (default): SELECT name FROM sqlite_master WHERE type='table' AND name = 'credit_notes'"}}
{"ts":"2026-09-17T10:01:23.192Z","level":"debug","scope":"sqlite","message":"query","meta":{"sql":"Executing (default): PRAGMA table_info(\"credit_notes\")"}}
{"ts":"2026-09-17T10:01:23.195Z","level":"debug","scope":"sqlite","message":"query","meta":{"sql":"Executing (default): UPDATE credit_notes SET financial_mode = 'PRE_ACCOUNTS'\n           WHERE financial_mode IS NULL AND (shop_id = '4ea2c175-6d55-44b9-a140-aa84b43e8379' OR shop_id IS NULL) AND created_at < '2026-09-16T10:37:51.211Z'"}}
{"ts":"2026-09-17T10:01:23.200Z","level":"debug","scope":"sqlite","message":"query","meta":{"sql":"Executing (default): UPDATE credit_notes SET financial_mode = 'LIVE'\n           WHERE financial_mode IS NULL AND (shop_id = '4ea2c175-6d55-44b9-a140-aa84b43e8379' OR shop_id IS NULL) AND created_at >= '2026-09-16T10:37:51.211Z'"}}
{"ts":"2026-09-17T10:01:23.201Z","level":"debug","scope":"sqlite","message":"query","meta":{"sql":"Executing (default): SELECT name FROM sqlite_master WHERE type='table' AND name = 'old_gold_receipts'"}}
{"ts":"2026-09-17T10:01:23.203Z","level":"debug","scope":"sqlite","message":"query","meta":{"sql":"Executing (default): PRAGMA table_info(\"old_gold_receipts\")"}}
{"ts":"2026-09-17T10:01:23.204Z","level":"debug","scope":"sqlite","message":"query","meta":{"sql":"Executing (default): UPDATE old_gold_receipts SET financial_mode = 'PRE_ACCOUNTS'\n           WHERE financial_mode IS NULL AND (shop_id = '4ea2c175-6d55-44b9-a140-aa84b43e8379' OR shop_id IS NULL) AND created_at < '2026-09-16T10:37:51.211Z'"}}
{"ts":"2026-09-17T10:01:23.207Z","level":"debug","scope":"sqlite","message":"query","meta":{"sql":"Executing (default): UPDATE old_gold_receipts SET financial_mode = 'LIVE'\n           WHERE financial_mode IS NULL AND (shop_id = '4ea2c175-6d55-44b9-a140-aa84b43e8379' OR shop_id IS NULL) AND created_at >= '2026-09-16T10:37:51.211Z'"}}
{"ts":"2026-09-17T10:01:23.209Z","level":"debug","scope":"sqlite","message":"query","meta":{"sql":"Executing (default): SELECT name FROM sqlite_master WHERE type='table' AND name = 'cashbook_entries'"}}
{"ts":"2026-09-17T10:01:23.214Z","level":"debug","scope":"sqlite","message":"query","meta":{"sql":"Executing (default): PRAGMA table_info(\"cashbook_entries\")"}}
{"ts":"2026-09-17T10:01:23.217Z","level":"debug","scope":"sqlite","message":"query","meta":{"sql":"Executing (default): UPDATE cashbook_entries SET financial_mode = 'PRE_ACCOUNTS'\n           WHERE financial_mode IS NULL AND (shop_id = '4ea2c175-6d55-44b9-a140-aa84b43e8379' OR shop_id IS NULL) AND created_at < '2026-09-16T10:37:51.211Z'"}}
{"ts":"2026-09-17T10:01:23.219Z","level":"debug","scope":"sqlite","message":"query","meta":{"sql":"Executing (default): UPDATE cashbook_entries SET financial_mode = 'LIVE'\n           WHERE financial_mode IS NULL AND (shop_id = '4ea2c175-6d55-44b9-a140-aa84b43e8379' OR shop_id IS NULL) AND created_at >= '2026-09-16T10:37:51.211Z'"}}
{"ts":"2026-09-17T10:01:23.220Z","level":"debug","scope":"sqlite","message":"query","meta":{"sql":"Executing (default): SELECT name FROM sqlite_master WHERE type='table' AND name = 'schemes'"}}
{"ts":"2026-09-17T10:01:23.222Z","level":"debug","scope":"sqlite","message":"query","meta":{"sql":"Executing (default): PRAGMA table_info(\"schemes\")"}}
{"ts":"2026-09-17T10:01:23.224Z","level":"debug","scope":"sqlite","message":"query","meta":{"sql":"Executing (default): UPDATE schemes SET financial_mode = 'PRE_ACCOUNTS'\n           WHERE financial_mode IS NULL AND (shop_id = '4ea2c175-6d55-44b9-a140-aa84b43e8379' OR shop_id IS NULL) AND created_at < '2026-09-16T10:37:51.211Z'"}}
{"ts":"2026-09-17T10:01:23.225Z","level":"debug","scope":"sqlite","message":"query","meta":{"sql":"Executing (default): UPDATE schemes SET financial_mode = 'LIVE'\n           WHERE financial_mode IS NULL AND (shop_id = '4ea2c175-6d55-44b9-a140-aa84b43e8379' OR shop_id IS NULL) AND created_at >= '2026-09-16T10:37:51.211Z'"}}
{"ts":"2026-09-17T10:01:23.227Z","level":"debug","scope":"sqlite","message":"query","meta":{"sql":"Executing (default): SELECT name FROM sqlite_master WHERE type='table' AND name = 'orders'"}}
{"ts":"2026-09-17T10:01:23.230Z","level":"debug","scope":"sqlite","message":"query","meta":{"sql":"Executing (default): PRAGMA table_info(\"orders\")"}}
{"ts":"2026-09-17T10:01:23.234Z","level":"debug","scope":"sqlite","message":"query","meta":{"sql":"Executing (default): UPDATE orders SET financial_mode = 'PRE_ACCOUNTS'\n           WHERE financial_mode IS NULL AND (shop_id = '4ea2c175-6d55-44b9-a140-aa84b43e8379' OR shop_id IS NULL) AND created_at < '2026-09-16T10:37:51.211Z'"}}
{"ts":"2026-09-17T10:01:23.235Z","level":"debug","scope":"sqlite","message":"query","meta":{"sql":"Executing (default): UPDATE orders SET financial_mode = 'LIVE'\n           WHERE financial_mode IS NULL AND (shop_id = '4ea2c175-6d55-44b9-a140-aa84b43e8379' OR shop_id IS NULL) AND created_at >= '2026-09-16T10:37:51.211Z'"}}
{"ts":"2026-09-17T10:01:23.236Z","level":"info","scope":"accounts","message":"financial mode backfill","meta":{"shops":2,"notes":[]}}
{"ts":"2026-09-17T10:01:23.242Z","level":"debug","scope":"sqlite","message":"query","meta":{"sql":"Executing (default): SELECT `key`, `value`, `updated_at` FROM `schema_meta` AS `SchemaMeta` WHERE `SchemaMeta`.`key` = 'transaction_stamp_backfill';"}}
{"ts":"2026-09-17T10:01:23.246Z","level":"info","scope":"accounts","message":"transaction stamp backfill","meta":{"skipped":true,"version":1}}
{"ts":"2026-09-17T10:01:23.249Z","level":"debug","scope":"sqlite","message":"query","meta":{"sql":"Executing (default): SELECT `id`, `key`, `value`, `shop_id`, `version`, `deleted_at`, `origin_device_id`, `created_at` AS `createdAt`, `updated_at` AS `updatedAt` FROM `settings` AS `Setting` WHERE `Setting`.`key` = 'erp_opening_setup_complete:4ea2c175-6d55-44b9-a140-aa84b43e8379';"}}
{"ts":"2026-09-17T10:01:23.258Z","level":"debug","scope":"sqlite","message":"query","meta":{"sql":"Executing (adb9b9e5-22a8-4bc2-a34e-39984ddb98b6): BEGIN DEFERRED TRANSACTION;"}}
{"ts":"2026-09-17T10:01:23.265Z","level":"debug","scope":"sqlite","message":"query","meta":{"sql":"Executing (adb9b9e5-22a8-4bc2-a34e-39984ddb98b6): SELECT `id` FROM `invoices` AS `Invoice` WHERE ((`Invoice`.`shop_id` = '4ea2c175-6d55-44b9-a140-aa84b43e8379' OR `Invoice`.`shop_id` IS NULL) AND (`Invoice`.`financial_mode` = 'PRE_ACCOUNTS' OR `Invoice`.`invoice_no` LIKE 'TEST-%'));"}}
{"ts":"2026-09-17T10:01:23.305Z","level":"debug","scope":"sqlite","message":"query","meta":{"sql":"Executing (adb9b9e5-22a8-4bc2-a34e-39984ddb98b6): SELECT `id` FROM `quotations` AS `Quotation` WHERE ((`Quotation`.`shop_id` = '4ea2c175-6d55-44b9-a140-aa84b43e8379' OR `Quotation`.`shop_id` IS NULL) AND (`Quotation`.`financial_mode` = 'PRE_ACCOUNTS' OR `Quotation`.`quote_no` LIKE 'TEST-%'));"}}
{"ts":"2026-09-17T10:01:23.307Z","level":"debug","scope":"sqlite","message":"query","meta":{"sql":"Executing (adb9b9e5-22a8-4bc2-a34e-39984ddb98b6): SELECT `id` FROM `incomes` AS `Income` WHERE ((`Income`.`shop_id` = '4ea2c175-6d55-44b9-a140-aa84b43e8379' OR `Income`.`shop_id` IS NULL) AND `Income`.`financial_mode` = 'PRE_ACCOUNTS');"}}
{"ts":"2026-09-17T10:01:23.310Z","level":"debug","scope":"sqlite","message":"query","meta":{"sql":"Executing (adb9b9e5-22a8-4bc2-a34e-39984ddb98b6): SELECT `id` FROM `expenses` AS `Expense` WHERE ((`Expense`.`shop_id` = '4ea2c175-6d55-44b9-a140-aa84b43e8379' OR `Expense`.`shop_id` IS NULL) AND `Expense`.`financial_mode` = 'PRE_ACCOUNTS');"}}
{"ts":"2026-09-17T10:01:23.317Z","level":"debug","scope":"sqlite","message":"query","meta":{"sql":"Executing (adb9b9e5-22a8-4bc2-a34e-39984ddb98b6): SELECT `id` FROM `journal_entries` AS `JournalEntry` WHERE ((`JournalEntry`.`shop_id` = '4ea2c175-6d55-44b9-a140-aa84b43e8379' OR `JournalEntry`.`shop_id` IS NULL) AND `JournalEntry`.`financial_mode` = 'PRE_ACCOUNTS' AND (`JournalEntry`.`is_opening` = 0 OR `JournalEntry`.`is_opening` IS NULL) AND `JournalEntry`.`source_type` != 'opening_balance');"}}
{"ts":"2026-09-17T10:01:23.322Z","level":"debug","scope":"sqlite","message":"query","meta":{"sql":"Executing (adb9b9e5-22a8-4bc2-a34e-39984ddb98b6): DELETE FROM `payments` WHERE ((`shop_id` = '4ea2c175-6d55-44b9-a140-aa84b43e8379' OR `shop_id` IS NULL) AND `financial_mode` = 'PRE_ACCOUNTS')"}}
{"ts":"2026-09-17T10:01:23.331Z","level":"debug","scope":"sqlite","message":"query","meta":{"sql":"Executing (adb9b9e5-22a8-4bc2-a34e-39984ddb98b6): SELECT `id` FROM `customer_advances` AS `CustomerAdvance` WHERE ((`CustomerAdvance`.`shop_id` = '4ea2c175-6d55-44b9-a140-aa84b43e8379' OR `CustomerAdvance`.`shop_id` IS NULL) AND `CustomerAdvance`.`financial_mode` = 'PRE_ACCOUNTS');"}}
{"ts":"2026-09-17T10:01:23.335Z","level":"debug","scope":"sqlite","message":"query","meta":{"sql":"Executing (adb9b9e5-22a8-4bc2-a34e-39984ddb98b6): DELETE FROM `old_gold_sales` WHERE ((`shop_id` = '4ea2c175-6d55-44b9-a140-aa84b43e8379' OR `shop_id` IS NULL) AND `financial_mode` = 'PRE_ACCOUNTS')"}}
{"ts":"2026-09-17T10:01:23.337Z","level":"debug","scope":"sqlite","message":"query","meta":{"sql":"Executing (adb9b9e5-22a8-4bc2-a34e-39984ddb98b6): DELETE FROM `cashbook_entries` WHERE ((`shop_id` = '4ea2c175-6d55-44b9-a140-aa84b43e8379' OR `shop_id` IS NULL) AND `financial_mode` = 'PRE_ACCOUNTS')"}}
{"ts":"2026-09-17T10:01:23.339Z","level":"debug","scope":"sqlite","message":"query","meta":{"sql":"Executing (adb9b9e5-22a8-4bc2-a34e-39984ddb98b6): DELETE FROM `draft_sales` WHERE (`shop_id` = '4ea2c175-6d55-44b9-a140-aa84b43e8379' OR `shop_id` IS NULL)"}}
{"ts":"2026-09-17T10:01:23.342Z","level":"debug","scope":"sqlite","message":"query","meta":{"sql":"Executing (adb9b9e5-22a8-4bc2-a34e-39984ddb98b6): DELETE FROM `invoice_sequences` WHERE `shop_id` = '4ea2c175-6d55-44b9-a140-aa84b43e8379' AND `prefix` LIKE 'TEST%'"}}
{"ts":"2026-09-17T10:01:23.347Z","level":"debug","scope":"sqlite","message":"query","meta":{"sql":"Executing (adb9b9e5-22a8-4bc2-a34e-39984ddb98b6): SELECT count(*) AS `count` FROM `invoices` AS `Invoice` WHERE ((`Invoice`.`shop_id` = '4ea2c175-6d55-44b9-a140-aa84b43e8379' OR `Invoice`.`shop_id` IS NULL) AND (`Invoice`.`financial_mode` = 'LIVE' OR `Invoice`.`financial_mode` IS NULL));"}}
{"ts":"2026-09-17T10:01:23.351Z","level":"debug","scope":"sqlite","message":"query","meta":{"sql":"Executing (adb9b9e5-22a8-4bc2-a34e-39984ddb98b6): COMMIT;"}}
{"ts":"2026-09-17T10:01:23.352Z","level":"info","scope":"accounts","message":"leftover PRE_ACCOUNTS practice purge","meta":{"invoices":0,"quotations":0,"incomes":0,"expenses":0,"sequences":{"reset":false,"liveCount":4}}}
{"ts":"2026-09-17T10:01:23.354Z","level":"debug","scope":"sqlite","message":"query","meta":{"sql":"Executing (default): UPDATE products\n    SET status = 'deleted_p', updated_at = CURRENT_TIMESTAMP\n    WHERE deleted_at IS NULL\n      AND CAST(stock_qty AS REAL) <= 0\n      AND status = 'available'\n      AND id IN (\n        SELECT DISTINCT ii.product_id\n        FROM invoice_items ii\n        INNER JOIN invoices i ON i.id = ii.invoice_id\n        WHERE i.is_hidden = 1\n          AND i.status != 'cancelled'\n          AND (i.financial_mode IS NULL OR i.financial_mode != 'PRE_ACCOUNTS')\n          AND ii.product_id IS NOT NULL\n      )"}}
{"ts":"2026-09-17T10:01:23.356Z","level":"debug","scope":"sqlite","message":"query","meta":{"sql":"Executing (default): UPDATE products\n    SET status = 'sold', updated_at = CURRENT_TIMESTAMP\n    WHERE deleted_at IS NULL\n      AND CAST(stock_qty AS REAL) <= 0\n      AND status = 'available'\n      AND id IN (\n        SELECT DISTINCT ii.product_id\n        FROM invoice_items ii\n        INNER JOIN invoices i ON i.id = ii.invoice_id\n        WHERE (i.is_hidden = 0 OR i.is_hidden IS NULL)\n          AND i.status != 'cancelled'\n          AND (i.financial_mode IS NULL OR i.financial_mode != 'PRE_ACCOUNTS')\n          AND ii.product_id IS NOT NULL\n      )"}}
{"ts":"2026-09-17T10:01:23.358Z","level":"info","scope":"inventory","message":"sale status backfill","meta":{"deleted_p":0,"sold":0}}
{"ts":"2026-09-17T10:01:23.361Z","level":"debug","scope":"sqlite","message":"query","meta":{"sql":"Executing (default): SELECT `id`, `shop_id`, `device_name`, `device_identifier`, `device_number`, `role`, `status`, `last_seen_at`, `meta`, `created_at` AS `createdAt`, `updated_at` AS `updatedAt` FROM `devices` AS `Device` WHERE `Device`.`shop_id` = '4ea2c175-6d55-44b9-a140-aa84b43e8379' AND `Device`.`device_identifier` = 'cd70f896-48e5-4457-97e6-b54399cb27c5' LIMIT 1;"}}
{"ts":"2026-09-17T10:01:23.371Z","level":"debug","scope":"sqlite","message":"query","meta":{"sql":"Executing (default): INSERT INTO `devices` (`id`,`shop_id`,`device_name`,`device_identifier`,`role`,`status`,`last_seen_at`,`meta`,`created_at`,`updated_at`) VALUES ($1,$2,$3,$4,$5,$6,$7,$8,$9,$10);"}}
{"ts":"2026-09-17T10:01:23.379Z","level":"debug","scope":"sqlite","message":"query","meta":{"sql":"Executing (default): SELECT `id`, `shop_id`, `device_name`, `device_identifier`, `device_number`, `role`, `status`, `last_seen_at`, `meta`, `created_at` AS `createdAt`, `updated_at` AS `updatedAt` FROM `devices` AS `Device` WHERE `Device`.`shop_id` = '4ea2c175-6d55-44b9-a140-aa84b43e8379';"}}
{"ts":"2026-09-17T10:01:23.384Z","level":"debug","scope":"sqlite","message":"query","meta":{"sql":"Executing (default): UPDATE `devices` SET `role`=$1,`status`=$2,`updated_at`=$3 WHERE `id` = $4"}}
{"ts":"2026-09-17T10:01:23.390Z","level":"debug","scope":"sqlite","message":"query","meta":{"sql":"Executing (default): DELETE FROM `devices` WHERE `id` = 'a699b6dc-657b-4e80-92fd-8b6d5ebbcfdb'"}}
{"ts":"2026-09-17T10:01:23.398Z","level":"debug","scope":"sqlite","message":"query","meta":{"sql":"Executing (default): SELECT `id`, `shop_id`, `node_id`, `host_id`, `host_term`, `role`, `event_watermark`, `fenced`, `fenced_reason`, `meta`, `created_at` AS `createdAt`, `updated_at` AS `updatedAt` FROM `cluster_state` AS `ClusterState` WHERE `ClusterState`.`shop_id` = '4ea2c175-6d55-44b9-a140-aa84b43e8379';"}}
{"ts":"2026-09-17T10:01:23.402Z","level":"debug","scope":"sqlite","message":"query","meta":{"sql":"Executing (default): UPDATE `cluster_state` SET `node_id`=$1,`host_id`=$2,`host_term`=$3,`updated_at`=$4 WHERE `id` = $5"}}
{"ts":"2026-09-17T10:01:23.406Z","level":"debug","scope":"sqlite","message":"query","meta":{"sql":"Executing (default): SELECT `id`, `shop_id`, `node_id`, `host_id`, `host_term`, `role`, `event_watermark`, `fenced`, `fenced_reason`, `meta`, `created_at` AS `createdAt`, `updated_at` AS `updatedAt` FROM `cluster_state` AS `ClusterState` WHERE `ClusterState`.`id` = '0eaab1ea-8da3-4da3-b7dd-6d959748e8a7';"}}
{"ts":"2026-09-17T10:01:23.417Z","level":"info","scope":"boot","message":"API ready","meta":{"url":"http://0.0.0.0:8080","mode":"branch","mtls":false}}
{"ts":"2026-09-17T10:01:23.420Z","level":"info","scope":"boot","message":"Branch Service ready — local SQLite / LAN only"}
{"ts":"2026-09-17T10:01:23.425Z","level":"debug","scope":"sqlite","message":"query","meta":{"sql":"Executing (default): SELECT `id`, `key`, `value`, `shop_id`, `version`, `deleted_at`, `origin_device_id`, `created_at` AS `createdAt`, `updated_at` AS `updatedAt` FROM `settings` AS `Setting` WHERE `Setting`.`key` = 'gold_rate';"}}
{"ts":"2026-09-17T10:01:23.432Z","level":"debug","scope":"sqlite","message":"query","meta":{"sql":"Executing (default): SELECT `id`, `name`, `code`, `gstin`, `phone`, `email`, `address`, `invoice_prefix`, `status`, `settings`, `created_at` AS `createdAt`, `updated_at` AS `updatedAt` FROM `shops` AS `Shop` WHERE `Shop`.`id` = '4ea2c175-6d55-44b9-a140-aa84b43e8379';"}}
{"ts":"2026-09-17T10:01:23.437Z","level":"debug","scope":"sqlite","message":"query","meta":{"sql":"Executing (default): SELECT `key`, `value`, `updated_at` FROM `schema_meta` AS `SchemaMeta` WHERE `SchemaMeta`.`key` = 'schema_version';"}}
{"ts":"2026-09-17T10:01:23.439Z","level":"debug","scope":"sqlite","message":"query","meta":{"sql":"Executing (default): SELECT `id`, `shop_id`, `device_name`, `device_identifier`, `device_number`, `role`, `status`, `last_seen_at`, `meta`, `created_at` AS `createdAt`, `updated_at` AS `updatedAt` FROM `devices` AS `Device` WHERE `Device`.`shop_id` = '4ea2c175-6d55-44b9-a140-aa84b43e8379';"}}
