{"ts":"2026-09-14T13:05:21.456Z","level":"info","scope":"sqlite","message":"opening database","meta":{"storage":"C:/Users/Lokesh Malla/AppData/Roaming/jewellery-crm-desktop/data/jewellery-crm.sqlite","electron":true}}
{"ts":"2026-09-14T13:05:22.748Z","level":"debug","scope":"sqlite","message":"query","meta":{"sql":"Executing (default): SELECT 1+1 AS result"}}
{"ts":"2026-09-14T13:05:22.796Z","level":"debug","scope":"sqlite","message":"query","meta":{"sql":"Executing (default): SELECT name FROM sqlite_master WHERE type='table' AND name='sequelize_meta';"}}
{"ts":"2026-09-14T13:05:22.807Z","level":"debug","scope":"sqlite","message":"query","meta":{"sql":"Executing (default): CREATE TABLE IF NOT EXISTS `sequelize_meta` (`name` VARCHAR(255) NOT NULL UNIQUE PRIMARY KEY);"}}
{"ts":"2026-09-14T13:05:22.817Z","level":"debug","scope":"sqlite","message":"query","meta":{"sql":"Executing (default): PRAGMA INDEX_LIST(`sequelize_meta`)"}}
{"ts":"2026-09-14T13:05:22.818Z","level":"debug","scope":"sqlite","message":"query","meta":{"sql":"Executing (default): PRAGMA INDEX_INFO(`sqlite_autoindex_sequelize_meta_1`)"}}
{"ts":"2026-09-14T13:05:22.829Z","level":"debug","scope":"sqlite","message":"query","meta":{"sql":"Executing (default): SELECT `name` FROM `sequelize_meta` AS `SequelizeMeta` ORDER BY `SequelizeMeta`.`name` ASC;"}}
{"ts":"2026-09-14T13:05:22.840Z","level":"debug","scope":"sqlite","message":"query","meta":{"sql":"Executing (default): SELECT name FROM sqlite_master WHERE type='table' AND name='sequelize_meta';"}}
{"ts":"2026-09-14T13:05:22.843Z","level":"debug","scope":"sqlite","message":"query","meta":{"sql":"Executing (default): PRAGMA INDEX_LIST(`sequelize_meta`)"}}
{"ts":"2026-09-14T13:05:22.844Z","level":"debug","scope":"sqlite","message":"query","meta":{"sql":"Executing (default): PRAGMA INDEX_INFO(`sqlite_autoindex_sequelize_meta_1`)"}}
{"ts":"2026-09-14T13:05:22.847Z","level":"debug","scope":"sqlite","message":"query","meta":{"sql":"Executing (default): SELECT `name` FROM `sequelize_meta` AS `SequelizeMeta` ORDER BY `SequelizeMeta`.`name` ASC;"}}
{"ts":"2026-09-14T13:05:22.856Z","level":"debug","scope":"sqlite","message":"query","meta":{"sql":"Executing (default): SELECT name FROM `sqlite_master` WHERE type='table' and name!='sqlite_sequence';"}}
{"ts":"2026-09-14T13:05:22.858Z","level":"debug","scope":"sqlite","message":"query","meta":{"sql":"Executing (default): SELECT name FROM `sqlite_master` WHERE type='table' and name!='sqlite_sequence';"}}
{"ts":"2026-09-14T13:05:22.861Z","level":"debug","scope":"sqlite","message":"query","meta":{"sql":"Executing (default): INSERT INTO schema_meta (key, value, updated_at)\n     VALUES ('schema_version', '{\"version\":14,\"phase\":2}'::jsonb, NOW())\n     ON CONFLICT (key) DO UPDATE SET value = EXCLUDED.value, updated_at = NOW()"}}
{"ts":"2026-09-14T13:14:02.740Z","level":"info","scope":"sqlite","message":"opening database","meta":{"storage":"C:/Users/Lokesh Malla/AppData/Roaming/jewellery-crm-desktop/data/jewellery-crm.sqlite","electron":true}}
{"ts":"2026-09-14T13:14:04.286Z","level":"info","scope":"boot","message":"starting branch service","meta":{"app_mode":"branch","schema_version":14,"sqlite":true,"log_dir":"E:\\SLGT-Jewellery-ERP\\SLGT JEWEL ERP\\backend\\logs"}}
{"ts":"2026-09-14T13:14:04.286Z","level":"info","scope":"boot","message":"branch identity","meta":{"device":"cd70f896-48e5-4457-97e6-b54399cb27c5","role":"active_host"}}
{"ts":"2026-09-14T13:14:04.287Z","level":"info","scope":"sqlite","message":"authenticating connection"}
{"ts":"2026-09-14T13:14:04.301Z","level":"info","scope":"boot","message":"API listening","meta":{"url":"http://0.0.0.0:8080","mode":"starting","mtls":false,"log_dir":"E:\\SLGT-Jewellery-ERP\\SLGT JEWEL ERP\\backend\\logs"}}
{"ts":"2026-09-14T13:14:04.306Z","level":"debug","scope":"sqlite","message":"query","meta":{"sql":"Executing (default): SELECT 1+1 AS result"}}
{"ts":"2026-09-14T13:14:04.336Z","level":"info","scope":"sqlite","message":"database connected ok"}
{"ts":"2026-09-14T13:14:04.341Z","level":"debug","scope":"sqlite","message":"query","meta":{"sql":"Executing (default): SELECT name FROM sqlite_master WHERE type='table' AND name = 'audit_events'"}}
{"ts":"2026-09-14T13:14:04.343Z","level":"debug","scope":"sqlite","message":"query","meta":{"sql":"Executing (default): PRAGMA table_info(\"audit_events\")"}}
{"ts":"2026-09-14T13:14:04.345Z","level":"debug","scope":"sqlite","message":"query","meta":{"sql":"Executing (default): SELECT name FROM sqlite_master WHERE type='table' AND name = 'event_log'"}}
{"ts":"2026-09-14T13:14:04.346Z","level":"debug","scope":"sqlite","message":"query","meta":{"sql":"Executing (default): PRAGMA table_info(\"event_log\")"}}
{"ts":"2026-09-14T13:14:04.347Z","level":"debug","scope":"sqlite","message":"query","meta":{"sql":"Executing (default): SELECT name FROM sqlite_master WHERE type='table' AND name = 'cluster_state'"}}
{"ts":"2026-09-14T13:14:04.348Z","level":"debug","scope":"sqlite","message":"query","meta":{"sql":"Executing (default): PRAGMA table_info(\"cluster_state\")"}}
{"ts":"2026-09-14T13:14:04.349Z","level":"debug","scope":"sqlite","message":"query","meta":{"sql":"Executing (default): SELECT name FROM sqlite_master WHERE type='table' AND name = 'replica_acks'"}}
{"ts":"2026-09-14T13:14:04.351Z","level":"debug","scope":"sqlite","message":"query","meta":{"sql":"Executing (default): PRAGMA table_info(\"replica_acks\")"}}
{"ts":"2026-09-14T13:14:04.352Z","level":"debug","scope":"sqlite","message":"query","meta":{"sql":"Executing (default): SELECT name FROM sqlite_master WHERE type='table' AND name = 'operation_ledger'"}}
{"ts":"2026-09-14T13:14:04.353Z","level":"debug","scope":"sqlite","message":"query","meta":{"sql":"Executing (default): PRAGMA table_info(\"operation_ledger\")"}}
{"ts":"2026-09-14T13:14:04.355Z","level":"debug","scope":"sqlite","message":"query","meta":{"sql":"Executing (default): SELECT name FROM sqlite_master WHERE type='table' AND name = 'attributes'"}}
{"ts":"2026-09-14T13:14:04.356Z","level":"debug","scope":"sqlite","message":"query","meta":{"sql":"Executing (default): PRAGMA table_info(\"attributes\")"}}
{"ts":"2026-09-14T13:14:04.357Z","level":"debug","scope":"sqlite","message":"query","meta":{"sql":"Executing (default): SELECT name FROM sqlite_master WHERE type='table' AND name = 'audit_events'"}}
{"ts":"2026-09-14T13:14:04.358Z","level":"debug","scope":"sqlite","message":"query","meta":{"sql":"Executing (default): PRAGMA table_info(\"audit_events\")"}}
{"ts":"2026-09-14T13:14:04.359Z","level":"debug","scope":"sqlite","message":"query","meta":{"sql":"Executing (default): SELECT name FROM sqlite_master WHERE type='table' AND name = 'bank_accounts'"}}
{"ts":"2026-09-14T13:14:04.360Z","level":"debug","scope":"sqlite","message":"query","meta":{"sql":"Executing (default): PRAGMA table_info(\"bank_accounts\")"}}
{"ts":"2026-09-14T13:14:04.361Z","level":"debug","scope":"sqlite","message":"query","meta":{"sql":"Executing (default): SELECT name FROM sqlite_master WHERE type='table' AND name = 'bank_reconciliation_items'"}}
{"ts":"2026-09-14T13:14:04.362Z","level":"debug","scope":"sqlite","message":"query","meta":{"sql":"Executing (default): PRAGMA table_info(\"bank_reconciliation_items\")"}}
{"ts":"2026-09-14T13:14:04.363Z","level":"debug","scope":"sqlite","message":"query","meta":{"sql":"Executing (default): SELECT name FROM sqlite_master WHERE type='table' AND name = 'barcode_sequences'"}}
{"ts":"2026-09-14T13:14:04.364Z","level":"debug","scope":"sqlite","message":"query","meta":{"sql":"Executing (default): PRAGMA table_info(\"barcode_sequences\")"}}
{"ts":"2026-09-14T13:14:04.365Z","level":"debug","scope":"sqlite","message":"query","meta":{"sql":"Executing (default): SELECT name FROM sqlite_master WHERE type='table' AND name = 'barcode_stock_check_scans'"}}
{"ts":"2026-09-14T13:14:04.366Z","level":"debug","scope":"sqlite","message":"query","meta":{"sql":"Executing (default): PRAGMA table_info(\"barcode_stock_check_scans\")"}}
{"ts":"2026-09-14T13:14:04.366Z","level":"debug","scope":"sqlite","message":"query","meta":{"sql":"Executing (default): SELECT name FROM sqlite_master WHERE type='table' AND name = 'barcode_stock_check_sessions'"}}
{"ts":"2026-09-14T13:14:04.367Z","level":"debug","scope":"sqlite","message":"query","meta":{"sql":"Executing (default): PRAGMA table_info(\"barcode_stock_check_sessions\")"}}
{"ts":"2026-09-14T13:14:04.368Z","level":"debug","scope":"sqlite","message":"query","meta":{"sql":"Executing (default): SELECT name FROM sqlite_master WHERE type='table' AND name = 'barcode_templates'"}}
{"ts":"2026-09-14T13:14:04.369Z","level":"debug","scope":"sqlite","message":"query","meta":{"sql":"Executing (default): PRAGMA table_info(\"barcode_templates\")"}}
{"ts":"2026-09-14T13:14:04.370Z","level":"debug","scope":"sqlite","message":"query","meta":{"sql":"Executing (default): SELECT name FROM sqlite_master WHERE type='table' AND name = 'billing_rate_events'"}}
{"ts":"2026-09-14T13:14:04.371Z","level":"debug","scope":"sqlite","message":"query","meta":{"sql":"Executing (default): PRAGMA table_info(\"billing_rate_events\")"}}
{"ts":"2026-09-14T13:14:04.372Z","level":"debug","scope":"sqlite","message":"query","meta":{"sql":"Executing (default): SELECT name FROM sqlite_master WHERE type='table' AND name = 'campaigns'"}}
{"ts":"2026-09-14T13:14:04.372Z","level":"debug","scope":"sqlite","message":"query","meta":{"sql":"Executing (default): PRAGMA table_info(\"campaigns\")"}}
{"ts":"2026-09-14T13:14:04.373Z","level":"debug","scope":"sqlite","message":"query","meta":{"sql":"Executing (default): SELECT name FROM sqlite_master WHERE type='table' AND name = 'campaign_messages'"}}
{"ts":"2026-09-14T13:14:04.374Z","level":"debug","scope":"sqlite","message":"query","meta":{"sql":"Executing (default): PRAGMA table_info(\"campaign_messages\")"}}
{"ts":"2026-09-14T13:14:04.375Z","level":"debug","scope":"sqlite","message":"query","meta":{"sql":"Executing (default): SELECT name FROM sqlite_master WHERE type='table' AND name = 'cashbook_entries'"}}
{"ts":"2026-09-14T13:14:04.376Z","level":"debug","scope":"sqlite","message":"query","meta":{"sql":"Executing (default): PRAGMA table_info(\"cashbook_entries\")"}}
{"ts":"2026-09-14T13:14:04.377Z","level":"debug","scope":"sqlite","message":"query","meta":{"sql":"Executing (default): SELECT name FROM sqlite_master WHERE type='table' AND name = 'catalog_items'"}}
{"ts":"2026-09-14T13:14:04.378Z","level":"debug","scope":"sqlite","message":"query","meta":{"sql":"Executing (default): PRAGMA table_info(\"catalog_items\")"}}
{"ts":"2026-09-14T13:14:04.379Z","level":"debug","scope":"sqlite","message":"query","meta":{"sql":"Executing (default): SELECT name FROM sqlite_master WHERE type='table' AND name = 'categories'"}}
{"ts":"2026-09-14T13:14:04.381Z","level":"debug","scope":"sqlite","message":"query","meta":{"sql":"Executing (default): PRAGMA table_info(\"categories\")"}}
{"ts":"2026-09-14T13:14:04.382Z","level":"debug","scope":"sqlite","message":"query","meta":{"sql":"Executing (default): SELECT name FROM sqlite_master WHERE type='table' AND name = 'chart_of_accounts'"}}
{"ts":"2026-09-14T13:14:04.382Z","level":"debug","scope":"sqlite","message":"query","meta":{"sql":"Executing (default): PRAGMA table_info(\"chart_of_accounts\")"}}
{"ts":"2026-09-14T13:14:04.383Z","level":"debug","scope":"sqlite","message":"query","meta":{"sql":"Executing (default): SELECT name FROM sqlite_master WHERE type='table' AND name = 'cluster_state'"}}
{"ts":"2026-09-14T13:14:04.384Z","level":"debug","scope":"sqlite","message":"query","meta":{"sql":"Executing (default): PRAGMA table_info(\"cluster_state\")"}}
{"ts":"2026-09-14T13:14:04.388Z","level":"debug","scope":"sqlite","message":"query","meta":{"sql":"Executing (default): SELECT name FROM sqlite_master WHERE type='table' AND name = 'credit_notes'"}}
{"ts":"2026-09-14T13:14:04.405Z","level":"debug","scope":"sqlite","message":"query","meta":{"sql":"Executing (default): PRAGMA table_info(\"credit_notes\")"}}
{"ts":"2026-09-14T13:14:04.407Z","level":"debug","scope":"sqlite","message":"query","meta":{"sql":"Executing (default): SELECT name FROM sqlite_master WHERE type='table' AND name = 'customers'"}}
{"ts":"2026-09-14T13:14:04.416Z","level":"debug","scope":"sqlite","message":"query","meta":{"sql":"Executing (default): PRAGMA table_info(\"customers\")"}}
{"ts":"2026-09-14T13:14:04.418Z","level":"debug","scope":"sqlite","message":"query","meta":{"sql":"Executing (default): SELECT name FROM sqlite_master WHERE type='table' AND name = 'customer_advances'"}}
{"ts":"2026-09-14T13:14:04.421Z","level":"debug","scope":"sqlite","message":"query","meta":{"sql":"Executing (default): PRAGMA table_info(\"customer_advances\")"}}
{"ts":"2026-09-14T13:14:04.430Z","level":"debug","scope":"sqlite","message":"query","meta":{"sql":"Executing (default): SELECT name FROM sqlite_master WHERE type='table' AND name = 'customer_advance_applications'"}}
{"ts":"2026-09-14T13:14:04.431Z","level":"debug","scope":"sqlite","message":"query","meta":{"sql":"Executing (default): PRAGMA table_info(\"customer_advance_applications\")"}}
{"ts":"2026-09-14T13:14:04.432Z","level":"debug","scope":"sqlite","message":"query","meta":{"sql":"Executing (default): SELECT name FROM sqlite_master WHERE type='table' AND name = 'daily_closings'"}}
{"ts":"2026-09-14T13:14:04.432Z","level":"debug","scope":"sqlite","message":"query","meta":{"sql":"Executing (default): PRAGMA table_info(\"daily_closings\")"}}
{"ts":"2026-09-14T13:14:04.433Z","level":"debug","scope":"sqlite","message":"query","meta":{"sql":"Executing (default): SELECT name FROM sqlite_master WHERE type='table' AND name = 'devices'"}}
{"ts":"2026-09-14T13:14:04.434Z","level":"debug","scope":"sqlite","message":"query","meta":{"sql":"Executing (default): PRAGMA table_info(\"devices\")"}}
{"ts":"2026-09-14T13:14:04.435Z","level":"debug","scope":"sqlite","message":"query","meta":{"sql":"Executing (default): SELECT name FROM sqlite_master WHERE type='table' AND name = 'draft_sales'"}}
{"ts":"2026-09-14T13:14:04.436Z","level":"debug","scope":"sqlite","message":"query","meta":{"sql":"Executing (default): PRAGMA table_info(\"draft_sales\")"}}
{"ts":"2026-09-14T13:14:04.437Z","level":"debug","scope":"sqlite","message":"query","meta":{"sql":"Executing (default): SELECT name FROM sqlite_master WHERE type='table' AND name = 'employees'"}}
{"ts":"2026-09-14T13:14:04.437Z","level":"debug","scope":"sqlite","message":"query","meta":{"sql":"Executing (default): PRAGMA table_info(\"employees\")"}}
{"ts":"2026-09-14T13:14:04.438Z","level":"debug","scope":"sqlite","message":"query","meta":{"sql":"Executing (default): SELECT name FROM sqlite_master WHERE type='table' AND name = 'event_log'"}}
{"ts":"2026-09-14T13:14:04.439Z","level":"debug","scope":"sqlite","message":"query","meta":{"sql":"Executing (default): PRAGMA table_info(\"event_log\")"}}
{"ts":"2026-09-14T13:14:04.440Z","level":"debug","scope":"sqlite","message":"query","meta":{"sql":"Executing (default): SELECT name FROM sqlite_master WHERE type='table' AND name = 'expenses'"}}
{"ts":"2026-09-14T13:14:04.441Z","level":"debug","scope":"sqlite","message":"query","meta":{"sql":"Executing (default): PRAGMA table_info(\"expenses\")"}}
{"ts":"2026-09-14T13:14:04.442Z","level":"debug","scope":"sqlite","message":"query","meta":{"sql":"Executing (default): SELECT name FROM sqlite_master WHERE type='table' AND name = 'expense_categories'"}}
{"ts":"2026-09-14T13:14:04.443Z","level":"debug","scope":"sqlite","message":"query","meta":{"sql":"Executing (default): PRAGMA table_info(\"expense_categories\")"}}
{"ts":"2026-09-14T13:14:04.444Z","level":"debug","scope":"sqlite","message":"query","meta":{"sql":"Executing (default): SELECT name FROM sqlite_master WHERE type='table' AND name = 'gold_rate_history'"}}
{"ts":"2026-09-14T13:14:04.445Z","level":"debug","scope":"sqlite","message":"query","meta":{"sql":"Executing (default): PRAGMA table_info(\"gold_rate_history\")"}}
{"ts":"2026-09-14T13:14:04.446Z","level":"debug","scope":"sqlite","message":"query","meta":{"sql":"Executing (default): SELECT name FROM sqlite_master WHERE type='table' AND name = 'hsn_codes'"}}
{"ts":"2026-09-14T13:14:04.447Z","level":"debug","scope":"sqlite","message":"query","meta":{"sql":"Executing (default): PRAGMA table_info(\"hsn_codes\")"}}
{"ts":"2026-09-14T13:14:04.448Z","level":"debug","scope":"sqlite","message":"query","meta":{"sql":"Executing (default): SELECT name FROM sqlite_master WHERE type='table' AND name = 'incomes'"}}
{"ts":"2026-09-14T13:14:04.449Z","level":"debug","scope":"sqlite","message":"query","meta":{"sql":"Executing (default): PRAGMA table_info(\"incomes\")"}}
{"ts":"2026-09-14T13:14:04.450Z","level":"debug","scope":"sqlite","message":"query","meta":{"sql":"Executing (default): SELECT name FROM sqlite_master WHERE type='table' AND name = 'inventory_adjustments'"}}
{"ts":"2026-09-14T13:14:04.451Z","level":"debug","scope":"sqlite","message":"query","meta":{"sql":"Executing (default): PRAGMA table_info(\"inventory_adjustments\")"}}
{"ts":"2026-09-14T13:14:04.452Z","level":"debug","scope":"sqlite","message":"query","meta":{"sql":"Executing (default): SELECT name FROM sqlite_master WHERE type='table' AND name = 'inventory_movements'"}}
{"ts":"2026-09-14T13:14:04.453Z","level":"debug","scope":"sqlite","message":"query","meta":{"sql":"Executing (default): PRAGMA table_info(\"inventory_movements\")"}}
{"ts":"2026-09-14T13:14:04.454Z","level":"debug","scope":"sqlite","message":"query","meta":{"sql":"Executing (default): SELECT name FROM sqlite_master WHERE type='table' AND name = 'invoices'"}}
{"ts":"2026-09-14T13:14:04.455Z","level":"debug","scope":"sqlite","message":"query","meta":{"sql":"Executing (default): PRAGMA table_info(\"invoices\")"}}
{"ts":"2026-09-14T13:14:04.456Z","level":"debug","scope":"sqlite","message":"query","meta":{"sql":"Executing (default): SELECT name FROM sqlite_master WHERE type='table' AND name = 'invoice_items'"}}
{"ts":"2026-09-14T13:14:04.457Z","level":"debug","scope":"sqlite","message":"query","meta":{"sql":"Executing (default): PRAGMA table_info(\"invoice_items\")"}}
{"ts":"2026-09-14T13:14:04.458Z","level":"debug","scope":"sqlite","message":"query","meta":{"sql":"Executing (default): SELECT name FROM sqlite_master WHERE type='table' AND name = 'invoice_sequences'"}}
{"ts":"2026-09-14T13:14:04.459Z","level":"debug","scope":"sqlite","message":"query","meta":{"sql":"Executing (default): PRAGMA table_info(\"invoice_sequences\")"}}
{"ts":"2026-09-14T13:14:04.460Z","level":"debug","scope":"sqlite","message":"query","meta":{"sql":"Executing (default): SELECT name FROM sqlite_master WHERE type='table' AND name = 'journal_entries'"}}
{"ts":"2026-09-14T13:14:04.461Z","level":"debug","scope":"sqlite","message":"query","meta":{"sql":"Executing (default): PRAGMA table_info(\"journal_entries\")"}}
{"ts":"2026-09-14T13:14:04.462Z","level":"debug","scope":"sqlite","message":"query","meta":{"sql":"Executing (default): SELECT name FROM sqlite_master WHERE type='table' AND name = 'journal_lines'"}}
{"ts":"2026-09-14T13:14:04.463Z","level":"debug","scope":"sqlite","message":"query","meta":{"sql":"Executing (default): PRAGMA table_info(\"journal_lines\")"}}
{"ts":"2026-09-14T13:14:04.464Z","level":"debug","scope":"sqlite","message":"query","meta":{"sql":"Executing (default): SELECT name FROM sqlite_master WHERE type='table' AND name = 'metal_issues'"}}
{"ts":"2026-09-14T13:14:04.465Z","level":"debug","scope":"sqlite","message":"query","meta":{"sql":"Executing (default): PRAGMA table_info(\"metal_issues\")"}}
{"ts":"2026-09-14T13:14:04.466Z","level":"debug","scope":"sqlite","message":"query","meta":{"sql":"Executing (default): SELECT name FROM sqlite_master WHERE type='table' AND name = 'notifications'"}}
{"ts":"2026-09-14T13:14:04.467Z","level":"debug","scope":"sqlite","message":"query","meta":{"sql":"Executing (default): PRAGMA table_info(\"notifications\")"}}
{"ts":"2026-09-14T13:14:04.468Z","level":"debug","scope":"sqlite","message":"query","meta":{"sql":"Executing (default): SELECT name FROM sqlite_master WHERE type='table' AND name = 'old_gold_receipts'"}}
{"ts":"2026-09-14T13:14:04.468Z","level":"debug","scope":"sqlite","message":"query","meta":{"sql":"Executing (default): PRAGMA table_info(\"old_gold_receipts\")"}}
{"ts":"2026-09-14T13:14:04.470Z","level":"debug","scope":"sqlite","message":"query","meta":{"sql":"Executing (default): SELECT name FROM sqlite_master WHERE type='table' AND name = 'old_gold_sales'"}}
{"ts":"2026-09-14T13:14:04.470Z","level":"debug","scope":"sqlite","message":"query","meta":{"sql":"Executing (default): PRAGMA table_info(\"old_gold_sales\")"}}
{"ts":"2026-09-14T13:14:04.472Z","level":"debug","scope":"sqlite","message":"query","meta":{"sql":"Executing (default): SELECT name FROM sqlite_master WHERE type='table' AND name = 'operation_ledger'"}}
{"ts":"2026-09-14T13:14:04.473Z","level":"debug","scope":"sqlite","message":"query","meta":{"sql":"Executing (default): PRAGMA table_info(\"operation_ledger\")"}}
{"ts":"2026-09-14T13:14:04.474Z","level":"debug","scope":"sqlite","message":"query","meta":{"sql":"Executing (default): SELECT name FROM sqlite_master WHERE type='table' AND name = 'orders'"}}
{"ts":"2026-09-14T13:14:04.475Z","level":"debug","scope":"sqlite","message":"query","meta":{"sql":"Executing (default): PRAGMA table_info(\"orders\")"}}
{"ts":"2026-09-14T13:14:04.476Z","level":"debug","scope":"sqlite","message":"query","meta":{"sql":"Executing (default): SELECT name FROM sqlite_master WHERE type='table' AND name = 'payments'"}}
{"ts":"2026-09-14T13:14:04.477Z","level":"debug","scope":"sqlite","message":"query","meta":{"sql":"Executing (default): PRAGMA table_info(\"payments\")"}}
{"ts":"2026-09-14T13:14:04.478Z","level":"debug","scope":"sqlite","message":"query","meta":{"sql":"Executing (default): SELECT name FROM sqlite_master WHERE type='table' AND name = 'products'"}}
{"ts":"2026-09-14T13:14:04.479Z","level":"debug","scope":"sqlite","message":"query","meta":{"sql":"Executing (default): PRAGMA table_info(\"products\")"}}
{"ts":"2026-09-14T13:14:04.480Z","level":"debug","scope":"sqlite","message":"query","meta":{"sql":"Executing (default): SELECT name FROM sqlite_master WHERE type='table' AND name = 'product_status_history'"}}
{"ts":"2026-09-14T13:14:04.481Z","level":"debug","scope":"sqlite","message":"query","meta":{"sql":"Executing (default): PRAGMA table_info(\"product_status_history\")"}}
{"ts":"2026-09-14T13:14:04.482Z","level":"debug","scope":"sqlite","message":"query","meta":{"sql":"Executing (default): SELECT name FROM sqlite_master WHERE type='table' AND name = 'purchases'"}}
{"ts":"2026-09-14T13:14:04.483Z","level":"debug","scope":"sqlite","message":"query","meta":{"sql":"Executing (default): PRAGMA table_info(\"purchases\")"}}
{"ts":"2026-09-14T13:14:04.484Z","level":"debug","scope":"sqlite","message":"query","meta":{"sql":"Executing (default): SELECT name FROM sqlite_master WHERE type='table' AND name = 'purchase_items'"}}
{"ts":"2026-09-14T13:14:04.485Z","level":"debug","scope":"sqlite","message":"query","meta":{"sql":"Executing (default): PRAGMA table_info(\"purchase_items\")"}}
{"ts":"2026-09-14T13:14:04.486Z","level":"debug","scope":"sqlite","message":"query","meta":{"sql":"Executing (default): SELECT name FROM sqlite_master WHERE type='table' AND name = 'pure_products'"}}
{"ts":"2026-09-14T13:14:04.487Z","level":"debug","scope":"sqlite","message":"query","meta":{"sql":"Executing (default): PRAGMA table_info(\"pure_products\")"}}
{"ts":"2026-09-14T13:14:04.488Z","level":"debug","scope":"sqlite","message":"query","meta":{"sql":"Executing (default): SELECT name FROM sqlite_master WHERE type='table' AND name = 'quotations'"}}
{"ts":"2026-09-14T13:14:04.489Z","level":"debug","scope":"sqlite","message":"query","meta":{"sql":"Executing (default): PRAGMA table_info(\"quotations\")"}}
{"ts":"2026-09-14T13:14:04.490Z","level":"debug","scope":"sqlite","message":"query","meta":{"sql":"Executing (default): SELECT name FROM sqlite_master WHERE type='table' AND name = 'replica_acks'"}}
{"ts":"2026-09-14T13:14:04.491Z","level":"debug","scope":"sqlite","message":"query","meta":{"sql":"Executing (default): PRAGMA table_info(\"replica_acks\")"}}
{"ts":"2026-09-14T13:14:04.492Z","level":"debug","scope":"sqlite","message":"query","meta":{"sql":"Executing (default): SELECT name FROM sqlite_master WHERE type='table' AND name = 'sale_authorities'"}}
{"ts":"2026-09-14T13:14:04.493Z","level":"debug","scope":"sqlite","message":"query","meta":{"sql":"Executing (default): PRAGMA table_info(\"sale_authorities\")"}}
{"ts":"2026-09-14T13:14:04.494Z","level":"debug","scope":"sqlite","message":"query","meta":{"sql":"Executing (default): SELECT name FROM sqlite_master WHERE type='table' AND name = 'schema_meta'"}}
{"ts":"2026-09-14T13:14:04.495Z","level":"debug","scope":"sqlite","message":"query","meta":{"sql":"Executing (default): PRAGMA table_info(\"schema_meta\")"}}
{"ts":"2026-09-14T13:14:04.496Z","level":"debug","scope":"sqlite","message":"query","meta":{"sql":"Executing (default): SELECT name FROM sqlite_master WHERE type='table' AND name = 'schemes'"}}
{"ts":"2026-09-14T13:14:04.497Z","level":"debug","scope":"sqlite","message":"query","meta":{"sql":"Executing (default): PRAGMA table_info(\"schemes\")"}}
{"ts":"2026-09-14T13:14:04.498Z","level":"debug","scope":"sqlite","message":"query","meta":{"sql":"Executing (default): SELECT name FROM sqlite_master WHERE type='table' AND name = 'scheme_plans'"}}
{"ts":"2026-09-14T13:14:04.499Z","level":"debug","scope":"sqlite","message":"query","meta":{"sql":"Executing (default): PRAGMA table_info(\"scheme_plans\")"}}
{"ts":"2026-09-14T13:14:04.500Z","level":"debug","scope":"sqlite","message":"query","meta":{"sql":"Executing (default): SELECT name FROM sqlite_master WHERE type='table' AND name = 'settings'"}}
{"ts":"2026-09-14T13:14:04.501Z","level":"debug","scope":"sqlite","message":"query","meta":{"sql":"Executing (default): PRAGMA table_info(\"settings\")"}}
{"ts":"2026-09-14T13:14:04.502Z","level":"debug","scope":"sqlite","message":"query","meta":{"sql":"Executing (default): SELECT name FROM sqlite_master WHERE type='table' AND name = 'shops'"}}
{"ts":"2026-09-14T13:14:04.502Z","level":"debug","scope":"sqlite","message":"query","meta":{"sql":"Executing (default): PRAGMA table_info(\"shops\")"}}
{"ts":"2026-09-14T13:14:04.504Z","level":"debug","scope":"sqlite","message":"query","meta":{"sql":"Executing (default): SELECT name FROM sqlite_master WHERE type='table' AND name = 'shop_counters'"}}
{"ts":"2026-09-14T13:14:04.506Z","level":"debug","scope":"sqlite","message":"query","meta":{"sql":"Executing (default): PRAGMA table_info(\"shop_counters\")"}}
{"ts":"2026-09-14T13:14:04.507Z","level":"debug","scope":"sqlite","message":"query","meta":{"sql":"Executing (default): SELECT name FROM sqlite_master WHERE type='table' AND name = 'stock_history'"}}
{"ts":"2026-09-14T13:14:04.508Z","level":"debug","scope":"sqlite","message":"query","meta":{"sql":"Executing (default): PRAGMA table_info(\"stock_history\")"}}
{"ts":"2026-09-14T13:14:04.510Z","level":"debug","scope":"sqlite","message":"query","meta":{"sql":"Executing (default): SELECT name FROM sqlite_master WHERE type='table' AND name = 'users'"}}
{"ts":"2026-09-14T13:14:04.513Z","level":"debug","scope":"sqlite","message":"query","meta":{"sql":"Executing (default): PRAGMA table_info(\"users\")"}}
{"ts":"2026-09-14T13:14:04.515Z","level":"debug","scope":"sqlite","message":"query","meta":{"sql":"Executing (default): SELECT name FROM sqlite_master WHERE type='table' AND name = 'vendors'"}}
{"ts":"2026-09-14T13:14:04.516Z","level":"debug","scope":"sqlite","message":"query","meta":{"sql":"Executing (default): PRAGMA table_info(\"vendors\")"}}
{"ts":"2026-09-14T13:14:04.517Z","level":"debug","scope":"sqlite","message":"query","meta":{"sql":"Executing (default): SELECT name FROM sqlite_master WHERE type='table' AND name = 'invoice_sequences'"}}
{"ts":"2026-09-14T13:14:04.518Z","level":"debug","scope":"sqlite","message":"query","meta":{"sql":"Executing (default): PRAGMA table_info(\"invoice_sequences\")"}}
{"ts":"2026-09-14T13:14:04.519Z","level":"debug","scope":"sqlite","message":"query","meta":{"sql":"Executing (default): SELECT name, tbl_name FROM sqlite_master\n     WHERE type = 'index' AND name NOT LIKE 'sqlite_autoindex_%'"}}
{"ts":"2026-09-14T13:14:04.520Z","level":"debug","scope":"sqlite","message":"query","meta":{"sql":"Executing (default): SELECT name FROM sqlite_master WHERE type='table' AND name = 'attributes'"}}
{"ts":"2026-09-14T13:14:04.521Z","level":"debug","scope":"sqlite","message":"query","meta":{"sql":"Executing (default): PRAGMA table_info(\"attributes\")"}}
{"ts":"2026-09-14T13:14:04.522Z","level":"debug","scope":"sqlite","message":"query","meta":{"sql":"Executing (default): SELECT name FROM sqlite_master WHERE type='table' AND name = 'audit_events'"}}
{"ts":"2026-09-14T13:14:04.523Z","level":"debug","scope":"sqlite","message":"query","meta":{"sql":"Executing (default): PRAGMA table_info(\"audit_events\")"}}
{"ts":"2026-09-14T13:14:04.524Z","level":"debug","scope":"sqlite","message":"query","meta":{"sql":"Executing (default): SELECT name FROM sqlite_master WHERE type='table' AND name = 'bank_accounts'"}}
{"ts":"2026-09-14T13:14:04.525Z","level":"debug","scope":"sqlite","message":"query","meta":{"sql":"Executing (default): PRAGMA table_info(\"bank_accounts\")"}}
{"ts":"2026-09-14T13:14:04.526Z","level":"debug","scope":"sqlite","message":"query","meta":{"sql":"Executing (default): SELECT name FROM sqlite_master WHERE type='table' AND name = 'bank_reconciliation_items'"}}
{"ts":"2026-09-14T13:14:04.528Z","level":"debug","scope":"sqlite","message":"query","meta":{"sql":"Executing (default): PRAGMA table_info(\"bank_reconciliation_items\")"}}
{"ts":"2026-09-14T13:14:04.529Z","level":"debug","scope":"sqlite","message":"query","meta":{"sql":"Executing (default): SELECT name FROM sqlite_master WHERE type='table' AND name = 'barcode_sequences'"}}
{"ts":"2026-09-14T13:14:04.530Z","level":"debug","scope":"sqlite","message":"query","meta":{"sql":"Executing (default): PRAGMA table_info(\"barcode_sequences\")"}}
{"ts":"2026-09-14T13:14:04.532Z","level":"debug","scope":"sqlite","message":"query","meta":{"sql":"Executing (default): SELECT name FROM sqlite_master WHERE type='table' AND name = 'barcode_stock_check_scans'"}}
{"ts":"2026-09-14T13:14:04.533Z","level":"debug","scope":"sqlite","message":"query","meta":{"sql":"Executing (default): PRAGMA table_info(\"barcode_stock_check_scans\")"}}
{"ts":"2026-09-14T13:14:04.534Z","level":"debug","scope":"sqlite","message":"query","meta":{"sql":"Executing (default): SELECT name FROM sqlite_master WHERE type='table' AND name = 'barcode_stock_check_sessions'"}}
{"ts":"2026-09-14T13:14:04.535Z","level":"debug","scope":"sqlite","message":"query","meta":{"sql":"Executing (default): PRAGMA table_info(\"barcode_stock_check_sessions\")"}}
{"ts":"2026-09-14T13:14:04.536Z","level":"debug","scope":"sqlite","message":"query","meta":{"sql":"Executing (default): SELECT name FROM sqlite_master WHERE type='table' AND name = 'barcode_templates'"}}
{"ts":"2026-09-14T13:14:04.536Z","level":"debug","scope":"sqlite","message":"query","meta":{"sql":"Executing (default): PRAGMA table_info(\"barcode_templates\")"}}
{"ts":"2026-09-14T13:14:04.537Z","level":"debug","scope":"sqlite","message":"query","meta":{"sql":"Executing (default): SELECT name FROM sqlite_master WHERE type='table' AND name = 'billing_rate_events'"}}
{"ts":"2026-09-14T13:14:04.538Z","level":"debug","scope":"sqlite","message":"query","meta":{"sql":"Executing (default): PRAGMA table_info(\"billing_rate_events\")"}}
{"ts":"2026-09-14T13:14:04.539Z","level":"debug","scope":"sqlite","message":"query","meta":{"sql":"Executing (default): SELECT name FROM sqlite_master WHERE type='table' AND name = 'campaigns'"}}
{"ts":"2026-09-14T13:14:04.540Z","level":"debug","scope":"sqlite","message":"query","meta":{"sql":"Executing (default): PRAGMA table_info(\"campaigns\")"}}
{"ts":"2026-09-14T13:14:04.541Z","level":"debug","scope":"sqlite","message":"query","meta":{"sql":"Executing (default): SELECT name FROM sqlite_master WHERE type='table' AND name = 'campaign_messages'"}}
{"ts":"2026-09-14T13:14:04.542Z","level":"debug","scope":"sqlite","message":"query","meta":{"sql":"Executing (default): PRAGMA table_info(\"campaign_messages\")"}}
{"ts":"2026-09-14T13:14:04.544Z","level":"debug","scope":"sqlite","message":"query","meta":{"sql":"Executing (default): SELECT name FROM sqlite_master WHERE type='table' AND name = 'cashbook_entries'"}}
{"ts":"2026-09-14T13:14:04.544Z","level":"debug","scope":"sqlite","message":"query","meta":{"sql":"Executing (default): PRAGMA table_info(\"cashbook_entries\")"}}
{"ts":"2026-09-14T13:14:04.546Z","level":"debug","scope":"sqlite","message":"query","meta":{"sql":"Executing (default): SELECT name FROM sqlite_master WHERE type='table' AND name = 'catalog_items'"}}
{"ts":"2026-09-14T13:14:04.546Z","level":"debug","scope":"sqlite","message":"query","meta":{"sql":"Executing (default): PRAGMA table_info(\"catalog_items\")"}}
{"ts":"2026-09-14T13:14:04.547Z","level":"debug","scope":"sqlite","message":"query","meta":{"sql":"Executing (default): SELECT name FROM sqlite_master WHERE type='table' AND name = 'categories'"}}
{"ts":"2026-09-14T13:14:04.548Z","level":"debug","scope":"sqlite","message":"query","meta":{"sql":"Executing (default): PRAGMA table_info(\"categories\")"}}
{"ts":"2026-09-14T13:14:04.549Z","level":"debug","scope":"sqlite","message":"query","meta":{"sql":"Executing (default): SELECT name FROM sqlite_master WHERE type='table' AND name = 'chart_of_accounts'"}}
{"ts":"2026-09-14T13:14:04.550Z","level":"debug","scope":"sqlite","message":"query","meta":{"sql":"Executing (default): PRAGMA table_info(\"chart_of_accounts\")"}}
{"ts":"2026-09-14T13:14:04.551Z","level":"debug","scope":"sqlite","message":"query","meta":{"sql":"Executing (default): SELECT name FROM sqlite_master WHERE type='table' AND name = 'cluster_state'"}}
{"ts":"2026-09-14T13:14:04.552Z","level":"debug","scope":"sqlite","message":"query","meta":{"sql":"Executing (default): PRAGMA table_info(\"cluster_state\")"}}
{"ts":"2026-09-14T13:14:04.553Z","level":"debug","scope":"sqlite","message":"query","meta":{"sql":"Executing (default): SELECT name FROM sqlite_master WHERE type='table' AND name = 'credit_notes'"}}
{"ts":"2026-09-14T13:14:04.554Z","level":"debug","scope":"sqlite","message":"query","meta":{"sql":"Executing (default): PRAGMA table_info(\"credit_notes\")"}}
{"ts":"2026-09-14T13:14:04.555Z","level":"debug","scope":"sqlite","message":"query","meta":{"sql":"Executing (default): SELECT name FROM sqlite_master WHERE type='table' AND name = 'customers'"}}
{"ts":"2026-09-14T13:14:04.556Z","level":"debug","scope":"sqlite","message":"query","meta":{"sql":"Executing (default): PRAGMA table_info(\"customers\")"}}
{"ts":"2026-09-14T13:14:04.557Z","level":"debug","scope":"sqlite","message":"query","meta":{"sql":"Executing (default): SELECT name FROM sqlite_master WHERE type='table' AND name = 'customer_advances'"}}
{"ts":"2026-09-14T13:14:04.558Z","level":"debug","scope":"sqlite","message":"query","meta":{"sql":"Executing (default): PRAGMA table_info(\"customer_advances\")"}}
{"ts":"2026-09-14T13:14:04.559Z","level":"debug","scope":"sqlite","message":"query","meta":{"sql":"Executing (default): SELECT name FROM sqlite_master WHERE type='table' AND name = 'customer_advance_applications'"}}
{"ts":"2026-09-14T13:14:04.560Z","level":"debug","scope":"sqlite","message":"query","meta":{"sql":"Executing (default): PRAGMA table_info(\"customer_advance_applications\")"}}
{"ts":"2026-09-14T13:14:04.561Z","level":"debug","scope":"sqlite","message":"query","meta":{"sql":"Executing (default): SELECT name FROM sqlite_master WHERE type='table' AND name = 'daily_closings'"}}
{"ts":"2026-09-14T13:14:04.562Z","level":"debug","scope":"sqlite","message":"query","meta":{"sql":"Executing (default): PRAGMA table_info(\"daily_closings\")"}}
{"ts":"2026-09-14T13:14:04.563Z","level":"debug","scope":"sqlite","message":"query","meta":{"sql":"Executing (default): SELECT name FROM sqlite_master WHERE type='table' AND name = 'devices'"}}
{"ts":"2026-09-14T13:14:04.564Z","level":"debug","scope":"sqlite","message":"query","meta":{"sql":"Executing (default): PRAGMA table_info(\"devices\")"}}
{"ts":"2026-09-14T13:14:04.565Z","level":"debug","scope":"sqlite","message":"query","meta":{"sql":"Executing (default): SELECT name FROM sqlite_master WHERE type='table' AND name = 'draft_sales'"}}
{"ts":"2026-09-14T13:14:04.566Z","level":"debug","scope":"sqlite","message":"query","meta":{"sql":"Executing (default): PRAGMA table_info(\"draft_sales\")"}}
{"ts":"2026-09-14T13:14:04.567Z","level":"debug","scope":"sqlite","message":"query","meta":{"sql":"Executing (default): SELECT name FROM sqlite_master WHERE type='table' AND name = 'employees'"}}
{"ts":"2026-09-14T13:14:04.568Z","level":"debug","scope":"sqlite","message":"query","meta":{"sql":"Executing (default): PRAGMA table_info(\"employees\")"}}
{"ts":"2026-09-14T13:14:04.569Z","level":"debug","scope":"sqlite","message":"query","meta":{"sql":"Executing (default): SELECT name FROM sqlite_master WHERE type='table' AND name = 'event_log'"}}
{"ts":"2026-09-14T13:14:04.570Z","level":"debug","scope":"sqlite","message":"query","meta":{"sql":"Executing (default): PRAGMA table_info(\"event_log\")"}}
{"ts":"2026-09-14T13:14:04.571Z","level":"debug","scope":"sqlite","message":"query","meta":{"sql":"Executing (default): SELECT name FROM sqlite_master WHERE type='table' AND name = 'expenses'"}}
{"ts":"2026-09-14T13:14:04.572Z","level":"debug","scope":"sqlite","message":"query","meta":{"sql":"Executing (default): PRAGMA table_info(\"expenses\")"}}
{"ts":"2026-09-14T13:14:04.573Z","level":"debug","scope":"sqlite","message":"query","meta":{"sql":"Executing (default): SELECT name FROM sqlite_master WHERE type='table' AND name = 'expense_categories'"}}
{"ts":"2026-09-14T13:14:04.574Z","level":"debug","scope":"sqlite","message":"query","meta":{"sql":"Executing (default): PRAGMA table_info(\"expense_categories\")"}}
{"ts":"2026-09-14T13:14:04.575Z","level":"debug","scope":"sqlite","message":"query","meta":{"sql":"Executing (default): SELECT name FROM sqlite_master WHERE type='table' AND name = 'gold_rate_history'"}}
{"ts":"2026-09-14T13:14:04.576Z","level":"debug","scope":"sqlite","message":"query","meta":{"sql":"Executing (default): PRAGMA table_info(\"gold_rate_history\")"}}
{"ts":"2026-09-14T13:14:04.577Z","level":"debug","scope":"sqlite","message":"query","meta":{"sql":"Executing (default): SELECT name FROM sqlite_master WHERE type='table' AND name = 'hsn_codes'"}}
{"ts":"2026-09-14T13:14:04.578Z","level":"debug","scope":"sqlite","message":"query","meta":{"sql":"Executing (default): PRAGMA table_info(\"hsn_codes\")"}}
{"ts":"2026-09-14T13:14:04.579Z","level":"debug","scope":"sqlite","message":"query","meta":{"sql":"Executing (default): SELECT name FROM sqlite_master WHERE type='table' AND name = 'incomes'"}}
{"ts":"2026-09-14T13:14:04.580Z","level":"debug","scope":"sqlite","message":"query","meta":{"sql":"Executing (default): PRAGMA table_info(\"incomes\")"}}
{"ts":"2026-09-14T13:14:04.581Z","level":"debug","scope":"sqlite","message":"query","meta":{"sql":"Executing (default): SELECT name FROM sqlite_master WHERE type='table' AND name = 'inventory_adjustments'"}}
{"ts":"2026-09-14T13:14:04.581Z","level":"debug","scope":"sqlite","message":"query","meta":{"sql":"Executing (default): PRAGMA table_info(\"inventory_adjustments\")"}}
{"ts":"2026-09-14T13:14:04.582Z","level":"debug","scope":"sqlite","message":"query","meta":{"sql":"Executing (default): SELECT name FROM sqlite_master WHERE type='table' AND name = 'inventory_movements'"}}
{"ts":"2026-09-14T13:14:04.583Z","level":"debug","scope":"sqlite","message":"query","meta":{"sql":"Executing (default): PRAGMA table_info(\"inventory_movements\")"}}
{"ts":"2026-09-14T13:14:04.584Z","level":"debug","scope":"sqlite","message":"query","meta":{"sql":"Executing (default): SELECT name FROM sqlite_master WHERE type='table' AND name = 'invoices'"}}
{"ts":"2026-09-14T13:14:04.585Z","level":"debug","scope":"sqlite","message":"query","meta":{"sql":"Executing (default): PRAGMA table_info(\"invoices\")"}}
{"ts":"2026-09-14T13:14:04.586Z","level":"debug","scope":"sqlite","message":"query","meta":{"sql":"Executing (default): SELECT name FROM sqlite_master WHERE type='table' AND name = 'invoice_items'"}}
{"ts":"2026-09-14T13:14:04.587Z","level":"debug","scope":"sqlite","message":"query","meta":{"sql":"Executing (default): PRAGMA table_info(\"invoice_items\")"}}
{"ts":"2026-09-14T13:14:04.588Z","level":"debug","scope":"sqlite","message":"query","meta":{"sql":"Executing (default): SELECT name FROM sqlite_master WHERE type='table' AND name = 'invoice_sequences'"}}
{"ts":"2026-09-14T13:14:04.589Z","level":"debug","scope":"sqlite","message":"query","meta":{"sql":"Executing (default): PRAGMA table_info(\"invoice_sequences\")"}}
{"ts":"2026-09-14T13:14:04.589Z","level":"debug","scope":"sqlite","message":"query","meta":{"sql":"Executing (default): SELECT name FROM sqlite_master WHERE type='table' AND name = 'journal_entries'"}}
{"ts":"2026-09-14T13:14:04.590Z","level":"debug","scope":"sqlite","message":"query","meta":{"sql":"Executing (default): PRAGMA table_info(\"journal_entries\")"}}
{"ts":"2026-09-14T13:14:04.591Z","level":"debug","scope":"sqlite","message":"query","meta":{"sql":"Executing (default): SELECT name FROM sqlite_master WHERE type='table' AND name = 'journal_lines'"}}
{"ts":"2026-09-14T13:14:04.592Z","level":"debug","scope":"sqlite","message":"query","meta":{"sql":"Executing (default): PRAGMA table_info(\"journal_lines\")"}}
{"ts":"2026-09-14T13:14:04.593Z","level":"debug","scope":"sqlite","message":"query","meta":{"sql":"Executing (default): SELECT name FROM sqlite_master WHERE type='table' AND name = 'metal_issues'"}}
{"ts":"2026-09-14T13:14:04.594Z","level":"debug","scope":"sqlite","message":"query","meta":{"sql":"Executing (default): PRAGMA table_info(\"metal_issues\")"}}
{"ts":"2026-09-14T13:14:04.594Z","level":"debug","scope":"sqlite","message":"query","meta":{"sql":"Executing (default): SELECT name FROM sqlite_master WHERE type='table' AND name = 'notifications'"}}
{"ts":"2026-09-14T13:14:04.595Z","level":"debug","scope":"sqlite","message":"query","meta":{"sql":"Executing (default): PRAGMA table_info(\"notifications\")"}}
{"ts":"2026-09-14T13:14:04.596Z","level":"debug","scope":"sqlite","message":"query","meta":{"sql":"Executing (default): SELECT name FROM sqlite_master WHERE type='table' AND name = 'old_gold_receipts'"}}
{"ts":"2026-09-14T13:14:04.597Z","level":"debug","scope":"sqlite","message":"query","meta":{"sql":"Executing (default): PRAGMA table_info(\"old_gold_receipts\")"}}
{"ts":"2026-09-14T13:14:04.598Z","level":"debug","scope":"sqlite","message":"query","meta":{"sql":"Executing (default): SELECT name FROM sqlite_master WHERE type='table' AND name = 'old_gold_sales'"}}
{"ts":"2026-09-14T13:14:04.599Z","level":"debug","scope":"sqlite","message":"query","meta":{"sql":"Executing (default): PRAGMA table_info(\"old_gold_sales\")"}}
{"ts":"2026-09-14T13:14:04.600Z","level":"debug","scope":"sqlite","message":"query","meta":{"sql":"Executing (default): SELECT name FROM sqlite_master WHERE type='table' AND name = 'operation_ledger'"}}
{"ts":"2026-09-14T13:14:04.601Z","level":"debug","scope":"sqlite","message":"query","meta":{"sql":"Executing (default): PRAGMA table_info(\"operation_ledger\")"}}
{"ts":"2026-09-14T13:14:04.601Z","level":"debug","scope":"sqlite","message":"query","meta":{"sql":"Executing (default): SELECT name FROM sqlite_master WHERE type='table' AND name = 'orders'"}}
{"ts":"2026-09-14T13:14:04.602Z","level":"debug","scope":"sqlite","message":"query","meta":{"sql":"Executing (default): PRAGMA table_info(\"orders\")"}}
{"ts":"2026-09-14T13:14:04.603Z","level":"debug","scope":"sqlite","message":"query","meta":{"sql":"Executing (default): SELECT name FROM sqlite_master WHERE type='table' AND name = 'payments'"}}
{"ts":"2026-09-14T13:14:04.604Z","level":"debug","scope":"sqlite","message":"query","meta":{"sql":"Executing (default): PRAGMA table_info(\"payments\")"}}
{"ts":"2026-09-14T13:14:04.605Z","level":"debug","scope":"sqlite","message":"query","meta":{"sql":"Executing (default): SELECT name FROM sqlite_master WHERE type='table' AND name = 'products'"}}
{"ts":"2026-09-14T13:14:04.606Z","level":"debug","scope":"sqlite","message":"query","meta":{"sql":"Executing (default): PRAGMA table_info(\"products\")"}}
{"ts":"2026-09-14T13:14:04.607Z","level":"debug","scope":"sqlite","message":"query","meta":{"sql":"Executing (default): SELECT name FROM sqlite_master WHERE type='table' AND name = 'product_status_history'"}}
{"ts":"2026-09-14T13:14:04.608Z","level":"debug","scope":"sqlite","message":"query","meta":{"sql":"Executing (default): PRAGMA table_info(\"product_status_history\")"}}
{"ts":"2026-09-14T13:14:04.609Z","level":"debug","scope":"sqlite","message":"query","meta":{"sql":"Executing (default): SELECT name FROM sqlite_master WHERE type='table' AND name = 'purchases'"}}
{"ts":"2026-09-14T13:14:04.609Z","level":"debug","scope":"sqlite","message":"query","meta":{"sql":"Executing (default): PRAGMA table_info(\"purchases\")"}}
{"ts":"2026-09-14T13:14:04.610Z","level":"debug","scope":"sqlite","message":"query","meta":{"sql":"Executing (default): SELECT name FROM sqlite_master WHERE type='table' AND name = 'purchase_items'"}}
{"ts":"2026-09-14T13:14:04.611Z","level":"debug","scope":"sqlite","message":"query","meta":{"sql":"Executing (default): PRAGMA table_info(\"purchase_items\")"}}
{"ts":"2026-09-14T13:14:04.612Z","level":"debug","scope":"sqlite","message":"query","meta":{"sql":"Executing (default): SELECT name FROM sqlite_master WHERE type='table' AND name = 'pure_products'"}}
{"ts":"2026-09-14T13:14:04.613Z","level":"debug","scope":"sqlite","message":"query","meta":{"sql":"Executing (default): PRAGMA table_info(\"pure_products\")"}}
{"ts":"2026-09-14T13:14:04.614Z","level":"debug","scope":"sqlite","message":"query","meta":{"sql":"Executing (default): SELECT name FROM sqlite_master WHERE type='table' AND name = 'quotations'"}}
{"ts":"2026-09-14T13:14:04.615Z","level":"debug","scope":"sqlite","message":"query","meta":{"sql":"Executing (default): PRAGMA table_info(\"quotations\")"}}
{"ts":"2026-09-14T13:14:04.616Z","level":"debug","scope":"sqlite","message":"query","meta":{"sql":"Executing (default): ALTER TABLE \"quotations\" ADD COLUMN \"business_date\" TEXT"}}
{"ts":"2026-09-14T13:14:04.622Z","level":"debug","scope":"sqlite","message":"query","meta":{"sql":"Executing (default): SELECT name FROM sqlite_master WHERE type='table' AND name = 'replica_acks'"}}
{"ts":"2026-09-14T13:14:04.623Z","level":"debug","scope":"sqlite","message":"query","meta":{"sql":"Executing (default): PRAGMA table_info(\"replica_acks\")"}}
{"ts":"2026-09-14T13:14:04.624Z","level":"debug","scope":"sqlite","message":"query","meta":{"sql":"Executing (default): SELECT name FROM sqlite_master WHERE type='table' AND name = 'sale_authorities'"}}
{"ts":"2026-09-14T13:14:04.625Z","level":"debug","scope":"sqlite","message":"query","meta":{"sql":"Executing (default): PRAGMA table_info(\"sale_authorities\")"}}
{"ts":"2026-09-14T13:14:04.626Z","level":"debug","scope":"sqlite","message":"query","meta":{"sql":"Executing (default): SELECT name FROM sqlite_master WHERE type='table' AND name = 'schema_meta'"}}
{"ts":"2026-09-14T13:14:04.626Z","level":"debug","scope":"sqlite","message":"query","meta":{"sql":"Executing (default): PRAGMA table_info(\"schema_meta\")"}}
{"ts":"2026-09-14T13:14:04.627Z","level":"debug","scope":"sqlite","message":"query","meta":{"sql":"Executing (default): SELECT name FROM sqlite_master WHERE type='table' AND name = 'schemes'"}}
{"ts":"2026-09-14T13:14:04.628Z","level":"debug","scope":"sqlite","message":"query","meta":{"sql":"Executing (default): PRAGMA table_info(\"schemes\")"}}
{"ts":"2026-09-14T13:14:04.630Z","level":"debug","scope":"sqlite","message":"query","meta":{"sql":"Executing (default): SELECT name FROM sqlite_master WHERE type='table' AND name = 'scheme_plans'"}}
{"ts":"2026-09-14T13:14:04.630Z","level":"debug","scope":"sqlite","message":"query","meta":{"sql":"Executing (default): PRAGMA table_info(\"scheme_plans\")"}}
{"ts":"2026-09-14T13:14:04.631Z","level":"debug","scope":"sqlite","message":"query","meta":{"sql":"Executing (default): SELECT name FROM sqlite_master WHERE type='table' AND name = 'settings'"}}
{"ts":"2026-09-14T13:14:04.632Z","level":"debug","scope":"sqlite","message":"query","meta":{"sql":"Executing (default): PRAGMA table_info(\"settings\")"}}
{"ts":"2026-09-14T13:14:04.633Z","level":"debug","scope":"sqlite","message":"query","meta":{"sql":"Executing (default): SELECT name FROM sqlite_master WHERE type='table' AND name = 'shops'"}}
{"ts":"2026-09-14T13:14:04.633Z","level":"debug","scope":"sqlite","message":"query","meta":{"sql":"Executing (default): PRAGMA table_info(\"shops\")"}}
{"ts":"2026-09-14T13:14:04.634Z","level":"debug","scope":"sqlite","message":"query","meta":{"sql":"Executing (default): SELECT name FROM sqlite_master WHERE type='table' AND name = 'shop_counters'"}}
{"ts":"2026-09-14T13:14:04.635Z","level":"debug","scope":"sqlite","message":"query","meta":{"sql":"Executing (default): PRAGMA table_info(\"shop_counters\")"}}
{"ts":"2026-09-14T13:14:04.636Z","level":"debug","scope":"sqlite","message":"query","meta":{"sql":"Executing (default): SELECT name FROM sqlite_master WHERE type='table' AND name = 'stock_history'"}}
{"ts":"2026-09-14T13:14:04.637Z","level":"debug","scope":"sqlite","message":"query","meta":{"sql":"Executing (default): PRAGMA table_info(\"stock_history\")"}}
{"ts":"2026-09-14T13:14:04.638Z","level":"debug","scope":"sqlite","message":"query","meta":{"sql":"Executing (default): SELECT name FROM sqlite_master WHERE type='table' AND name = 'users'"}}
{"ts":"2026-09-14T13:14:04.639Z","level":"debug","scope":"sqlite","message":"query","meta":{"sql":"Executing (default): PRAGMA table_info(\"users\")"}}
{"ts":"2026-09-14T13:14:04.639Z","level":"debug","scope":"sqlite","message":"query","meta":{"sql":"Executing (default): SELECT name FROM sqlite_master WHERE type='table' AND name = 'vendors'"}}
{"ts":"2026-09-14T13:14:04.640Z","level":"debug","scope":"sqlite","message":"query","meta":{"sql":"Executing (default): PRAGMA table_info(\"vendors\")"}}
{"ts":"2026-09-14T13:14:04.641Z","level":"debug","scope":"sqlite","message":"query","meta":{"sql":"Executing (default): SELECT name FROM sqlite_master WHERE type='table' AND name = 'invoice_items'"}}
{"ts":"2026-09-14T13:14:04.642Z","level":"debug","scope":"sqlite","message":"query","meta":{"sql":"Executing (default): SELECT name FROM sqlite_master WHERE type='table' AND name = 'purchase_items'"}}
{"ts":"2026-09-14T13:14:04.643Z","level":"info","scope":"sqlite","message":"ensuring model tables (sync without alter)"}
{"ts":"2026-09-14T13:14:04.647Z","level":"debug","scope":"sqlite","message":"query","meta":{"sql":"Executing (default): SELECT name FROM sqlite_master WHERE type='table' AND name='users';"}}
{"ts":"2026-09-14T13:14:04.650Z","level":"debug","scope":"sqlite","message":"query","meta":{"sql":"Executing (default): PRAGMA INDEX_LIST(`users`)"}}
{"ts":"2026-09-14T13:14:04.651Z","level":"debug","scope":"sqlite","message":"query","meta":{"sql":"Executing (default): PRAGMA INDEX_INFO(`sqlite_autoindex_users_1`)"}}
{"ts":"2026-09-14T13:14:04.652Z","level":"debug","scope":"sqlite","message":"query","meta":{"sql":"Executing (default): SELECT name FROM sqlite_master WHERE type='table' AND name='categories';"}}
{"ts":"2026-09-14T13:14:04.653Z","level":"debug","scope":"sqlite","message":"query","meta":{"sql":"Executing (default): PRAGMA INDEX_LIST(`categories`)"}}
{"ts":"2026-09-14T13:14:04.655Z","level":"debug","scope":"sqlite","message":"query","meta":{"sql":"Executing (default): PRAGMA INDEX_INFO(`sqlite_autoindex_categories_1`)"}}
{"ts":"2026-09-14T13:14:04.657Z","level":"debug","scope":"sqlite","message":"query","meta":{"sql":"Executing (default): SELECT name FROM sqlite_master WHERE type='table' AND name='attributes';"}}
{"ts":"2026-09-14T13:14:04.658Z","level":"debug","scope":"sqlite","message":"query","meta":{"sql":"Executing (default): PRAGMA INDEX_LIST(`attributes`)"}}
{"ts":"2026-09-14T13:14:04.659Z","level":"debug","scope":"sqlite","message":"query","meta":{"sql":"Executing (default): PRAGMA INDEX_INFO(`sqlite_autoindex_attributes_1`)"}}
{"ts":"2026-09-14T13:14:04.661Z","level":"debug","scope":"sqlite","message":"query","meta":{"sql":"Executing (default): SELECT name FROM sqlite_master WHERE type='table' AND name='catalog_items';"}}
{"ts":"2026-09-14T13:14:04.662Z","level":"debug","scope":"sqlite","message":"query","meta":{"sql":"Executing (default): PRAGMA INDEX_LIST(`catalog_items`)"}}
{"ts":"2026-09-14T13:14:04.663Z","level":"debug","scope":"sqlite","message":"query","meta":{"sql":"Executing (default): PRAGMA INDEX_INFO(`sqlite_autoindex_catalog_items_1`)"}}
{"ts":"2026-09-14T13:14:04.664Z","level":"debug","scope":"sqlite","message":"query","meta":{"sql":"Executing (default): SELECT name FROM sqlite_master WHERE type='table' AND name='products';"}}
{"ts":"2026-09-14T13:14:04.666Z","level":"debug","scope":"sqlite","message":"query","meta":{"sql":"Executing (default): PRAGMA INDEX_LIST(`products`)"}}
{"ts":"2026-09-14T13:14:04.667Z","level":"debug","scope":"sqlite","message":"query","meta":{"sql":"Executing (default): PRAGMA INDEX_INFO(`sqlite_autoindex_products_1`)"}}
{"ts":"2026-09-14T13:14:04.667Z","level":"debug","scope":"sqlite","message":"query","meta":{"sql":"Executing (default): PRAGMA INDEX_INFO(`products_barcode_idx`)"}}
{"ts":"2026-09-14T13:14:04.667Z","level":"debug","scope":"sqlite","message":"query","meta":{"sql":"Executing (default): PRAGMA INDEX_INFO(`products_code_idx`)"}}
{"ts":"2026-09-14T13:14:04.669Z","level":"debug","scope":"sqlite","message":"query","meta":{"sql":"Executing (default): SELECT name FROM sqlite_master WHERE type='table' AND name='customers';"}}
{"ts":"2026-09-14T13:14:04.670Z","level":"debug","scope":"sqlite","message":"query","meta":{"sql":"Executing (default): PRAGMA INDEX_LIST(`customers`)"}}
{"ts":"2026-09-14T13:14:04.671Z","level":"debug","scope":"sqlite","message":"query","meta":{"sql":"Executing (default): PRAGMA INDEX_INFO(`sqlite_autoindex_customers_1`)"}}
{"ts":"2026-09-14T13:14:04.671Z","level":"debug","scope":"sqlite","message":"query","meta":{"sql":"Executing (default): PRAGMA INDEX_INFO(`customers_mobile_idx`)"}}
{"ts":"2026-09-14T13:14:04.672Z","level":"debug","scope":"sqlite","message":"query","meta":{"sql":"Executing (default): PRAGMA INDEX_INFO(`customers_name_idx`)"}}
{"ts":"2026-09-14T13:14:04.673Z","level":"debug","scope":"sqlite","message":"query","meta":{"sql":"Executing (default): SELECT name FROM sqlite_master WHERE type='table' AND name='invoices';"}}
{"ts":"2026-09-14T13:14:04.674Z","level":"debug","scope":"sqlite","message":"query","meta":{"sql":"Executing (default): PRAGMA INDEX_LIST(`invoices`)"}}
{"ts":"2026-09-14T13:14:04.675Z","level":"debug","scope":"sqlite","message":"query","meta":{"sql":"Executing (default): PRAGMA INDEX_INFO(`sqlite_autoindex_invoices_1`)"}}
{"ts":"2026-09-14T13:14:04.676Z","level":"debug","scope":"sqlite","message":"query","meta":{"sql":"Executing (default): PRAGMA INDEX_INFO(`invoices_shop_no_uk`)"}}
{"ts":"2026-09-14T13:14:04.676Z","level":"debug","scope":"sqlite","message":"query","meta":{"sql":"Executing (default): PRAGMA INDEX_INFO(`invoices_request_id_uk`)"}}
{"ts":"2026-09-14T13:14:04.678Z","level":"debug","scope":"sqlite","message":"query","meta":{"sql":"Executing (default): SELECT name FROM sqlite_master WHERE type='table' AND name='schemes';"}}
{"ts":"2026-09-14T13:14:04.679Z","level":"debug","scope":"sqlite","message":"query","meta":{"sql":"Executing (default): PRAGMA INDEX_LIST(`schemes`)"}}
{"ts":"2026-09-14T13:14:04.679Z","level":"debug","scope":"sqlite","message":"query","meta":{"sql":"Executing (default): PRAGMA INDEX_INFO(`sqlite_autoindex_schemes_1`)"}}
{"ts":"2026-09-14T13:14:04.680Z","level":"debug","scope":"sqlite","message":"query","meta":{"sql":"Executing (default): SELECT name FROM sqlite_master WHERE type='table' AND name='scheme_plans';"}}
{"ts":"2026-09-14T13:14:04.681Z","level":"debug","scope":"sqlite","message":"query","meta":{"sql":"Executing (default): PRAGMA INDEX_LIST(`scheme_plans`)"}}
{"ts":"2026-09-14T13:14:04.682Z","level":"debug","scope":"sqlite","message":"query","meta":{"sql":"Executing (default): PRAGMA INDEX_INFO(`sqlite_autoindex_scheme_plans_1`)"}}
{"ts":"2026-09-14T13:14:04.683Z","level":"debug","scope":"sqlite","message":"query","meta":{"sql":"Executing (default): SELECT name FROM sqlite_master WHERE type='table' AND name='campaigns';"}}
{"ts":"2026-09-14T13:14:04.684Z","level":"debug","scope":"sqlite","message":"query","meta":{"sql":"Executing (default): PRAGMA INDEX_LIST(`campaigns`)"}}
{"ts":"2026-09-14T13:14:04.685Z","level":"debug","scope":"sqlite","message":"query","meta":{"sql":"Executing (default): PRAGMA INDEX_INFO(`sqlite_autoindex_campaigns_1`)"}}
{"ts":"2026-09-14T13:14:04.685Z","level":"debug","scope":"sqlite","message":"query","meta":{"sql":"Executing (default): SELECT name FROM sqlite_master WHERE type='table' AND name='campaign_messages';"}}
{"ts":"2026-09-14T13:14:04.687Z","level":"debug","scope":"sqlite","message":"query","meta":{"sql":"Executing (default): PRAGMA INDEX_LIST(`campaign_messages`)"}}
{"ts":"2026-09-14T13:14:04.688Z","level":"debug","scope":"sqlite","message":"query","meta":{"sql":"Executing (default): PRAGMA INDEX_INFO(`sqlite_autoindex_campaign_messages_1`)"}}
{"ts":"2026-09-14T13:14:04.689Z","level":"debug","scope":"sqlite","message":"query","meta":{"sql":"Executing (default): SELECT name FROM sqlite_master WHERE type='table' AND name='expense_categories';"}}
{"ts":"2026-09-14T13:14:04.690Z","level":"debug","scope":"sqlite","message":"query","meta":{"sql":"Executing (default): PRAGMA INDEX_LIST(`expense_categories`)"}}
{"ts":"2026-09-14T13:14:04.690Z","level":"debug","scope":"sqlite","message":"query","meta":{"sql":"Executing (default): PRAGMA INDEX_INFO(`sqlite_autoindex_expense_categories_1`)"}}
{"ts":"2026-09-14T13:14:04.691Z","level":"debug","scope":"sqlite","message":"query","meta":{"sql":"Executing (default): SELECT name FROM sqlite_master WHERE type='table' AND name='expenses';"}}
{"ts":"2026-09-14T13:14:04.692Z","level":"debug","scope":"sqlite","message":"query","meta":{"sql":"Executing (default): PRAGMA INDEX_LIST(`expenses`)"}}
{"ts":"2026-09-14T13:14:04.693Z","level":"debug","scope":"sqlite","message":"query","meta":{"sql":"Executing (default): PRAGMA INDEX_INFO(`sqlite_autoindex_expenses_1`)"}}
{"ts":"2026-09-14T13:14:04.693Z","level":"debug","scope":"sqlite","message":"query","meta":{"sql":"Executing (default): SELECT name FROM sqlite_master WHERE type='table' AND name='incomes';"}}
{"ts":"2026-09-14T13:14:04.694Z","level":"debug","scope":"sqlite","message":"query","meta":{"sql":"Executing (default): PRAGMA INDEX_LIST(`incomes`)"}}
{"ts":"2026-09-14T13:14:04.695Z","level":"debug","scope":"sqlite","message":"query","meta":{"sql":"Executing (default): PRAGMA INDEX_INFO(`sqlite_autoindex_incomes_1`)"}}
{"ts":"2026-09-14T13:14:04.696Z","level":"debug","scope":"sqlite","message":"query","meta":{"sql":"Executing (default): SELECT name FROM sqlite_master WHERE type='table' AND name='daily_closings';"}}
{"ts":"2026-09-14T13:14:04.697Z","level":"debug","scope":"sqlite","message":"query","meta":{"sql":"Executing (default): PRAGMA INDEX_LIST(`daily_closings`)"}}
{"ts":"2026-09-14T13:14:04.697Z","level":"debug","scope":"sqlite","message":"query","meta":{"sql":"Executing (default): PRAGMA INDEX_INFO(`sqlite_autoindex_daily_closings_1`)"}}
{"ts":"2026-09-14T13:14:04.698Z","level":"debug","scope":"sqlite","message":"query","meta":{"sql":"Executing (default): PRAGMA INDEX_INFO(`daily_closings_shop_date_uk`)"}}
{"ts":"2026-09-14T13:14:04.699Z","level":"debug","scope":"sqlite","message":"query","meta":{"sql":"Executing (default): SELECT name FROM sqlite_master WHERE type='table' AND name='notifications';"}}
{"ts":"2026-09-14T13:14:04.700Z","level":"debug","scope":"sqlite","message":"query","meta":{"sql":"Executing (default): PRAGMA INDEX_LIST(`notifications`)"}}
{"ts":"2026-09-14T13:14:04.701Z","level":"debug","scope":"sqlite","message":"query","meta":{"sql":"Executing (default): PRAGMA INDEX_INFO(`sqlite_autoindex_notifications_1`)"}}
{"ts":"2026-09-14T13:14:04.701Z","level":"debug","scope":"sqlite","message":"query","meta":{"sql":"Executing (default): SELECT name FROM sqlite_master WHERE type='table' AND name='stock_history';"}}
{"ts":"2026-09-14T13:14:04.702Z","level":"debug","scope":"sqlite","message":"query","meta":{"sql":"Executing (default): PRAGMA INDEX_LIST(`stock_history`)"}}
{"ts":"2026-09-14T13:14:04.703Z","level":"debug","scope":"sqlite","message":"query","meta":{"sql":"Executing (default): PRAGMA INDEX_INFO(`sqlite_autoindex_stock_history_1`)"}}
{"ts":"2026-09-14T13:14:04.704Z","level":"debug","scope":"sqlite","message":"query","meta":{"sql":"Executing (default): SELECT name FROM sqlite_master WHERE type='table' AND name='inventory_adjustments';"}}
{"ts":"2026-09-14T13:14:04.704Z","level":"debug","scope":"sqlite","message":"query","meta":{"sql":"Executing (default): PRAGMA INDEX_LIST(`inventory_adjustments`)"}}
{"ts":"2026-09-14T13:14:04.705Z","level":"debug","scope":"sqlite","message":"query","meta":{"sql":"Executing (default): PRAGMA INDEX_INFO(`sqlite_autoindex_inventory_adjustments_1`)"}}
{"ts":"2026-09-14T13:14:04.706Z","level":"debug","scope":"sqlite","message":"query","meta":{"sql":"Executing (default): SELECT name FROM sqlite_master WHERE type='table' AND name='employees';"}}
{"ts":"2026-09-14T13:14:04.707Z","level":"debug","scope":"sqlite","message":"query","meta":{"sql":"Executing (default): PRAGMA INDEX_LIST(`employees`)"}}
{"ts":"2026-09-14T13:14:04.708Z","level":"debug","scope":"sqlite","message":"query","meta":{"sql":"Executing (default): PRAGMA INDEX_INFO(`sqlite_autoindex_employees_1`)"}}
{"ts":"2026-09-14T13:14:04.708Z","level":"debug","scope":"sqlite","message":"query","meta":{"sql":"Executing (default): SELECT name FROM sqlite_master WHERE type='table' AND name='quotations';"}}
{"ts":"2026-09-14T13:14:04.709Z","level":"debug","scope":"sqlite","message":"query","meta":{"sql":"Executing (default): PRAGMA INDEX_LIST(`quotations`)"}}
{"ts":"2026-09-14T13:14:04.710Z","level":"debug","scope":"sqlite","message":"query","meta":{"sql":"Executing (default): PRAGMA INDEX_INFO(`sqlite_autoindex_quotations_1`)"}}
{"ts":"2026-09-14T13:14:04.710Z","level":"debug","scope":"sqlite","message":"query","meta":{"sql":"Executing (default): PRAGMA INDEX_INFO(`quotations_quote_no_uk`)"}}
{"ts":"2026-09-14T13:14:04.711Z","level":"debug","scope":"sqlite","message":"query","meta":{"sql":"Executing (default): SELECT name FROM sqlite_master WHERE type='table' AND name='vendors';"}}
{"ts":"2026-09-14T13:14:04.712Z","level":"debug","scope":"sqlite","message":"query","meta":{"sql":"Executing (default): PRAGMA INDEX_LIST(`vendors`)"}}
{"ts":"2026-09-14T13:14:04.713Z","level":"debug","scope":"sqlite","message":"query","meta":{"sql":"Executing (default): PRAGMA INDEX_INFO(`sqlite_autoindex_vendors_1`)"}}
{"ts":"2026-09-14T13:14:04.714Z","level":"debug","scope":"sqlite","message":"query","meta":{"sql":"Executing (default): SELECT name FROM sqlite_master WHERE type='table' AND name='purchases';"}}
{"ts":"2026-09-14T13:14:04.715Z","level":"debug","scope":"sqlite","message":"query","meta":{"sql":"Executing (default): PRAGMA INDEX_LIST(`purchases`)"}}
{"ts":"2026-09-14T13:14:04.716Z","level":"debug","scope":"sqlite","message":"query","meta":{"sql":"Executing (default): PRAGMA INDEX_INFO(`sqlite_autoindex_purchases_1`)"}}
{"ts":"2026-09-14T13:14:04.716Z","level":"debug","scope":"sqlite","message":"query","meta":{"sql":"Executing (default): SELECT name FROM sqlite_master WHERE type='table' AND name='orders';"}}
{"ts":"2026-09-14T13:14:04.718Z","level":"debug","scope":"sqlite","message":"query","meta":{"sql":"Executing (default): PRAGMA INDEX_LIST(`orders`)"}}
{"ts":"2026-09-14T13:14:04.718Z","level":"debug","scope":"sqlite","message":"query","meta":{"sql":"Executing (default): PRAGMA INDEX_INFO(`sqlite_autoindex_orders_1`)"}}
{"ts":"2026-09-14T13:14:04.719Z","level":"debug","scope":"sqlite","message":"query","meta":{"sql":"Executing (default): PRAGMA INDEX_INFO(`orders_order_no_uk`)"}}
{"ts":"2026-09-14T13:14:04.720Z","level":"debug","scope":"sqlite","message":"query","meta":{"sql":"Executing (default): SELECT name FROM sqlite_master WHERE type='table' AND name='barcode_templates';"}}
{"ts":"2026-09-14T13:14:04.721Z","level":"debug","scope":"sqlite","message":"query","meta":{"sql":"Executing (default): PRAGMA INDEX_LIST(`barcode_templates`)"}}
{"ts":"2026-09-14T13:14:04.722Z","level":"debug","scope":"sqlite","message":"query","meta":{"sql":"Executing (default): PRAGMA INDEX_INFO(`sqlite_autoindex_barcode_templates_1`)"}}
{"ts":"2026-09-14T13:14:04.723Z","level":"debug","scope":"sqlite","message":"query","meta":{"sql":"Executing (default): SELECT name FROM sqlite_master WHERE type='table' AND name='settings';"}}
{"ts":"2026-09-14T13:14:04.724Z","level":"debug","scope":"sqlite","message":"query","meta":{"sql":"Executing (default): PRAGMA INDEX_LIST(`settings`)"}}
{"ts":"2026-09-14T13:14:04.725Z","level":"debug","scope":"sqlite","message":"query","meta":{"sql":"Executing (default): PRAGMA INDEX_INFO(`sqlite_autoindex_settings_1`)"}}
{"ts":"2026-09-14T13:14:04.725Z","level":"debug","scope":"sqlite","message":"query","meta":{"sql":"Executing (default): PRAGMA INDEX_INFO(`settings_new_key_uk`)"}}
{"ts":"2026-09-14T13:14:04.727Z","level":"debug","scope":"sqlite","message":"query","meta":{"sql":"Executing (default): SELECT name FROM sqlite_master WHERE type='table' AND name='shops';"}}
{"ts":"2026-09-14T13:14:04.728Z","level":"debug","scope":"sqlite","message":"query","meta":{"sql":"Executing (default): PRAGMA INDEX_LIST(`shops`)"}}
{"ts":"2026-09-14T13:14:04.728Z","level":"debug","scope":"sqlite","message":"query","meta":{"sql":"Executing (default): PRAGMA INDEX_INFO(`sqlite_autoindex_shops_1`)"}}
{"ts":"2026-09-14T13:14:04.729Z","level":"debug","scope":"sqlite","message":"query","meta":{"sql":"Executing (default): SELECT name FROM sqlite_master WHERE type='table' AND name='devices';"}}
{"ts":"2026-09-14T13:14:04.730Z","level":"debug","scope":"sqlite","message":"query","meta":{"sql":"Executing (default): PRAGMA INDEX_LIST(`devices`)"}}
{"ts":"2026-09-14T13:14:04.731Z","level":"debug","scope":"sqlite","message":"query","meta":{"sql":"Executing (default): PRAGMA INDEX_INFO(`sqlite_autoindex_devices_1`)"}}
{"ts":"2026-09-14T13:14:04.732Z","level":"debug","scope":"sqlite","message":"query","meta":{"sql":"Executing (default): PRAGMA INDEX_INFO(`sqlite_autoindex_devices_2`)"}}
{"ts":"2026-09-14T13:14:04.732Z","level":"debug","scope":"sqlite","message":"query","meta":{"sql":"Executing (default): PRAGMA INDEX_INFO(`devices_shop_id_device_identifier`)"}}
{"ts":"2026-09-14T13:14:04.733Z","level":"debug","scope":"sqlite","message":"query","meta":{"sql":"Executing (default): PRAGMA INDEX_INFO(`devices_shop_id_role`)"}}
{"ts":"2026-09-14T13:14:04.733Z","level":"debug","scope":"sqlite","message":"query","meta":{"sql":"Executing (default): PRAGMA INDEX_INFO(`devices_shop_id_status`)"}}
{"ts":"2026-09-14T13:14:04.735Z","level":"debug","scope":"sqlite","message":"query","meta":{"sql":"Executing (default): SELECT name FROM sqlite_master WHERE type='table' AND name='invoice_sequences';"}}
{"ts":"2026-09-14T13:14:04.736Z","level":"debug","scope":"sqlite","message":"query","meta":{"sql":"Executing (default): PRAGMA INDEX_LIST(`invoice_sequences`)"}}
{"ts":"2026-09-14T13:14:04.737Z","level":"debug","scope":"sqlite","message":"query","meta":{"sql":"Executing (default): PRAGMA INDEX_INFO(`sqlite_autoindex_invoice_sequences_1`)"}}
{"ts":"2026-09-14T13:14:04.737Z","level":"debug","scope":"sqlite","message":"query","meta":{"sql":"Executing (default): PRAGMA INDEX_INFO(`inv_seq_shop_date_prefix`)"}}
{"ts":"2026-09-14T13:14:04.737Z","level":"debug","scope":"sqlite","message":"query","meta":{"sql":"Executing (default): PRAGMA INDEX_INFO(`invoice_sequences_shop_id_sequence_date_prefix`)"}}
{"ts":"2026-09-14T13:14:04.739Z","level":"debug","scope":"sqlite","message":"query","meta":{"sql":"Executing (default): SELECT name FROM sqlite_master WHERE type='table' AND name='barcode_sequences';"}}
{"ts":"2026-09-14T13:14:04.739Z","level":"debug","scope":"sqlite","message":"query","meta":{"sql":"Executing (default): PRAGMA INDEX_LIST(`barcode_sequences`)"}}
{"ts":"2026-09-14T13:14:04.740Z","level":"debug","scope":"sqlite","message":"query","meta":{"sql":"Executing (default): PRAGMA INDEX_INFO(`sqlite_autoindex_barcode_sequences_1`)"}}
{"ts":"2026-09-14T13:14:04.741Z","level":"debug","scope":"sqlite","message":"query","meta":{"sql":"Executing (default): SELECT name FROM sqlite_master WHERE type='table' AND name='schema_meta';"}}
{"ts":"2026-09-14T13:14:04.742Z","level":"debug","scope":"sqlite","message":"query","meta":{"sql":"Executing (default): PRAGMA INDEX_LIST(`schema_meta`)"}}
{"ts":"2026-09-14T13:14:04.742Z","level":"debug","scope":"sqlite","message":"query","meta":{"sql":"Executing (default): PRAGMA INDEX_INFO(`sqlite_autoindex_schema_meta_1`)"}}
{"ts":"2026-09-14T13:14:04.743Z","level":"debug","scope":"sqlite","message":"query","meta":{"sql":"Executing (default): SELECT name FROM sqlite_master WHERE type='table' AND name='inventory_movements';"}}
{"ts":"2026-09-14T13:14:04.744Z","level":"debug","scope":"sqlite","message":"query","meta":{"sql":"Executing (default): PRAGMA INDEX_LIST(`inventory_movements`)"}}
{"ts":"2026-09-14T13:14:04.745Z","level":"debug","scope":"sqlite","message":"query","meta":{"sql":"Executing (default): PRAGMA INDEX_INFO(`sqlite_autoindex_inventory_movements_1`)"}}
{"ts":"2026-09-14T13:14:04.745Z","level":"debug","scope":"sqlite","message":"query","meta":{"sql":"Executing (default): PRAGMA INDEX_INFO(`inv_mov_product_idx`)"}}
{"ts":"2026-09-14T13:14:04.746Z","level":"debug","scope":"sqlite","message":"query","meta":{"sql":"Executing (default): SELECT name FROM sqlite_master WHERE type='table' AND name='sale_authorities';"}}
{"ts":"2026-09-14T13:14:04.747Z","level":"debug","scope":"sqlite","message":"query","meta":{"sql":"Executing (default): PRAGMA INDEX_LIST(`sale_authorities`)"}}
{"ts":"2026-09-14T13:14:04.748Z","level":"debug","scope":"sqlite","message":"query","meta":{"sql":"Executing (default): PRAGMA INDEX_INFO(`sqlite_autoindex_sale_authorities_1`)"}}
{"ts":"2026-09-14T13:14:04.748Z","level":"debug","scope":"sqlite","message":"query","meta":{"sql":"Executing (default): PRAGMA INDEX_INFO(`sa_one_granted_per_entity`)"}}
{"ts":"2026-09-14T13:14:04.749Z","level":"debug","scope":"sqlite","message":"query","meta":{"sql":"Executing (default): PRAGMA INDEX_INFO(`sale_authorities_request_id`)"}}
{"ts":"2026-09-14T13:14:04.749Z","level":"debug","scope":"sqlite","message":"query","meta":{"sql":"Executing (default): PRAGMA INDEX_INFO(`sale_authorities_shop_id_status_expires_at`)"}}
{"ts":"2026-09-14T13:14:04.750Z","level":"debug","scope":"sqlite","message":"query","meta":{"sql":"Executing (default): PRAGMA INDEX_INFO(`sale_authorities_device_id_status`)"}}
{"ts":"2026-09-14T13:14:04.751Z","level":"debug","scope":"sqlite","message":"query","meta":{"sql":"Executing (default): SELECT name FROM sqlite_master WHERE type='table' AND name='cluster_state';"}}
{"ts":"2026-09-14T13:14:04.752Z","level":"debug","scope":"sqlite","message":"query","meta":{"sql":"Executing (default): PRAGMA INDEX_LIST(`cluster_state`)"}}
{"ts":"2026-09-14T13:14:04.753Z","level":"debug","scope":"sqlite","message":"query","meta":{"sql":"Executing (default): PRAGMA INDEX_INFO(`sqlite_autoindex_cluster_state_1`)"}}
{"ts":"2026-09-14T13:14:04.753Z","level":"debug","scope":"sqlite","message":"query","meta":{"sql":"Executing (default): PRAGMA INDEX_INFO(`sqlite_autoindex_cluster_state_2`)"}}
{"ts":"2026-09-14T13:14:04.755Z","level":"debug","scope":"sqlite","message":"query","meta":{"sql":"Executing (default): SELECT name FROM sqlite_master WHERE type='table' AND name='event_log';"}}
{"ts":"2026-09-14T13:14:04.756Z","level":"debug","scope":"sqlite","message":"query","meta":{"sql":"Executing (default): PRAGMA INDEX_LIST(`event_log`)"}}
{"ts":"2026-09-14T13:14:04.757Z","level":"debug","scope":"sqlite","message":"query","meta":{"sql":"Executing (default): PRAGMA INDEX_INFO(`sqlite_autoindex_event_log_1`)"}}
{"ts":"2026-09-14T13:14:04.757Z","level":"debug","scope":"sqlite","message":"query","meta":{"sql":"Executing (default): PRAGMA INDEX_INFO(`event_log_shop_id_seq`)"}}
{"ts":"2026-09-14T13:14:04.758Z","level":"debug","scope":"sqlite","message":"query","meta":{"sql":"Executing (default): PRAGMA INDEX_INFO(`event_log_shop_id_operation_id`)"}}
{"ts":"2026-09-14T13:14:04.758Z","level":"debug","scope":"sqlite","message":"query","meta":{"sql":"Executing (default): PRAGMA INDEX_INFO(`event_log_shop_id_created_at`)"}}
{"ts":"2026-09-14T13:14:04.760Z","level":"debug","scope":"sqlite","message":"query","meta":{"sql":"Executing (default): SELECT name FROM sqlite_master WHERE type='table' AND name='operation_ledger';"}}
{"ts":"2026-09-14T13:14:04.761Z","level":"debug","scope":"sqlite","message":"query","meta":{"sql":"Executing (default): PRAGMA INDEX_LIST(`operation_ledger`)"}}
{"ts":"2026-09-14T13:14:04.761Z","level":"debug","scope":"sqlite","message":"query","meta":{"sql":"Executing (default): PRAGMA INDEX_INFO(`sqlite_autoindex_operation_ledger_1`)"}}
{"ts":"2026-09-14T13:14:04.762Z","level":"debug","scope":"sqlite","message":"query","meta":{"sql":"Executing (default): PRAGMA INDEX_INFO(`operation_ledger_shop_id_operation_type_created_at`)"}}
{"ts":"2026-09-14T13:14:04.763Z","level":"debug","scope":"sqlite","message":"query","meta":{"sql":"Executing (default): SELECT name FROM sqlite_master WHERE type='table' AND name='audit_events';"}}
{"ts":"2026-09-14T13:14:04.764Z","level":"debug","scope":"sqlite","message":"query","meta":{"sql":"Executing (default): PRAGMA INDEX_LIST(`audit_events`)"}}
{"ts":"2026-09-14T13:14:04.765Z","level":"debug","scope":"sqlite","message":"query","meta":{"sql":"Executing (default): PRAGMA INDEX_INFO(`sqlite_autoindex_audit_events_1`)"}}
{"ts":"2026-09-14T13:14:04.765Z","level":"debug","scope":"sqlite","message":"query","meta":{"sql":"Executing (default): PRAGMA INDEX_INFO(`audit_events_shop_id_seq`)"}}
{"ts":"2026-09-14T13:14:04.766Z","level":"debug","scope":"sqlite","message":"query","meta":{"sql":"Executing (default): PRAGMA INDEX_INFO(`audit_events_shop_id_created_at`)"}}
{"ts":"2026-09-14T13:14:04.767Z","level":"debug","scope":"sqlite","message":"query","meta":{"sql":"Executing (default): SELECT name FROM sqlite_master WHERE type='table' AND name='replica_acks';"}}
{"ts":"2026-09-14T13:14:04.767Z","level":"debug","scope":"sqlite","message":"query","meta":{"sql":"Executing (default): PRAGMA INDEX_LIST(`replica_acks`)"}}
{"ts":"2026-09-14T13:14:04.768Z","level":"debug","scope":"sqlite","message":"query","meta":{"sql":"Executing (default): PRAGMA INDEX_INFO(`sqlite_autoindex_replica_acks_1`)"}}
{"ts":"2026-09-14T13:14:04.768Z","level":"debug","scope":"sqlite","message":"query","meta":{"sql":"Executing (default): PRAGMA INDEX_INFO(`replica_acks_shop_id_event_seq_device_id`)"}}
{"ts":"2026-09-14T13:14:04.769Z","level":"debug","scope":"sqlite","message":"query","meta":{"sql":"Executing (default): PRAGMA INDEX_INFO(`replica_acks_shop_id_event_seq`)"}}
{"ts":"2026-09-14T13:14:04.770Z","level":"debug","scope":"sqlite","message":"query","meta":{"sql":"Executing (default): SELECT name FROM sqlite_master WHERE type='table' AND name='payments';"}}
{"ts":"2026-09-14T13:14:04.771Z","level":"debug","scope":"sqlite","message":"query","meta":{"sql":"Executing (default): PRAGMA INDEX_LIST(`payments`)"}}
{"ts":"2026-09-14T13:14:04.772Z","level":"debug","scope":"sqlite","message":"query","meta":{"sql":"Executing (default): PRAGMA INDEX_INFO(`sqlite_autoindex_payments_1`)"}}
{"ts":"2026-09-14T13:14:04.772Z","level":"debug","scope":"sqlite","message":"query","meta":{"sql":"Executing (default): PRAGMA INDEX_INFO(`payments_shop_id_invoice_id`)"}}
{"ts":"2026-09-14T13:14:04.773Z","level":"debug","scope":"sqlite","message":"query","meta":{"sql":"Executing (default): PRAGMA INDEX_INFO(`payments_shop_id_customer_id`)"}}
{"ts":"2026-09-14T13:14:04.773Z","level":"debug","scope":"sqlite","message":"query","meta":{"sql":"Executing (default): PRAGMA INDEX_INFO(`payments_request_id`)"}}
{"ts":"2026-09-14T13:14:04.775Z","level":"debug","scope":"sqlite","message":"query","meta":{"sql":"Executing (default): SELECT name FROM sqlite_master WHERE type='table' AND name='customer_advances';"}}
{"ts":"2026-09-14T13:14:04.776Z","level":"debug","scope":"sqlite","message":"query","meta":{"sql":"Executing (default): PRAGMA INDEX_LIST(`customer_advances`)"}}
{"ts":"2026-09-14T13:14:04.777Z","level":"debug","scope":"sqlite","message":"query","meta":{"sql":"Executing (default): PRAGMA INDEX_INFO(`sqlite_autoindex_customer_advances_1`)"}}
{"ts":"2026-09-14T13:14:04.777Z","level":"debug","scope":"sqlite","message":"query","meta":{"sql":"Executing (default): PRAGMA INDEX_INFO(`customer_advances_shop_id_customer_id_status`)"}}
{"ts":"2026-09-14T13:14:04.778Z","level":"debug","scope":"sqlite","message":"query","meta":{"sql":"Executing (default): PRAGMA INDEX_INFO(`customer_advances_request_id`)"}}
{"ts":"2026-09-14T13:14:04.779Z","level":"debug","scope":"sqlite","message":"query","meta":{"sql":"Executing (default): SELECT name FROM sqlite_master WHERE type='table' AND name='customer_advance_applications';"}}
{"ts":"2026-09-14T13:14:04.780Z","level":"debug","scope":"sqlite","message":"query","meta":{"sql":"Executing (default): PRAGMA INDEX_LIST(`customer_advance_applications`)"}}
{"ts":"2026-09-14T13:14:04.781Z","level":"debug","scope":"sqlite","message":"query","meta":{"sql":"Executing (default): PRAGMA INDEX_INFO(`sqlite_autoindex_customer_advance_applications_1`)"}}
{"ts":"2026-09-14T13:14:04.781Z","level":"debug","scope":"sqlite","message":"query","meta":{"sql":"Executing (default): PRAGMA INDEX_INFO(`customer_advance_applications_advance_id`)"}}
{"ts":"2026-09-14T13:14:04.782Z","level":"debug","scope":"sqlite","message":"query","meta":{"sql":"Executing (default): PRAGMA INDEX_INFO(`customer_advance_applications_invoice_id`)"}}
{"ts":"2026-09-14T13:14:04.782Z","level":"debug","scope":"sqlite","message":"query","meta":{"sql":"Executing (default): PRAGMA INDEX_INFO(`customer_advance_applications_request_id`)"}}
{"ts":"2026-09-14T13:14:04.783Z","level":"debug","scope":"sqlite","message":"query","meta":{"sql":"Executing (default): SELECT name FROM sqlite_master WHERE type='table' AND name='product_status_history';"}}
{"ts":"2026-09-14T13:14:04.784Z","level":"debug","scope":"sqlite","message":"query","meta":{"sql":"Executing (default): PRAGMA INDEX_LIST(`product_status_history`)"}}
{"ts":"2026-09-14T13:14:04.785Z","level":"debug","scope":"sqlite","message":"query","meta":{"sql":"Executing (default): PRAGMA INDEX_INFO(`sqlite_autoindex_product_status_history_1`)"}}
{"ts":"2026-09-14T13:14:04.786Z","level":"debug","scope":"sqlite","message":"query","meta":{"sql":"Executing (default): PRAGMA INDEX_INFO(`product_status_history_shop_id_product_id`)"}}
{"ts":"2026-09-14T13:14:04.786Z","level":"debug","scope":"sqlite","message":"query","meta":{"sql":"Executing (default): PRAGMA INDEX_INFO(`product_status_history_reference_type_reference_id`)"}}
{"ts":"2026-09-14T13:14:04.788Z","level":"debug","scope":"sqlite","message":"query","meta":{"sql":"Executing (default): SELECT name FROM sqlite_master WHERE type='table' AND name='chart_of_accounts';"}}
{"ts":"2026-09-14T13:14:04.789Z","level":"debug","scope":"sqlite","message":"query","meta":{"sql":"Executing (default): PRAGMA INDEX_LIST(`chart_of_accounts`)"}}
{"ts":"2026-09-14T13:14:04.790Z","level":"debug","scope":"sqlite","message":"query","meta":{"sql":"Executing (default): PRAGMA INDEX_INFO(`sqlite_autoindex_chart_of_accounts_1`)"}}
{"ts":"2026-09-14T13:14:04.790Z","level":"debug","scope":"sqlite","message":"query","meta":{"sql":"Executing (default): PRAGMA INDEX_INFO(`coa_shop_code_uk`)"}}
{"ts":"2026-09-14T13:14:04.791Z","level":"debug","scope":"sqlite","message":"query","meta":{"sql":"Executing (default): SELECT name FROM sqlite_master WHERE type='table' AND name='journal_entries';"}}
{"ts":"2026-09-14T13:14:04.792Z","level":"debug","scope":"sqlite","message":"query","meta":{"sql":"Executing (default): PRAGMA INDEX_LIST(`journal_entries`)"}}
{"ts":"2026-09-14T13:14:04.793Z","level":"debug","scope":"sqlite","message":"query","meta":{"sql":"Executing (default): PRAGMA INDEX_INFO(`sqlite_autoindex_journal_entries_1`)"}}
{"ts":"2026-09-14T13:14:04.793Z","level":"debug","scope":"sqlite","message":"query","meta":{"sql":"Executing (default): PRAGMA INDEX_INFO(`journal_entries_shop_id_entry_date`)"}}
{"ts":"2026-09-14T13:14:04.794Z","level":"debug","scope":"sqlite","message":"query","meta":{"sql":"Executing (default): PRAGMA INDEX_INFO(`journal_entries_source_type_source_id`)"}}
{"ts":"2026-09-14T13:14:04.794Z","level":"debug","scope":"sqlite","message":"query","meta":{"sql":"Executing (default): PRAGMA INDEX_INFO(`journal_entries_request_id`)"}}
{"ts":"2026-09-14T13:14:04.796Z","level":"debug","scope":"sqlite","message":"query","meta":{"sql":"Executing (default): SELECT name FROM sqlite_master WHERE type='table' AND name='journal_lines';"}}
{"ts":"2026-09-14T13:14:04.797Z","level":"debug","scope":"sqlite","message":"query","meta":{"sql":"Executing (default): PRAGMA INDEX_LIST(`journal_lines`)"}}
{"ts":"2026-09-14T13:14:04.798Z","level":"debug","scope":"sqlite","message":"query","meta":{"sql":"Executing (default): PRAGMA INDEX_INFO(`sqlite_autoindex_journal_lines_1`)"}}
{"ts":"2026-09-14T13:14:04.798Z","level":"debug","scope":"sqlite","message":"query","meta":{"sql":"Executing (default): PRAGMA INDEX_INFO(`journal_lines_journal_entry_id`)"}}
{"ts":"2026-09-14T13:14:04.799Z","level":"debug","scope":"sqlite","message":"query","meta":{"sql":"Executing (default): PRAGMA INDEX_INFO(`journal_lines_account_id`)"}}
{"ts":"2026-09-14T13:14:04.800Z","level":"debug","scope":"sqlite","message":"query","meta":{"sql":"Executing (default): SELECT name FROM sqlite_master WHERE type='table' AND name='shop_counters';"}}
{"ts":"2026-09-14T13:14:04.801Z","level":"debug","scope":"sqlite","message":"query","meta":{"sql":"Executing (default): PRAGMA INDEX_LIST(`shop_counters`)"}}
{"ts":"2026-09-14T13:14:04.802Z","level":"debug","scope":"sqlite","message":"query","meta":{"sql":"Executing (default): PRAGMA INDEX_INFO(`sqlite_autoindex_shop_counters_1`)"}}
{"ts":"2026-09-14T13:14:04.803Z","level":"debug","scope":"sqlite","message":"query","meta":{"sql":"Executing (default): PRAGMA INDEX_INFO(`shop_counters_shop_id_status`)"}}
{"ts":"2026-09-14T13:14:04.804Z","level":"debug","scope":"sqlite","message":"query","meta":{"sql":"Executing (default): SELECT name FROM sqlite_master WHERE type='table' AND name='credit_notes';"}}
{"ts":"2026-09-14T13:14:04.805Z","level":"debug","scope":"sqlite","message":"query","meta":{"sql":"Executing (default): PRAGMA INDEX_LIST(`credit_notes`)"}}
{"ts":"2026-09-14T13:14:04.805Z","level":"debug","scope":"sqlite","message":"query","meta":{"sql":"Executing (default): PRAGMA INDEX_INFO(`sqlite_autoindex_credit_notes_1`)"}}
{"ts":"2026-09-14T13:14:04.806Z","level":"debug","scope":"sqlite","message":"query","meta":{"sql":"Executing (default): PRAGMA INDEX_INFO(`credit_notes_shop_id_invoice_id`)"}}
{"ts":"2026-09-14T13:14:04.806Z","level":"debug","scope":"sqlite","message":"query","meta":{"sql":"Executing (default): PRAGMA INDEX_INFO(`credit_notes_no_uk`)"}}
{"ts":"2026-09-14T13:14:04.806Z","level":"debug","scope":"sqlite","message":"query","meta":{"sql":"Executing (default): PRAGMA INDEX_INFO(`credit_notes_request_id`)"}}
{"ts":"2026-09-14T13:14:04.807Z","level":"debug","scope":"sqlite","message":"query","meta":{"sql":"Executing (default): SELECT name FROM sqlite_master WHERE type='table' AND name='old_gold_receipts';"}}
{"ts":"2026-09-14T13:14:04.808Z","level":"debug","scope":"sqlite","message":"query","meta":{"sql":"Executing (default): PRAGMA INDEX_LIST(`old_gold_receipts`)"}}
{"ts":"2026-09-14T13:14:04.809Z","level":"debug","scope":"sqlite","message":"query","meta":{"sql":"Executing (default): PRAGMA INDEX_INFO(`sqlite_autoindex_old_gold_receipts_1`)"}}
{"ts":"2026-09-14T13:14:04.809Z","level":"debug","scope":"sqlite","message":"query","meta":{"sql":"Executing (default): PRAGMA INDEX_INFO(`old_gold_receipts_shop_id_invoice_id`)"}}
{"ts":"2026-09-14T13:14:04.810Z","level":"debug","scope":"sqlite","message":"query","meta":{"sql":"Executing (default): PRAGMA INDEX_INFO(`old_gold_receipt_no_uk`)"}}
{"ts":"2026-09-14T13:14:04.810Z","level":"debug","scope":"sqlite","message":"query","meta":{"sql":"Executing (default): PRAGMA INDEX_INFO(`old_gold_receipts_shop_id_old_gold_sale_id`)"}}
{"ts":"2026-09-14T13:14:04.811Z","level":"debug","scope":"sqlite","message":"query","meta":{"sql":"Executing (default): SELECT name FROM sqlite_master WHERE type='table' AND name='hsn_codes';"}}
{"ts":"2026-09-14T13:14:04.812Z","level":"debug","scope":"sqlite","message":"query","meta":{"sql":"Executing (default): PRAGMA INDEX_LIST(`hsn_codes`)"}}
{"ts":"2026-09-14T13:14:04.813Z","level":"debug","scope":"sqlite","message":"query","meta":{"sql":"Executing (default): PRAGMA INDEX_INFO(`sqlite_autoindex_hsn_codes_1`)"}}
{"ts":"2026-09-14T13:14:04.813Z","level":"debug","scope":"sqlite","message":"query","meta":{"sql":"Executing (default): PRAGMA INDEX_INFO(`hsn_shop_code_uk`)"}}
{"ts":"2026-09-14T13:14:04.814Z","level":"debug","scope":"sqlite","message":"query","meta":{"sql":"Executing (default): SELECT name FROM sqlite_master WHERE type='table' AND name='old_gold_sales';"}}
{"ts":"2026-09-14T13:14:04.815Z","level":"debug","scope":"sqlite","message":"query","meta":{"sql":"Executing (default): PRAGMA INDEX_LIST(`old_gold_sales`)"}}
{"ts":"2026-09-14T13:14:04.816Z","level":"debug","scope":"sqlite","message":"query","meta":{"sql":"Executing (default): PRAGMA INDEX_INFO(`sqlite_autoindex_old_gold_sales_1`)"}}
{"ts":"2026-09-14T13:14:04.817Z","level":"debug","scope":"sqlite","message":"query","meta":{"sql":"Executing (default): PRAGMA INDEX_INFO(`old_gold_sales_no_uk`)"}}
{"ts":"2026-09-14T13:14:04.817Z","level":"debug","scope":"sqlite","message":"query","meta":{"sql":"Executing (default): PRAGMA INDEX_INFO(`old_gold_sales_shop_id_business_date`)"}}
{"ts":"2026-09-14T13:14:04.817Z","level":"debug","scope":"sqlite","message":"query","meta":{"sql":"Executing (default): PRAGMA INDEX_INFO(`old_gold_sales_request_id`)"}}
{"ts":"2026-09-14T13:14:04.818Z","level":"debug","scope":"sqlite","message":"query","meta":{"sql":"Executing (default): SELECT name FROM sqlite_master WHERE type='table' AND name='draft_sales';"}}
{"ts":"2026-09-14T13:14:04.819Z","level":"debug","scope":"sqlite","message":"query","meta":{"sql":"Executing (default): PRAGMA INDEX_LIST(`draft_sales`)"}}
{"ts":"2026-09-14T13:14:04.820Z","level":"debug","scope":"sqlite","message":"query","meta":{"sql":"Executing (default): PRAGMA INDEX_INFO(`sqlite_autoindex_draft_sales_1`)"}}
{"ts":"2026-09-14T13:14:04.821Z","level":"debug","scope":"sqlite","message":"query","meta":{"sql":"Executing (default): SELECT name FROM sqlite_master WHERE type='table' AND name='invoice_items';"}}
{"ts":"2026-09-14T13:14:04.822Z","level":"debug","scope":"sqlite","message":"query","meta":{"sql":"Executing (default): PRAGMA INDEX_LIST(`invoice_items`)"}}
{"ts":"2026-09-14T13:14:04.822Z","level":"debug","scope":"sqlite","message":"query","meta":{"sql":"Executing (default): PRAGMA INDEX_INFO(`sqlite_autoindex_invoice_items_1`)"}}
{"ts":"2026-09-14T13:14:04.823Z","level":"debug","scope":"sqlite","message":"query","meta":{"sql":"Executing (default): SELECT name FROM sqlite_master WHERE type='table' AND name='purchase_items';"}}
{"ts":"2026-09-14T13:14:04.824Z","level":"debug","scope":"sqlite","message":"query","meta":{"sql":"Executing (default): PRAGMA INDEX_LIST(`purchase_items`)"}}
{"ts":"2026-09-14T13:14:04.825Z","level":"debug","scope":"sqlite","message":"query","meta":{"sql":"Executing (default): PRAGMA INDEX_INFO(`sqlite_autoindex_purchase_items_1`)"}}
{"ts":"2026-09-14T13:14:04.826Z","level":"debug","scope":"sqlite","message":"query","meta":{"sql":"Executing (default): SELECT name FROM sqlite_master WHERE type='table' AND name='cashbook_entries';"}}
{"ts":"2026-09-14T13:14:04.827Z","level":"debug","scope":"sqlite","message":"query","meta":{"sql":"Executing (default): PRAGMA INDEX_LIST(`cashbook_entries`)"}}
{"ts":"2026-09-14T13:14:04.828Z","level":"debug","scope":"sqlite","message":"query","meta":{"sql":"Executing (default): PRAGMA INDEX_INFO(`sqlite_autoindex_cashbook_entries_1`)"}}
{"ts":"2026-09-14T13:14:04.828Z","level":"debug","scope":"sqlite","message":"query","meta":{"sql":"Executing (default): PRAGMA INDEX_INFO(`cashbook_shop_date_idx`)"}}
{"ts":"2026-09-14T13:14:04.829Z","level":"debug","scope":"sqlite","message":"query","meta":{"sql":"Executing (default): PRAGMA INDEX_INFO(`cashbook_entries_shop_id_date`)"}}
{"ts":"2026-09-14T13:14:04.830Z","level":"debug","scope":"sqlite","message":"query","meta":{"sql":"Executing (default): SELECT name FROM sqlite_master WHERE type='table' AND name='metal_issues';"}}
{"ts":"2026-09-14T13:14:04.831Z","level":"debug","scope":"sqlite","message":"query","meta":{"sql":"Executing (default): PRAGMA INDEX_LIST(`metal_issues`)"}}
{"ts":"2026-09-14T13:14:04.831Z","level":"debug","scope":"sqlite","message":"query","meta":{"sql":"Executing (default): PRAGMA INDEX_INFO(`sqlite_autoindex_metal_issues_1`)"}}
{"ts":"2026-09-14T13:14:04.832Z","level":"debug","scope":"sqlite","message":"query","meta":{"sql":"Executing (default): PRAGMA INDEX_INFO(`metal_issues_shop_id_karigar_vendor_id`)"}}
{"ts":"2026-09-14T13:14:04.832Z","level":"debug","scope":"sqlite","message":"query","meta":{"sql":"Executing (default): PRAGMA INDEX_INFO(`metal_issues_order_id`)"}}
{"ts":"2026-09-14T13:14:04.833Z","level":"debug","scope":"sqlite","message":"query","meta":{"sql":"Executing (default): SELECT name FROM sqlite_master WHERE type='table' AND name='gold_rate_history';"}}
{"ts":"2026-09-14T13:14:04.834Z","level":"debug","scope":"sqlite","message":"query","meta":{"sql":"Executing (default): PRAGMA INDEX_LIST(`gold_rate_history`)"}}
{"ts":"2026-09-14T13:14:04.835Z","level":"debug","scope":"sqlite","message":"query","meta":{"sql":"Executing (default): PRAGMA INDEX_INFO(`sqlite_autoindex_gold_rate_history_1`)"}}
{"ts":"2026-09-14T13:14:04.836Z","level":"debug","scope":"sqlite","message":"query","meta":{"sql":"Executing (default): PRAGMA INDEX_INFO(`gold_rate_history_shop_id_created_at`)"}}
{"ts":"2026-09-14T13:14:04.837Z","level":"debug","scope":"sqlite","message":"query","meta":{"sql":"Executing (default): SELECT name FROM sqlite_master WHERE type='table' AND name='billing_rate_events';"}}
{"ts":"2026-09-14T13:14:04.838Z","level":"debug","scope":"sqlite","message":"query","meta":{"sql":"Executing (default): PRAGMA INDEX_LIST(`billing_rate_events`)"}}
{"ts":"2026-09-14T13:14:04.839Z","level":"debug","scope":"sqlite","message":"query","meta":{"sql":"Executing (default): PRAGMA INDEX_INFO(`sqlite_autoindex_billing_rate_events_1`)"}}
{"ts":"2026-09-14T13:14:04.839Z","level":"debug","scope":"sqlite","message":"query","meta":{"sql":"Executing (default): PRAGMA INDEX_INFO(`billing_rate_events_shop_id_created_at`)"}}
{"ts":"2026-09-14T13:14:04.840Z","level":"debug","scope":"sqlite","message":"query","meta":{"sql":"Executing (default): SELECT name FROM sqlite_master WHERE type='table' AND name='pure_products';"}}
{"ts":"2026-09-14T13:14:04.841Z","level":"debug","scope":"sqlite","message":"query","meta":{"sql":"Executing (default): PRAGMA INDEX_LIST(`pure_products`)"}}
{"ts":"2026-09-14T13:14:04.842Z","level":"debug","scope":"sqlite","message":"query","meta":{"sql":"Executing (default): PRAGMA INDEX_INFO(`sqlite_autoindex_pure_products_1`)"}}
{"ts":"2026-09-14T13:14:04.842Z","level":"debug","scope":"sqlite","message":"query","meta":{"sql":"Executing (default): PRAGMA INDEX_INFO(`pure_products_shop_metal_form_weight_uk`)"}}
{"ts":"2026-09-14T13:14:04.843Z","level":"debug","scope":"sqlite","message":"query","meta":{"sql":"Executing (default): SELECT name FROM sqlite_master WHERE type='table' AND name='bank_accounts';"}}
{"ts":"2026-09-14T13:14:04.844Z","level":"debug","scope":"sqlite","message":"query","meta":{"sql":"Executing (default): PRAGMA INDEX_LIST(`bank_accounts`)"}}
{"ts":"2026-09-14T13:14:04.844Z","level":"debug","scope":"sqlite","message":"query","meta":{"sql":"Executing (default): PRAGMA INDEX_INFO(`sqlite_autoindex_bank_accounts_1`)"}}
{"ts":"2026-09-14T13:14:04.845Z","level":"debug","scope":"sqlite","message":"query","meta":{"sql":"Executing (default): PRAGMA INDEX_INFO(`bank_accounts_shop_id_status`)"}}
{"ts":"2026-09-14T13:14:04.846Z","level":"debug","scope":"sqlite","message":"query","meta":{"sql":"Executing (default): SELECT name FROM sqlite_master WHERE type='table' AND name='bank_reconciliation_items';"}}
{"ts":"2026-09-14T13:14:04.848Z","level":"debug","scope":"sqlite","message":"query","meta":{"sql":"Executing (default): PRAGMA INDEX_LIST(`bank_reconciliation_items`)"}}
{"ts":"2026-09-14T13:14:04.849Z","level":"debug","scope":"sqlite","message":"query","meta":{"sql":"Executing (default): PRAGMA INDEX_INFO(`sqlite_autoindex_bank_reconciliation_items_1`)"}}
{"ts":"2026-09-14T13:14:04.849Z","level":"debug","scope":"sqlite","message":"query","meta":{"sql":"Executing (default): PRAGMA INDEX_INFO(`bank_reconciliation_items_shop_id_bank_account_id`)"}}
{"ts":"2026-09-14T13:14:04.849Z","level":"debug","scope":"sqlite","message":"query","meta":{"sql":"Executing (default): PRAGMA INDEX_INFO(`bank_reconciliation_items_journal_line_id`)"}}
{"ts":"2026-09-14T13:14:04.850Z","level":"debug","scope":"sqlite","message":"query","meta":{"sql":"Executing (default): SELECT name FROM sqlite_master WHERE type='table' AND name='barcode_stock_check_sessions';"}}
{"ts":"2026-09-14T13:14:04.851Z","level":"debug","scope":"sqlite","message":"query","meta":{"sql":"Executing (default): PRAGMA INDEX_LIST(`barcode_stock_check_sessions`)"}}
{"ts":"2026-09-14T13:14:04.852Z","level":"debug","scope":"sqlite","message":"query","meta":{"sql":"Executing (default): PRAGMA INDEX_INFO(`sqlite_autoindex_barcode_stock_check_sessions_1`)"}}
{"ts":"2026-09-14T13:14:04.852Z","level":"debug","scope":"sqlite","message":"query","meta":{"sql":"Executing (default): PRAGMA INDEX_INFO(`barcode_stock_check_sessions_shop_status_idx`)"}}
{"ts":"2026-09-14T13:14:04.853Z","level":"debug","scope":"sqlite","message":"query","meta":{"sql":"Executing (default): SELECT name FROM sqlite_master WHERE type='table' AND name='barcode_stock_check_scans';"}}
{"ts":"2026-09-14T13:14:04.854Z","level":"debug","scope":"sqlite","message":"query","meta":{"sql":"Executing (default): PRAGMA INDEX_LIST(`barcode_stock_check_scans`)"}}
{"ts":"2026-09-14T13:14:04.855Z","level":"debug","scope":"sqlite","message":"query","meta":{"sql":"Executing (default): PRAGMA INDEX_INFO(`sqlite_autoindex_barcode_stock_check_scans_1`)"}}
{"ts":"2026-09-14T13:14:04.855Z","level":"debug","scope":"sqlite","message":"query","meta":{"sql":"Executing (default): PRAGMA INDEX_INFO(`barcode_stock_check_scans_session_barcode_idx`)"}}
{"ts":"2026-09-14T13:14:04.856Z","level":"debug","scope":"sqlite","message":"query","meta":{"sql":"Executing (default): PRAGMA INDEX_INFO(`barcode_stock_check_scans_session_result_idx`)"}}
{"ts":"2026-09-14T13:14:04.857Z","level":"info","scope":"sqlite","message":"model sync complete"}
{"ts":"2026-09-14T13:14:04.861Z","level":"debug","scope":"sqlite","message":"query","meta":{"sql":"Executing (default): SELECT count(*) AS `count` FROM `shops` AS `Shop`;"}}
{"ts":"2026-09-14T13:14:04.868Z","level":"debug","scope":"sqlite","message":"query","meta":{"sql":"Executing (default): SELECT `id`, `name`, `code`, `gstin`, `phone`, `email`, `address`, `invoice_prefix`, `status`, `settings`, `created_at` AS `createdAt`, `updated_at` AS `updatedAt` FROM `shops` AS `Shop` WHERE `Shop`.`id` = '4045a134-66e1-44a2-92fd-d5b92b21aca9';"}}
{"ts":"2026-09-14T13:14:04.879Z","level":"debug","scope":"sqlite","message":"query","meta":{"sql":"Executing (default): INSERT INTO `shops` (`id`,`name`,`code`,`invoice_prefix`,`status`,`settings`,`created_at`,`updated_at`) VALUES ($1,$2,$3,$4,$5,$6,$7,$8);"}}
{"ts":"2026-09-14T13:14:04.883Z","level":"debug","scope":"sqlite","message":"query","meta":{"sql":"Executing (default): SELECT count(*) AS `count` FROM `users` AS `User`;"}}
{"ts":"2026-09-14T13:14:04.886Z","level":"debug","scope":"sqlite","message":"query","meta":{"sql":"Executing (default): SELECT `id`, `email`, `name`, `password_hash`, `role`, `permissions`, `active`, `shop_id`, `version`, `deleted_at`, `origin_device_id`, `created_at` AS `createdAt`, `updated_at` AS `updatedAt` FROM `users` AS `User` WHERE `User`.`email` = 'slgt@erp';"}}
{"ts":"2026-09-14T13:14:04.890Z","level":"debug","scope":"sqlite","message":"query","meta":{"sql":"Executing (default): SELECT `id`, `key`, `value`, `shop_id`, `version`, `deleted_at`, `origin_device_id`, `created_at` AS `createdAt`, `updated_at` AS `updatedAt` FROM `settings` AS `Setting` WHERE `Setting`.`key` = 'shop_join_code';"}}
{"ts":"2026-09-14T13:14:04.892Z","level":"debug","scope":"sqlite","message":"query","meta":{"sql":"Executing (default): SELECT count(*) AS `count` FROM `settings` AS `Setting`;"}}
{"ts":"2026-09-14T13:14:04.897Z","level":"debug","scope":"sqlite","message":"query","meta":{"sql":"Executing (default): SELECT `id`, `type`, `name`, `code`, `description`, `color`, `meta`, `is_system`, `shop_id`, `version`, `deleted_at`, `origin_device_id`, `created_at` AS `createdAt`, `updated_at` AS `updatedAt` FROM `catalog_items` AS `CatalogItem` WHERE `CatalogItem`.`type` = 'metal_type' AND `CatalogItem`.`deleted_at` IS NULL AND `CatalogItem`.`code` IN ('GOLD', 'gold') LIMIT 1;"}}
{"ts":"2026-09-14T13:14:04.900Z","level":"debug","scope":"sqlite","message":"query","meta":{"sql":"Executing (default): SELECT `id`, `type`, `name`, `code`, `description`, `color`, `meta`, `is_system`, `shop_id`, `version`, `deleted_at`, `origin_device_id`, `created_at` AS `createdAt`, `updated_at` AS `updatedAt` FROM `catalog_items` AS `CatalogItem` WHERE `CatalogItem`.`type` = 'metal_type' AND `CatalogItem`.`deleted_at` IS NULL AND `CatalogItem`.`code` IN ('SILVER', 'silver') LIMIT 1;"}}
{"ts":"2026-09-14T13:14:04.904Z","level":"debug","scope":"sqlite","message":"query","meta":{"sql":"Executing (default): SELECT `id`, `type`, `name`, `code`, `description`, `color`, `meta`, `is_system`, `shop_id`, `version`, `deleted_at`, `origin_device_id`, `created_at` AS `createdAt`, `updated_at` AS `updatedAt` FROM `catalog_items` AS `CatalogItem` WHERE `CatalogItem`.`type` = 'unit' AND `CatalogItem`.`deleted_at` IS NULL AND `CatalogItem`.`code` IN ('g', 'G', 'gram', 'GRAM', 'grams', 'GRAMS') LIMIT 1;"}}
{"ts":"2026-09-14T13:14:04.907Z","level":"debug","scope":"sqlite","message":"query","meta":{"sql":"Executing (default): SELECT `id`, `type`, `name`, `code`, `description`, `color`, `meta`, `is_system`, `shop_id`, `version`, `deleted_at`, `origin_device_id`, `created_at` AS `createdAt`, `updated_at` AS `updatedAt` FROM `catalog_items` AS `CatalogItem` WHERE `CatalogItem`.`type` = 'unit' AND `CatalogItem`.`deleted_at` IS NULL AND `CatalogItem`.`code` IN ('pc', 'PC', 'piece', 'PIECE', 'pcs', 'PCS') LIMIT 1;"}}
{"ts":"2026-09-14T13:14:04.908Z","level":"debug","scope":"sqlite","message":"query","meta":{"sql":"Executing (default): SELECT `id`, `type`, `name`, `code`, `description`, `color`, `meta`, `is_system`, `shop_id`, `version`, `deleted_at`, `origin_device_id`, `created_at` AS `createdAt`, `updated_at` AS `updatedAt` FROM `catalog_items` AS `CatalogItem` WHERE `CatalogItem`.`type` = 'unit' AND `CatalogItem`.`deleted_at` IS NULL AND `CatalogItem`.`code` IN ('tray', 'TRAY') LIMIT 1;"}}
{"ts":"2026-09-14T13:14:04.911Z","level":"debug","scope":"sqlite","message":"query","meta":{"sql":"Executing (default): SELECT `id`, `type`, `name`, `code`, `description`, `color`, `meta`, `is_system`, `shop_id`, `version`, `deleted_at`, `origin_device_id`, `created_at` AS `createdAt`, `updated_at` AS `updatedAt` FROM `catalog_items` AS `CatalogItem` WHERE `CatalogItem`.`type` = 'purity' AND `CatalogItem`.`deleted_at` IS NULL AND `CatalogItem`.`code` IN ('18K', '18k') LIMIT 1;"}}
{"ts":"2026-09-14T13:14:04.916Z","level":"debug","scope":"sqlite","message":"query","meta":{"sql":"Executing (default): UPDATE `catalog_items` SET `meta`=$1,`updated_at`=$2 WHERE `id` = $3"}}
{"ts":"2026-09-14T13:14:04.920Z","level":"debug","scope":"sqlite","message":"query","meta":{"sql":"Executing (default): SELECT `id`, `type`, `name`, `code`, `description`, `color`, `meta`, `is_system`, `shop_id`, `version`, `deleted_at`, `origin_device_id`, `created_at` AS `createdAt`, `updated_at` AS `updatedAt` FROM `catalog_items` AS `CatalogItem` WHERE `CatalogItem`.`type` = 'purity' AND `CatalogItem`.`deleted_at` IS NULL AND `CatalogItem`.`code` IN ('22K', '22k', '22K BIS916', '22k bis916') LIMIT 1;"}}
{"ts":"2026-09-14T13:14:04.923Z","level":"debug","scope":"sqlite","message":"query","meta":{"sql":"Executing (default): UPDATE `catalog_items` SET `meta`=$1,`updated_at`=$2 WHERE `id` = $3"}}
{"ts":"2026-09-14T13:14:04.927Z","level":"debug","scope":"sqlite","message":"query","meta":{"sql":"Executing (default): SELECT `id`, `type`, `name`, `code`, `description`, `color`, `meta`, `is_system`, `shop_id`, `version`, `deleted_at`, `origin_device_id`, `created_at` AS `createdAt`, `updated_at` AS `updatedAt` FROM `catalog_items` AS `CatalogItem` WHERE `CatalogItem`.`type` = 'purity' AND `CatalogItem`.`deleted_at` IS NULL AND `CatalogItem`.`code` IN ('24K', '24k') LIMIT 1;"}}
{"ts":"2026-09-14T13:14:04.929Z","level":"debug","scope":"sqlite","message":"query","meta":{"sql":"Executing (default): UPDATE `catalog_items` SET `meta`=$1,`updated_at`=$2 WHERE `id` = $3"}}
{"ts":"2026-09-14T13:14:04.934Z","level":"debug","scope":"sqlite","message":"query","meta":{"sql":"Executing (default): SELECT `id`, `type`, `name`, `code`, `description`, `color`, `meta`, `is_system`, `shop_id`, `version`, `deleted_at`, `origin_device_id`, `created_at` AS `createdAt`, `updated_at` AS `updatedAt` FROM `catalog_items` AS `CatalogItem` WHERE `CatalogItem`.`type` = 'purity' AND `CatalogItem`.`deleted_at` IS NULL AND `CatalogItem`.`code` IN ('999') LIMIT 1;"}}
{"ts":"2026-09-14T13:14:04.937Z","level":"debug","scope":"sqlite","message":"query","meta":{"sql":"Executing (default): UPDATE `catalog_items` SET `meta`=$1,`updated_at`=$2 WHERE `id` = $3"}}
{"ts":"2026-09-14T13:14:04.940Z","level":"debug","scope":"sqlite","message":"query","meta":{"sql":"Executing (default): SELECT `id`, `type`, `name`, `code`, `description`, `color`, `meta`, `is_system`, `shop_id`, `version`, `deleted_at`, `origin_device_id`, `created_at` AS `createdAt`, `updated_at` AS `updatedAt` FROM `catalog_items` AS `CatalogItem` WHERE `CatalogItem`.`type` = 'purity' AND `CatalogItem`.`deleted_at` IS NULL AND `CatalogItem`.`code` IN ('925', 'S925', 's925') LIMIT 1;"}}
{"ts":"2026-09-14T13:14:04.943Z","level":"debug","scope":"sqlite","message":"query","meta":{"sql":"Executing (default): UPDATE `catalog_items` SET `meta`=$1,`updated_at`=$2 WHERE `id` = $3"}}
{"ts":"2026-09-14T13:14:04.950Z","level":"debug","scope":"sqlite","message":"query","meta":{"sql":"Executing (default): SELECT `id`, `key`, `value`, `shop_id`, `version`, `deleted_at`, `origin_device_id`, `created_at` AS `createdAt`, `updated_at` AS `updatedAt` FROM `settings` AS `Setting` WHERE `Setting`.`key` = 'lan_coordination_secret';"}}
{"ts":"2026-09-14T13:14:04.952Z","level":"debug","scope":"sqlite","message":"query","meta":{"sql":"Executing (default): SELECT `id`, `key`, `value`, `shop_id`, `version`, `deleted_at`, `origin_device_id`, `created_at` AS `createdAt`, `updated_at` AS `updatedAt` FROM `settings` AS `Setting` WHERE `Setting`.`key` = 'lan_coordination_secret';"}}
{"ts":"2026-09-14T13:14:04.955Z","level":"debug","scope":"sqlite","message":"query","meta":{"sql":"Executing (default): UPDATE `settings` SET `value`=$1,`shop_id`=$2,`updated_at`=$3 WHERE `id` = $4"}}
{"ts":"2026-09-14T13:14:04.961Z","level":"debug","scope":"sqlite","message":"query","meta":{"sql":"Executing (default): SELECT `id` FROM `shops` AS `Shop`;"}}
{"ts":"2026-09-14T13:14:04.963Z","level":"debug","scope":"sqlite","message":"query","meta":{"sql":"Executing (default): SELECT `id`, `name`, `code`, `gstin`, `phone`, `email`, `address`, `invoice_prefix`, `status`, `settings`, `created_at` AS `createdAt`, `updated_at` AS `updatedAt` FROM `shops` AS `Shop` WHERE `Shop`.`id` = '4045a134-66e1-44a2-92fd-d5b92b21aca9';"}}
{"ts":"2026-09-14T13:14:04.966Z","level":"debug","scope":"sqlite","message":"query","meta":{"sql":"Executing (default): SELECT `id`, `key`, `value`, `shop_id`, `version`, `deleted_at`, `origin_device_id`, `created_at` AS `createdAt`, `updated_at` AS `updatedAt` FROM `settings` AS `Setting` WHERE `Setting`.`key` = 'erp_opening_setup_complete:4045a134-66e1-44a2-92fd-d5b92b21aca9';"}}
{"ts":"2026-09-14T13:14:04.967Z","level":"debug","scope":"sqlite","message":"query","meta":{"sql":"Executing (default): SELECT `id`, `key`, `value`, `shop_id`, `version`, `deleted_at`, `origin_device_id`, `created_at` AS `createdAt`, `updated_at` AS `updatedAt` FROM `settings` AS `Setting` WHERE `Setting`.`key` = 'erp_opening_setup_complete';"}}
{"ts":"2026-09-14T13:14:04.971Z","level":"debug","scope":"sqlite","message":"query","meta":{"sql":"Executing (default): SELECT `id`, `created_at`, `entry_date` FROM `journal_entries` AS `JournalEntry` WHERE `JournalEntry`.`shop_id` = '4045a134-66e1-44a2-92fd-d5b92b21aca9' AND `JournalEntry`.`source_type` = 'opening_balance' ORDER BY `JournalEntry`.`created_at` ASC LIMIT 1;"}}
{"ts":"2026-09-14T13:14:04.973Z","level":"debug","scope":"sqlite","message":"query","meta":{"sql":"Executing (default): SELECT `id`, `key`, `value`, `shop_id`, `version`, `deleted_at`, `origin_device_id`, `created_at` AS `createdAt`, `updated_at` AS `updatedAt` FROM `settings` AS `Setting` WHERE `Setting`.`key` = 'erp_opening_setup_complete:4045a134-66e1-44a2-92fd-d5b92b21aca9';"}}
{"ts":"2026-09-14T13:14:04.975Z","level":"debug","scope":"sqlite","message":"query","meta":{"sql":"Executing (default): SELECT `id`, `key`, `value`, `shop_id`, `version`, `deleted_at`, `origin_device_id`, `created_at` AS `createdAt`, `updated_at` AS `updatedAt` FROM `settings` AS `Setting` WHERE `Setting`.`key` = 'erp_opening_setup_complete';"}}
{"ts":"2026-09-14T13:14:04.977Z","level":"debug","scope":"sqlite","message":"query","meta":{"sql":"Executing (default): SELECT name FROM sqlite_master WHERE type='table' AND name = 'journal_entries'"}}
{"ts":"2026-09-14T13:14:04.979Z","level":"debug","scope":"sqlite","message":"query","meta":{"sql":"Executing (default): PRAGMA table_info(\"journal_entries\")"}}
{"ts":"2026-09-14T13:14:04.980Z","level":"debug","scope":"sqlite","message":"query","meta":{"sql":"Executing (default): UPDATE journal_entries SET financial_mode = 'LIVE'\n         WHERE shop_id = '4045a134-66e1-44a2-92fd-d5b92b21aca9' AND financial_mode IS NULL AND (source_type = 'opening_balance' OR is_opening = 1)"}}
{"ts":"2026-09-14T13:14:04.981Z","level":"debug","scope":"sqlite","message":"query","meta":{"sql":"Executing (default): UPDATE journal_entries SET financial_mode = 'PRE_ACCOUNTS'\n           WHERE shop_id = '4045a134-66e1-44a2-92fd-d5b92b21aca9' AND financial_mode IS NULL"}}
{"ts":"2026-09-14T13:14:04.982Z","level":"debug","scope":"sqlite","message":"query","meta":{"sql":"Executing (default): SELECT name FROM sqlite_master WHERE type='table' AND name = 'invoices'"}}
{"ts":"2026-09-14T13:14:04.983Z","level":"debug","scope":"sqlite","message":"query","meta":{"sql":"Executing (default): PRAGMA table_info(\"invoices\")"}}
{"ts":"2026-09-14T13:14:04.984Z","level":"debug","scope":"sqlite","message":"query","meta":{"sql":"Executing (default): UPDATE invoices SET financial_mode = 'PRE_ACCOUNTS'\n           WHERE financial_mode IS NULL AND (shop_id = '4045a134-66e1-44a2-92fd-d5b92b21aca9' OR shop_id IS NULL)"}}
{"ts":"2026-09-14T13:14:04.985Z","level":"debug","scope":"sqlite","message":"query","meta":{"sql":"Executing (default): SELECT name FROM sqlite_master WHERE type='table' AND name = 'payments'"}}
{"ts":"2026-09-14T13:14:04.986Z","level":"debug","scope":"sqlite","message":"query","meta":{"sql":"Executing (default): PRAGMA table_info(\"payments\")"}}
{"ts":"2026-09-14T13:14:04.987Z","level":"debug","scope":"sqlite","message":"query","meta":{"sql":"Executing (default): UPDATE payments SET financial_mode = 'PRE_ACCOUNTS'\n           WHERE financial_mode IS NULL AND (shop_id = '4045a134-66e1-44a2-92fd-d5b92b21aca9' OR shop_id IS NULL)"}}
{"ts":"2026-09-14T13:14:04.988Z","level":"debug","scope":"sqlite","message":"query","meta":{"sql":"Executing (default): SELECT name FROM sqlite_master WHERE type='table' AND name = 'expenses'"}}
{"ts":"2026-09-14T13:14:04.989Z","level":"debug","scope":"sqlite","message":"query","meta":{"sql":"Executing (default): PRAGMA table_info(\"expenses\")"}}
{"ts":"2026-09-14T13:14:04.991Z","level":"debug","scope":"sqlite","message":"query","meta":{"sql":"Executing (default): UPDATE expenses SET financial_mode = 'PRE_ACCOUNTS'\n           WHERE financial_mode IS NULL AND (shop_id = '4045a134-66e1-44a2-92fd-d5b92b21aca9' OR shop_id IS NULL)"}}
{"ts":"2026-09-14T13:14:04.992Z","level":"debug","scope":"sqlite","message":"query","meta":{"sql":"Executing (default): SELECT name FROM sqlite_master WHERE type='table' AND name = 'purchases'"}}
{"ts":"2026-09-14T13:14:04.993Z","level":"debug","scope":"sqlite","message":"query","meta":{"sql":"Executing (default): PRAGMA table_info(\"purchases\")"}}
{"ts":"2026-09-14T13:14:04.994Z","level":"debug","scope":"sqlite","message":"query","meta":{"sql":"Executing (default): UPDATE purchases SET financial_mode = 'PRE_ACCOUNTS'\n           WHERE financial_mode IS NULL AND (shop_id = '4045a134-66e1-44a2-92fd-d5b92b21aca9' OR shop_id IS NULL)"}}
{"ts":"2026-09-14T13:14:04.995Z","level":"debug","scope":"sqlite","message":"query","meta":{"sql":"Executing (default): SELECT name FROM sqlite_master WHERE type='table' AND name = 'customer_advances'"}}
{"ts":"2026-09-14T13:14:04.996Z","level":"debug","scope":"sqlite","message":"query","meta":{"sql":"Executing (default): PRAGMA table_info(\"customer_advances\")"}}
{"ts":"2026-09-14T13:14:04.997Z","level":"debug","scope":"sqlite","message":"query","meta":{"sql":"Executing (default): UPDATE customer_advances SET financial_mode = 'PRE_ACCOUNTS'\n           WHERE financial_mode IS NULL AND (shop_id = '4045a134-66e1-44a2-92fd-d5b92b21aca9' OR shop_id IS NULL)"}}
{"ts":"2026-09-14T13:14:04.998Z","level":"debug","scope":"sqlite","message":"query","meta":{"sql":"Executing (default): SELECT name FROM sqlite_master WHERE type='table' AND name = 'customer_advance_applications'"}}
{"ts":"2026-09-14T13:14:04.998Z","level":"debug","scope":"sqlite","message":"query","meta":{"sql":"Executing (default): PRAGMA table_info(\"customer_advance_applications\")"}}
{"ts":"2026-09-14T13:14:04.999Z","level":"debug","scope":"sqlite","message":"query","meta":{"sql":"Executing (default): UPDATE customer_advance_applications SET financial_mode = 'PRE_ACCOUNTS'\n           WHERE financial_mode IS NULL AND (shop_id = '4045a134-66e1-44a2-92fd-d5b92b21aca9' OR shop_id IS NULL)"}}
{"ts":"2026-09-14T13:14:05.000Z","level":"debug","scope":"sqlite","message":"query","meta":{"sql":"Executing (default): SELECT name FROM sqlite_master WHERE type='table' AND name = 'quotations'"}}
{"ts":"2026-09-14T13:14:05.001Z","level":"debug","scope":"sqlite","message":"query","meta":{"sql":"Executing (default): PRAGMA table_info(\"quotations\")"}}
{"ts":"2026-09-14T13:14:05.002Z","level":"debug","scope":"sqlite","message":"query","meta":{"sql":"Executing (default): UPDATE quotations SET financial_mode = 'PRE_ACCOUNTS'\n           WHERE financial_mode IS NULL AND (shop_id = '4045a134-66e1-44a2-92fd-d5b92b21aca9' OR shop_id IS NULL)"}}
{"ts":"2026-09-14T13:14:05.003Z","level":"debug","scope":"sqlite","message":"query","meta":{"sql":"Executing (default): SELECT name FROM sqlite_master WHERE type='table' AND name = 'credit_notes'"}}
{"ts":"2026-09-14T13:14:05.004Z","level":"debug","scope":"sqlite","message":"query","meta":{"sql":"Executing (default): PRAGMA table_info(\"credit_notes\")"}}
{"ts":"2026-09-14T13:14:05.005Z","level":"debug","scope":"sqlite","message":"query","meta":{"sql":"Executing (default): UPDATE credit_notes SET financial_mode = 'PRE_ACCOUNTS'\n           WHERE financial_mode IS NULL AND (shop_id = '4045a134-66e1-44a2-92fd-d5b92b21aca9' OR shop_id IS NULL)"}}
{"ts":"2026-09-14T13:14:05.006Z","level":"debug","scope":"sqlite","message":"query","meta":{"sql":"Executing (default): SELECT name FROM sqlite_master WHERE type='table' AND name = 'old_gold_receipts'"}}
{"ts":"2026-09-14T13:14:05.007Z","level":"debug","scope":"sqlite","message":"query","meta":{"sql":"Executing (default): PRAGMA table_info(\"old_gold_receipts\")"}}
{"ts":"2026-09-14T13:14:05.009Z","level":"debug","scope":"sqlite","message":"query","meta":{"sql":"Executing (default): UPDATE old_gold_receipts SET financial_mode = 'PRE_ACCOUNTS'\n           WHERE financial_mode IS NULL AND (shop_id = '4045a134-66e1-44a2-92fd-d5b92b21aca9' OR shop_id IS NULL)"}}
{"ts":"2026-09-14T13:14:05.010Z","level":"debug","scope":"sqlite","message":"query","meta":{"sql":"Executing (default): SELECT name FROM sqlite_master WHERE type='table' AND name = 'cashbook_entries'"}}
{"ts":"2026-09-14T13:14:05.011Z","level":"debug","scope":"sqlite","message":"query","meta":{"sql":"Executing (default): PRAGMA table_info(\"cashbook_entries\")"}}
{"ts":"2026-09-14T13:14:05.012Z","level":"debug","scope":"sqlite","message":"query","meta":{"sql":"Executing (default): UPDATE cashbook_entries SET financial_mode = 'PRE_ACCOUNTS'\n           WHERE financial_mode IS NULL AND (shop_id = '4045a134-66e1-44a2-92fd-d5b92b21aca9' OR shop_id IS NULL)"}}
{"ts":"2026-09-14T13:14:05.013Z","level":"debug","scope":"sqlite","message":"query","meta":{"sql":"Executing (default): SELECT name FROM sqlite_master WHERE type='table' AND name = 'schemes'"}}
{"ts":"2026-09-14T13:14:05.014Z","level":"debug","scope":"sqlite","message":"query","meta":{"sql":"Executing (default): PRAGMA table_info(\"schemes\")"}}
{"ts":"2026-09-14T13:14:05.015Z","level":"debug","scope":"sqlite","message":"query","meta":{"sql":"Executing (default): UPDATE schemes SET financial_mode = 'PRE_ACCOUNTS'\n           WHERE financial_mode IS NULL AND (shop_id = '4045a134-66e1-44a2-92fd-d5b92b21aca9' OR shop_id IS NULL)"}}
{"ts":"2026-09-14T13:14:05.016Z","level":"debug","scope":"sqlite","message":"query","meta":{"sql":"Executing (default): SELECT name FROM sqlite_master WHERE type='table' AND name = 'orders'"}}
{"ts":"2026-09-14T13:14:05.017Z","level":"debug","scope":"sqlite","message":"query","meta":{"sql":"Executing (default): PRAGMA table_info(\"orders\")"}}
{"ts":"2026-09-14T13:14:05.019Z","level":"debug","scope":"sqlite","message":"query","meta":{"sql":"Executing (default): UPDATE orders SET financial_mode = 'PRE_ACCOUNTS'\n           WHERE financial_mode IS NULL AND (shop_id = '4045a134-66e1-44a2-92fd-d5b92b21aca9' OR shop_id IS NULL)"}}
{"ts":"2026-09-14T13:14:05.020Z","level":"debug","scope":"sqlite","message":"query","meta":{"sql":"Executing (default): SELECT `id`, `key`, `value`, `shop_id`, `version`, `deleted_at`, `origin_device_id`, `created_at` AS `createdAt`, `updated_at` AS `updatedAt` FROM `settings` AS `Setting` WHERE `Setting`.`key` = 'erp_opening_setup_complete:4ea2c175-6d55-44b9-a140-aa84b43e8379';"}}
{"ts":"2026-09-14T13:14:05.021Z","level":"debug","scope":"sqlite","message":"query","meta":{"sql":"Executing (default): SELECT name FROM sqlite_master WHERE type='table' AND name = 'journal_entries'"}}
{"ts":"2026-09-14T13:14:05.022Z","level":"debug","scope":"sqlite","message":"query","meta":{"sql":"Executing (default): PRAGMA table_info(\"journal_entries\")"}}
{"ts":"2026-09-14T13:14:05.023Z","level":"debug","scope":"sqlite","message":"query","meta":{"sql":"Executing (default): UPDATE journal_entries SET financial_mode = 'LIVE'\n         WHERE shop_id = '4ea2c175-6d55-44b9-a140-aa84b43e8379' AND financial_mode IS NULL AND (source_type = 'opening_balance' OR is_opening = 1)"}}
{"ts":"2026-09-14T13:14:05.024Z","level":"debug","scope":"sqlite","message":"query","meta":{"sql":"Executing (default): UPDATE journal_entries SET financial_mode = 'PRE_ACCOUNTS'\n           WHERE shop_id = '4ea2c175-6d55-44b9-a140-aa84b43e8379' AND financial_mode IS NULL AND created_at < '2026-09-14T12:18:17.054Z'"}}
{"ts":"2026-09-14T13:14:05.025Z","level":"debug","scope":"sqlite","message":"query","meta":{"sql":"Executing (default): UPDATE journal_entries SET financial_mode = 'LIVE'\n           WHERE shop_id = '4ea2c175-6d55-44b9-a140-aa84b43e8379' AND financial_mode IS NULL AND created_at >= '2026-09-14T12:18:17.054Z'"}}
{"ts":"2026-09-14T13:14:05.026Z","level":"debug","scope":"sqlite","message":"query","meta":{"sql":"Executing (default): SELECT name FROM sqlite_master WHERE type='table' AND name = 'invoices'"}}
{"ts":"2026-09-14T13:14:05.026Z","level":"debug","scope":"sqlite","message":"query","meta":{"sql":"Executing (default): PRAGMA table_info(\"invoices\")"}}
{"ts":"2026-09-14T13:14:05.027Z","level":"debug","scope":"sqlite","message":"query","meta":{"sql":"Executing (default): UPDATE invoices SET financial_mode = 'PRE_ACCOUNTS'\n           WHERE financial_mode IS NULL AND shop_id = '4ea2c175-6d55-44b9-a140-aa84b43e8379' AND created_at < '2026-09-14T12:18:17.054Z'"}}
{"ts":"2026-09-14T13:14:05.028Z","level":"debug","scope":"sqlite","message":"query","meta":{"sql":"Executing (default): UPDATE invoices SET financial_mode = 'LIVE'\n           WHERE financial_mode IS NULL AND shop_id = '4ea2c175-6d55-44b9-a140-aa84b43e8379' AND created_at >= '2026-09-14T12:18:17.054Z'"}}
{"ts":"2026-09-14T13:14:05.029Z","level":"debug","scope":"sqlite","message":"query","meta":{"sql":"Executing (default): SELECT name FROM sqlite_master WHERE type='table' AND name = 'payments'"}}
{"ts":"2026-09-14T13:14:05.030Z","level":"debug","scope":"sqlite","message":"query","meta":{"sql":"Executing (default): PRAGMA table_info(\"payments\")"}}
{"ts":"2026-09-14T13:14:05.031Z","level":"debug","scope":"sqlite","message":"query","meta":{"sql":"Executing (default): UPDATE payments SET financial_mode = 'PRE_ACCOUNTS'\n           WHERE financial_mode IS NULL AND shop_id = '4ea2c175-6d55-44b9-a140-aa84b43e8379' AND created_at < '2026-09-14T12:18:17.054Z'"}}
{"ts":"2026-09-14T13:14:05.032Z","level":"debug","scope":"sqlite","message":"query","meta":{"sql":"Executing (default): UPDATE payments SET financial_mode = 'LIVE'\n           WHERE financial_mode IS NULL AND shop_id = '4ea2c175-6d55-44b9-a140-aa84b43e8379' AND created_at >= '2026-09-14T12:18:17.054Z'"}}
{"ts":"2026-09-14T13:14:05.033Z","level":"debug","scope":"sqlite","message":"query","meta":{"sql":"Executing (default): SELECT name FROM sqlite_master WHERE type='table' AND name = 'expenses'"}}
{"ts":"2026-09-14T13:14:05.034Z","level":"debug","scope":"sqlite","message":"query","meta":{"sql":"Executing (default): PRAGMA table_info(\"expenses\")"}}
{"ts":"2026-09-14T13:14:05.035Z","level":"debug","scope":"sqlite","message":"query","meta":{"sql":"Executing (default): UPDATE expenses SET financial_mode = 'PRE_ACCOUNTS'\n           WHERE financial_mode IS NULL AND shop_id = '4ea2c175-6d55-44b9-a140-aa84b43e8379' AND created_at < '2026-09-14T12:18:17.054Z'"}}
{"ts":"2026-09-14T13:14:05.036Z","level":"debug","scope":"sqlite","message":"query","meta":{"sql":"Executing (default): UPDATE expenses SET financial_mode = 'LIVE'\n           WHERE financial_mode IS NULL AND shop_id = '4ea2c175-6d55-44b9-a140-aa84b43e8379' AND created_at >= '2026-09-14T12:18:17.054Z'"}}
{"ts":"2026-09-14T13:14:05.037Z","level":"debug","scope":"sqlite","message":"query","meta":{"sql":"Executing (default): SELECT name FROM sqlite_master WHERE type='table' AND name = 'purchases'"}}
{"ts":"2026-09-14T13:14:05.038Z","level":"debug","scope":"sqlite","message":"query","meta":{"sql":"Executing (default): PRAGMA table_info(\"purchases\")"}}
{"ts":"2026-09-14T13:14:05.040Z","level":"debug","scope":"sqlite","message":"query","meta":{"sql":"Executing (default): UPDATE purchases SET financial_mode = 'PRE_ACCOUNTS'\n           WHERE financial_mode IS NULL AND shop_id = '4ea2c175-6d55-44b9-a140-aa84b43e8379' AND created_at < '2026-09-14T12:18:17.054Z'"}}
{"ts":"2026-09-14T13:14:05.041Z","level":"debug","scope":"sqlite","message":"query","meta":{"sql":"Executing (default): UPDATE purchases SET financial_mode = 'LIVE'\n           WHERE financial_mode IS NULL AND shop_id = '4ea2c175-6d55-44b9-a140-aa84b43e8379' AND created_at >= '2026-09-14T12:18:17.054Z'"}}
{"ts":"2026-09-14T13:14:05.042Z","level":"debug","scope":"sqlite","message":"query","meta":{"sql":"Executing (default): SELECT name FROM sqlite_master WHERE type='table' AND name = 'customer_advances'"}}
{"ts":"2026-09-14T13:14:05.045Z","level":"debug","scope":"sqlite","message":"query","meta":{"sql":"Executing (default): PRAGMA table_info(\"customer_advances\")"}}
{"ts":"2026-09-14T13:14:05.046Z","level":"debug","scope":"sqlite","message":"query","meta":{"sql":"Executing (default): UPDATE customer_advances SET financial_mode = 'PRE_ACCOUNTS'\n           WHERE financial_mode IS NULL AND shop_id = '4ea2c175-6d55-44b9-a140-aa84b43e8379' AND created_at < '2026-09-14T12:18:17.054Z'"}}
{"ts":"2026-09-14T13:14:05.046Z","level":"debug","scope":"sqlite","message":"query","meta":{"sql":"Executing (default): UPDATE customer_advances SET financial_mode = 'LIVE'\n           WHERE financial_mode IS NULL AND shop_id = '4ea2c175-6d55-44b9-a140-aa84b43e8379' AND created_at >= '2026-09-14T12:18:17.054Z'"}}
{"ts":"2026-09-14T13:14:05.047Z","level":"debug","scope":"sqlite","message":"query","meta":{"sql":"Executing (default): SELECT name FROM sqlite_master WHERE type='table' AND name = 'customer_advance_applications'"}}
{"ts":"2026-09-14T13:14:05.048Z","level":"debug","scope":"sqlite","message":"query","meta":{"sql":"Executing (default): PRAGMA table_info(\"customer_advance_applications\")"}}
{"ts":"2026-09-14T13:14:05.049Z","level":"debug","scope":"sqlite","message":"query","meta":{"sql":"Executing (default): UPDATE customer_advance_applications SET financial_mode = 'PRE_ACCOUNTS'\n           WHERE financial_mode IS NULL AND shop_id = '4ea2c175-6d55-44b9-a140-aa84b43e8379' AND created_at < '2026-09-14T12:18:17.054Z'"}}
{"ts":"2026-09-14T13:14:05.050Z","level":"debug","scope":"sqlite","message":"query","meta":{"sql":"Executing (default): UPDATE customer_advance_applications SET financial_mode = 'LIVE'\n           WHERE financial_mode IS NULL AND shop_id = '4ea2c175-6d55-44b9-a140-aa84b43e8379' AND created_at >= '2026-09-14T12:18:17.054Z'"}}
{"ts":"2026-09-14T13:14:05.051Z","level":"debug","scope":"sqlite","message":"query","meta":{"sql":"Executing (default): SELECT name FROM sqlite_master WHERE type='table' AND name = 'quotations'"}}
{"ts":"2026-09-14T13:14:05.052Z","level":"debug","scope":"sqlite","message":"query","meta":{"sql":"Executing (default): PRAGMA table_info(\"quotations\")"}}
{"ts":"2026-09-14T13:14:05.053Z","level":"debug","scope":"sqlite","message":"query","meta":{"sql":"Executing (default): UPDATE quotations SET financial_mode = 'PRE_ACCOUNTS'\n           WHERE financial_mode IS NULL AND shop_id = '4ea2c175-6d55-44b9-a140-aa84b43e8379' AND created_at < '2026-09-14T12:18:17.054Z'"}}
{"ts":"2026-09-14T13:14:05.054Z","level":"debug","scope":"sqlite","message":"query","meta":{"sql":"Executing (default): UPDATE quotations SET financial_mode = 'LIVE'\n           WHERE financial_mode IS NULL AND shop_id = '4ea2c175-6d55-44b9-a140-aa84b43e8379' AND created_at >= '2026-09-14T12:18:17.054Z'"}}
{"ts":"2026-09-14T13:14:05.055Z","level":"debug","scope":"sqlite","message":"query","meta":{"sql":"Executing (default): SELECT name FROM sqlite_master WHERE type='table' AND name = 'credit_notes'"}}
{"ts":"2026-09-14T13:14:05.057Z","level":"debug","scope":"sqlite","message":"query","meta":{"sql":"Executing (default): PRAGMA table_info(\"credit_notes\")"}}
{"ts":"2026-09-14T13:14:05.058Z","level":"debug","scope":"sqlite","message":"query","meta":{"sql":"Executing (default): UPDATE credit_notes SET financial_mode = 'PRE_ACCOUNTS'\n           WHERE financial_mode IS NULL AND shop_id = '4ea2c175-6d55-44b9-a140-aa84b43e8379' AND created_at < '2026-09-14T12:18:17.054Z'"}}
{"ts":"2026-09-14T13:14:05.059Z","level":"debug","scope":"sqlite","message":"query","meta":{"sql":"Executing (default): UPDATE credit_notes SET financial_mode = 'LIVE'\n           WHERE financial_mode IS NULL AND shop_id = '4ea2c175-6d55-44b9-a140-aa84b43e8379' AND created_at >= '2026-09-14T12:18:17.054Z'"}}
{"ts":"2026-09-14T13:14:05.060Z","level":"debug","scope":"sqlite","message":"query","meta":{"sql":"Executing (default): SELECT name FROM sqlite_master WHERE type='table' AND name = 'old_gold_receipts'"}}
{"ts":"2026-09-14T13:14:05.061Z","level":"debug","scope":"sqlite","message":"query","meta":{"sql":"Executing (default): PRAGMA table_info(\"old_gold_receipts\")"}}
{"ts":"2026-09-14T13:14:05.063Z","level":"debug","scope":"sqlite","message":"query","meta":{"sql":"Executing (default): UPDATE old_gold_receipts SET financial_mode = 'PRE_ACCOUNTS'\n           WHERE financial_mode IS NULL AND shop_id = '4ea2c175-6d55-44b9-a140-aa84b43e8379' AND created_at < '2026-09-14T12:18:17.054Z'"}}
{"ts":"2026-09-14T13:14:05.064Z","level":"debug","scope":"sqlite","message":"query","meta":{"sql":"Executing (default): UPDATE old_gold_receipts SET financial_mode = 'LIVE'\n           WHERE financial_mode IS NULL AND shop_id = '4ea2c175-6d55-44b9-a140-aa84b43e8379' AND created_at >= '2026-09-14T12:18:17.054Z'"}}
{"ts":"2026-09-14T13:14:05.064Z","level":"debug","scope":"sqlite","message":"query","meta":{"sql":"Executing (default): SELECT name FROM sqlite_master WHERE type='table' AND name = 'cashbook_entries'"}}
{"ts":"2026-09-14T13:14:05.065Z","level":"debug","scope":"sqlite","message":"query","meta":{"sql":"Executing (default): PRAGMA table_info(\"cashbook_entries\")"}}
{"ts":"2026-09-14T13:14:05.066Z","level":"debug","scope":"sqlite","message":"query","meta":{"sql":"Executing (default): UPDATE cashbook_entries SET financial_mode = 'PRE_ACCOUNTS'\n           WHERE financial_mode IS NULL AND shop_id = '4ea2c175-6d55-44b9-a140-aa84b43e8379' AND created_at < '2026-09-14T12:18:17.054Z'"}}
{"ts":"2026-09-14T13:14:05.067Z","level":"debug","scope":"sqlite","message":"query","meta":{"sql":"Executing (default): UPDATE cashbook_entries SET financial_mode = 'LIVE'\n           WHERE financial_mode IS NULL AND shop_id = '4ea2c175-6d55-44b9-a140-aa84b43e8379' AND created_at >= '2026-09-14T12:18:17.054Z'"}}
{"ts":"2026-09-14T13:14:05.068Z","level":"debug","scope":"sqlite","message":"query","meta":{"sql":"Executing (default): SELECT name FROM sqlite_master WHERE type='table' AND name = 'schemes'"}}
{"ts":"2026-09-14T13:14:05.069Z","level":"debug","scope":"sqlite","message":"query","meta":{"sql":"Executing (default): PRAGMA table_info(\"schemes\")"}}
{"ts":"2026-09-14T13:14:05.071Z","level":"debug","scope":"sqlite","message":"query","meta":{"sql":"Executing (default): UPDATE schemes SET financial_mode = 'PRE_ACCOUNTS'\n           WHERE financial_mode IS NULL AND shop_id = '4ea2c175-6d55-44b9-a140-aa84b43e8379' AND created_at < '2026-09-14T12:18:17.054Z'"}}
{"ts":"2026-09-14T13:14:05.072Z","level":"debug","scope":"sqlite","message":"query","meta":{"sql":"Executing (default): UPDATE schemes SET financial_mode = 'LIVE'\n           WHERE financial_mode IS NULL AND shop_id = '4ea2c175-6d55-44b9-a140-aa84b43e8379' AND created_at >= '2026-09-14T12:18:17.054Z'"}}
{"ts":"2026-09-14T13:14:05.073Z","level":"debug","scope":"sqlite","message":"query","meta":{"sql":"Executing (default): SELECT name FROM sqlite_master WHERE type='table' AND name = 'orders'"}}
{"ts":"2026-09-14T13:14:05.074Z","level":"debug","scope":"sqlite","message":"query","meta":{"sql":"Executing (default): PRAGMA table_info(\"orders\")"}}
{"ts":"2026-09-14T13:14:05.075Z","level":"debug","scope":"sqlite","message":"query","meta":{"sql":"Executing (default): UPDATE orders SET financial_mode = 'PRE_ACCOUNTS'\n           WHERE financial_mode IS NULL AND shop_id = '4ea2c175-6d55-44b9-a140-aa84b43e8379' AND created_at < '2026-09-14T12:18:17.054Z'"}}
{"ts":"2026-09-14T13:14:05.076Z","level":"debug","scope":"sqlite","message":"query","meta":{"sql":"Executing (default): UPDATE orders SET financial_mode = 'LIVE'\n           WHERE financial_mode IS NULL AND shop_id = '4ea2c175-6d55-44b9-a140-aa84b43e8379' AND created_at >= '2026-09-14T12:18:17.054Z'"}}
{"ts":"2026-09-14T13:14:05.076Z","level":"info","scope":"accounts","message":"financial mode backfill","meta":{"shops":2,"notes":[]}}
{"ts":"2026-09-14T13:14:05.078Z","level":"debug","scope":"sqlite","message":"query","meta":{"sql":"Executing (default): SELECT `id`, `shop_id`, `device_name`, `device_identifier`, `device_number`, `role`, `status`, `last_seen_at`, `meta`, `created_at` AS `createdAt`, `updated_at` AS `updatedAt` FROM `devices` AS `Device` WHERE `Device`.`shop_id` = '4045a134-66e1-44a2-92fd-d5b92b21aca9' AND `Device`.`device_identifier` = 'cd70f896-48e5-4457-97e6-b54399cb27c5' LIMIT 1;"}}
{"ts":"2026-09-14T13:14:05.081Z","level":"debug","scope":"sqlite","message":"query","meta":{"sql":"Executing (default): INSERT INTO `devices` (`id`,`shop_id`,`device_name`,`device_identifier`,`role`,`status`,`last_seen_at`,`meta`,`created_at`,`updated_at`) VALUES ($1,$2,$3,$4,$5,$6,$7,$8,$9,$10);"}}
{"ts":"2026-09-14T13:14:05.085Z","level":"debug","scope":"sqlite","message":"query","meta":{"sql":"Executing (default): SELECT `id`, `shop_id`, `device_name`, `device_identifier`, `device_number`, `role`, `status`, `last_seen_at`, `meta`, `created_at` AS `createdAt`, `updated_at` AS `updatedAt` FROM `devices` AS `Device` WHERE `Device`.`shop_id` = '4045a134-66e1-44a2-92fd-d5b92b21aca9';"}}
{"ts":"2026-09-14T13:14:05.087Z","level":"debug","scope":"sqlite","message":"query","meta":{"sql":"Executing (default): SELECT `id`, `shop_id`, `node_id`, `host_id`, `host_term`, `role`, `event_watermark`, `fenced`, `fenced_reason`, `meta`, `created_at` AS `createdAt`, `updated_at` AS `updatedAt` FROM `cluster_state` AS `ClusterState` WHERE `ClusterState`.`shop_id` = '4045a134-66e1-44a2-92fd-d5b92b21aca9';"}}
{"ts":"2026-09-14T13:14:05.091Z","level":"debug","scope":"sqlite","message":"query","meta":{"sql":"Executing (default): INSERT INTO `cluster_state` (`id`,`shop_id`,`node_id`,`host_id`,`host_term`,`role`,`event_watermark`,`fenced`,`meta`,`created_at`,`updated_at`) VALUES ($1,$2,$3,$4,$5,$6,$7,$8,$9,$10,$11);"}}
{"ts":"2026-09-14T13:14:05.096Z","level":"info","scope":"boot","message":"API ready","meta":{"url":"http://0.0.0.0:8080","mode":"branch","mtls":false}}
{"ts":"2026-09-14T13:14:05.097Z","level":"info","scope":"boot","message":"Branch Service ready — local SQLite / LAN only"}
{"ts":"2026-09-14T13:14:05.101Z","level":"debug","scope":"sqlite","message":"query","meta":{"sql":"Executing (default): SELECT `id`, `key`, `value`, `shop_id`, `version`, `deleted_at`, `origin_device_id`, `created_at` AS `createdAt`, `updated_at` AS `updatedAt` FROM `settings` AS `Setting` WHERE `Setting`.`key` = 'gold_rate';"}}
{"ts":"2026-09-14T13:14:05.101Z","level":"debug","scope":"sqlite","message":"query","meta":{"sql":"Executing (default): SELECT `id`, `name`, `code`, `gstin`, `phone`, `email`, `address`, `invoice_prefix`, `status`, `settings`, `created_at` AS `createdAt`, `updated_at` AS `updatedAt` FROM `shops` AS `Shop` WHERE `Shop`.`id` = '4045a134-66e1-44a2-92fd-d5b92b21aca9';"}}
{"ts":"2026-09-14T13:14:05.107Z","level":"debug","scope":"sqlite","message":"query","meta":{"sql":"Executing (default): SELECT `key`, `value`, `updated_at` FROM `schema_meta` AS `SchemaMeta` WHERE `SchemaMeta`.`key` = 'schema_version';"}}
{"ts":"2026-09-14T13:14:05.109Z","level":"debug","scope":"sqlite","message":"query","meta":{"sql":"Executing (default): SELECT `id`, `shop_id`, `device_name`, `device_identifier`, `device_number`, `role`, `status`, `last_seen_at`, `meta`, `created_at` AS `createdAt`, `updated_at` AS `updatedAt` FROM `devices` AS `Device` WHERE `Device`.`shop_id` = '4045a134-66e1-44a2-92fd-d5b92b21aca9';"}}
{"ts":"2026-09-14T13:15:05.108Z","level":"debug","scope":"sqlite","message":"query","meta":{"sql":"Executing (default): SELECT `id`, `key`, `value`, `shop_id`, `version`, `deleted_at`, `origin_device_id`, `created_at` AS `createdAt`, `updated_at` AS `updatedAt` FROM `settings` AS `Setting` WHERE `Setting`.`key` = 'gold_rate';"}}
{"ts":"2026-09-14T13:16:05.121Z","level":"debug","scope":"sqlite","message":"query","meta":{"sql":"Executing (default): SELECT `id`, `key`, `value`, `shop_id`, `version`, `deleted_at`, `origin_device_id`, `created_at` AS `createdAt`, `updated_at` AS `updatedAt` FROM `settings` AS `Setting` WHERE `Setting`.`key` = 'gold_rate';"}}
{"ts":"2026-09-14T13:17:05.123Z","level":"debug","scope":"sqlite","message":"query","meta":{"sql":"Executing (default): SELECT `id`, `key`, `value`, `shop_id`, `version`, `deleted_at`, `origin_device_id`, `created_at` AS `createdAt`, `updated_at` AS `updatedAt` FROM `settings` AS `Setting` WHERE `Setting`.`key` = 'gold_rate';"}}
{"ts":"2026-09-14T13:43:45.671Z","level":"info","scope":"sqlite","message":"opening database","meta":{"storage":"C:/Users/Lokesh Malla/AppData/Roaming/jewellery-crm-desktop/data/jewellery-crm.sqlite","electron":true}}
{"ts":"2026-09-14T13:43:46.232Z","level":"info","scope":"boot","message":"starting branch service","meta":{"app_mode":"branch","schema_version":14,"sqlite":true,"log_dir":"E:\\SLGT-Jewellery-ERP\\SLGT JEWEL ERP\\backend\\logs"}}
{"ts":"2026-09-14T13:43:46.233Z","level":"info","scope":"boot","message":"branch identity","meta":{"device":"cd70f896-48e5-4457-97e6-b54399cb27c5","role":"active_host"}}
{"ts":"2026-09-14T13:43:46.233Z","level":"info","scope":"sqlite","message":"authenticating connection"}
{"ts":"2026-09-14T13:43:46.246Z","level":"info","scope":"boot","message":"API listening","meta":{"url":"http://0.0.0.0:8080","mode":"starting","mtls":false,"log_dir":"E:\\SLGT-Jewellery-ERP\\SLGT JEWEL ERP\\backend\\logs"}}
{"ts":"2026-09-14T13:43:46.250Z","level":"debug","scope":"sqlite","message":"query","meta":{"sql":"Executing (default): SELECT 1+1 AS result"}}
{"ts":"2026-09-14T13:43:46.268Z","level":"info","scope":"sqlite","message":"database connected ok"}
{"ts":"2026-09-14T13:43:46.273Z","level":"debug","scope":"sqlite","message":"query","meta":{"sql":"Executing (default): SELECT name FROM sqlite_master WHERE type='table' AND name = 'audit_events'"}}
{"ts":"2026-09-14T13:43:46.274Z","level":"debug","scope":"sqlite","message":"query","meta":{"sql":"Executing (default): PRAGMA table_info(\"audit_events\")"}}
{"ts":"2026-09-14T13:43:46.275Z","level":"debug","scope":"sqlite","message":"query","meta":{"sql":"Executing (default): SELECT name FROM sqlite_master WHERE type='table' AND name = 'event_log'"}}
{"ts":"2026-09-14T13:43:46.277Z","level":"debug","scope":"sqlite","message":"query","meta":{"sql":"Executing (default): PRAGMA table_info(\"event_log\")"}}
{"ts":"2026-09-14T13:43:46.278Z","level":"debug","scope":"sqlite","message":"query","meta":{"sql":"Executing (default): SELECT name FROM sqlite_master WHERE type='table' AND name = 'cluster_state'"}}
{"ts":"2026-09-14T13:43:46.279Z","level":"debug","scope":"sqlite","message":"query","meta":{"sql":"Executing (default): PRAGMA table_info(\"cluster_state\")"}}
{"ts":"2026-09-14T13:43:46.280Z","level":"debug","scope":"sqlite","message":"query","meta":{"sql":"Executing (default): SELECT name FROM sqlite_master WHERE type='table' AND name = 'replica_acks'"}}
{"ts":"2026-09-14T13:43:46.281Z","level":"debug","scope":"sqlite","message":"query","meta":{"sql":"Executing (default): PRAGMA table_info(\"replica_acks\")"}}
{"ts":"2026-09-14T13:43:46.282Z","level":"debug","scope":"sqlite","message":"query","meta":{"sql":"Executing (default): SELECT name FROM sqlite_master WHERE type='table' AND name = 'operation_ledger'"}}
{"ts":"2026-09-14T13:43:46.283Z","level":"debug","scope":"sqlite","message":"query","meta":{"sql":"Executing (default): PRAGMA table_info(\"operation_ledger\")"}}
{"ts":"2026-09-14T13:43:46.285Z","level":"debug","scope":"sqlite","message":"query","meta":{"sql":"Executing (default): SELECT name FROM sqlite_master WHERE type='table' AND name = 'attributes'"}}
{"ts":"2026-09-14T13:43:46.287Z","level":"debug","scope":"sqlite","message":"query","meta":{"sql":"Executing (default): PRAGMA table_info(\"attributes\")"}}
{"ts":"2026-09-14T13:43:46.288Z","level":"debug","scope":"sqlite","message":"query","meta":{"sql":"Executing (default): SELECT name FROM sqlite_master WHERE type='table' AND name = 'audit_events'"}}
{"ts":"2026-09-14T13:43:46.289Z","level":"debug","scope":"sqlite","message":"query","meta":{"sql":"Executing (default): PRAGMA table_info(\"audit_events\")"}}
{"ts":"2026-09-14T13:43:46.290Z","level":"debug","scope":"sqlite","message":"query","meta":{"sql":"Executing (default): SELECT name FROM sqlite_master WHERE type='table' AND name = 'bank_accounts'"}}
{"ts":"2026-09-14T13:43:46.291Z","level":"debug","scope":"sqlite","message":"query","meta":{"sql":"Executing (default): PRAGMA table_info(\"bank_accounts\")"}}
{"ts":"2026-09-14T13:43:46.292Z","level":"debug","scope":"sqlite","message":"query","meta":{"sql":"Executing (default): SELECT name FROM sqlite_master WHERE type='table' AND name = 'bank_reconciliation_items'"}}
{"ts":"2026-09-14T13:43:46.293Z","level":"debug","scope":"sqlite","message":"query","meta":{"sql":"Executing (default): PRAGMA table_info(\"bank_reconciliation_items\")"}}
{"ts":"2026-09-14T13:43:46.294Z","level":"debug","scope":"sqlite","message":"query","meta":{"sql":"Executing (default): SELECT name FROM sqlite_master WHERE type='table' AND name = 'barcode_sequences'"}}
{"ts":"2026-09-14T13:43:46.295Z","level":"debug","scope":"sqlite","message":"query","meta":{"sql":"Executing (default): PRAGMA table_info(\"barcode_sequences\")"}}
{"ts":"2026-09-14T13:43:46.296Z","level":"debug","scope":"sqlite","message":"query","meta":{"sql":"Executing (default): SELECT name FROM sqlite_master WHERE type='table' AND name = 'barcode_stock_check_scans'"}}
{"ts":"2026-09-14T13:43:46.297Z","level":"debug","scope":"sqlite","message":"query","meta":{"sql":"Executing (default): PRAGMA table_info(\"barcode_stock_check_scans\")"}}
{"ts":"2026-09-14T13:43:46.298Z","level":"debug","scope":"sqlite","message":"query","meta":{"sql":"Executing (default): SELECT name FROM sqlite_master WHERE type='table' AND name = 'barcode_stock_check_sessions'"}}
{"ts":"2026-09-14T13:43:46.299Z","level":"debug","scope":"sqlite","message":"query","meta":{"sql":"Executing (default): PRAGMA table_info(\"barcode_stock_check_sessions\")"}}
{"ts":"2026-09-14T13:43:46.300Z","level":"debug","scope":"sqlite","message":"query","meta":{"sql":"Executing (default): SELECT name FROM sqlite_master WHERE type='table' AND name = 'barcode_templates'"}}
{"ts":"2026-09-14T13:43:46.300Z","level":"debug","scope":"sqlite","message":"query","meta":{"sql":"Executing (default): PRAGMA table_info(\"barcode_templates\")"}}
{"ts":"2026-09-14T13:43:46.301Z","level":"debug","scope":"sqlite","message":"query","meta":{"sql":"Executing (default): SELECT name FROM sqlite_master WHERE type='table' AND name = 'billing_rate_events'"}}
{"ts":"2026-09-14T13:43:46.303Z","level":"debug","scope":"sqlite","message":"query","meta":{"sql":"Executing (default): PRAGMA table_info(\"billing_rate_events\")"}}
{"ts":"2026-09-14T13:43:46.304Z","level":"debug","scope":"sqlite","message":"query","meta":{"sql":"Executing (default): SELECT name FROM sqlite_master WHERE type='table' AND name = 'campaigns'"}}
{"ts":"2026-09-14T13:43:46.305Z","level":"debug","scope":"sqlite","message":"query","meta":{"sql":"Executing (default): PRAGMA table_info(\"campaigns\")"}}
{"ts":"2026-09-14T13:43:46.306Z","level":"debug","scope":"sqlite","message":"query","meta":{"sql":"Executing (default): SELECT name FROM sqlite_master WHERE type='table' AND name = 'campaign_messages'"}}
{"ts":"2026-09-14T13:43:46.307Z","level":"debug","scope":"sqlite","message":"query","meta":{"sql":"Executing (default): PRAGMA table_info(\"campaign_messages\")"}}
{"ts":"2026-09-14T13:43:46.308Z","level":"debug","scope":"sqlite","message":"query","meta":{"sql":"Executing (default): SELECT name FROM sqlite_master WHERE type='table' AND name = 'cashbook_entries'"}}
{"ts":"2026-09-14T13:43:46.309Z","level":"debug","scope":"sqlite","message":"query","meta":{"sql":"Executing (default): PRAGMA table_info(\"cashbook_entries\")"}}
{"ts":"2026-09-14T13:43:46.311Z","level":"debug","scope":"sqlite","message":"query","meta":{"sql":"Executing (default): SELECT name FROM sqlite_master WHERE type='table' AND name = 'catalog_items'"}}
{"ts":"2026-09-14T13:43:46.311Z","level":"debug","scope":"sqlite","message":"query","meta":{"sql":"Executing (default): PRAGMA table_info(\"catalog_items\")"}}
{"ts":"2026-09-14T13:43:46.313Z","level":"debug","scope":"sqlite","message":"query","meta":{"sql":"Executing (default): SELECT name FROM sqlite_master WHERE type='table' AND name = 'categories'"}}
{"ts":"2026-09-14T13:43:46.313Z","level":"debug","scope":"sqlite","message":"query","meta":{"sql":"Executing (default): PRAGMA table_info(\"categories\")"}}
{"ts":"2026-09-14T13:43:46.315Z","level":"debug","scope":"sqlite","message":"query","meta":{"sql":"Executing (default): SELECT name FROM sqlite_master WHERE type='table' AND name = 'chart_of_accounts'"}}
{"ts":"2026-09-14T13:43:46.315Z","level":"debug","scope":"sqlite","message":"query","meta":{"sql":"Executing (default): PRAGMA table_info(\"chart_of_accounts\")"}}
{"ts":"2026-09-14T13:43:46.317Z","level":"debug","scope":"sqlite","message":"query","meta":{"sql":"Executing (default): SELECT name FROM sqlite_master WHERE type='table' AND name = 'cluster_state'"}}
{"ts":"2026-09-14T13:43:46.317Z","level":"debug","scope":"sqlite","message":"query","meta":{"sql":"Executing (default): PRAGMA table_info(\"cluster_state\")"}}
{"ts":"2026-09-14T13:43:46.320Z","level":"debug","scope":"sqlite","message":"query","meta":{"sql":"Executing (default): SELECT name FROM sqlite_master WHERE type='table' AND name = 'credit_notes'"}}
{"ts":"2026-09-14T13:43:46.321Z","level":"debug","scope":"sqlite","message":"query","meta":{"sql":"Executing (default): PRAGMA table_info(\"credit_notes\")"}}
{"ts":"2026-09-14T13:43:46.322Z","level":"debug","scope":"sqlite","message":"query","meta":{"sql":"Executing (default): SELECT name FROM sqlite_master WHERE type='table' AND name = 'customers'"}}
{"ts":"2026-09-14T13:43:46.323Z","level":"debug","scope":"sqlite","message":"query","meta":{"sql":"Executing (default): PRAGMA table_info(\"customers\")"}}
{"ts":"2026-09-14T13:43:46.324Z","level":"debug","scope":"sqlite","message":"query","meta":{"sql":"Executing (default): SELECT name FROM sqlite_master WHERE type='table' AND name = 'customer_advances'"}}
{"ts":"2026-09-14T13:43:46.325Z","level":"debug","scope":"sqlite","message":"query","meta":{"sql":"Executing (default): PRAGMA table_info(\"customer_advances\")"}}
{"ts":"2026-09-14T13:43:46.326Z","level":"debug","scope":"sqlite","message":"query","meta":{"sql":"Executing (default): SELECT name FROM sqlite_master WHERE type='table' AND name = 'customer_advance_applications'"}}
{"ts":"2026-09-14T13:43:46.327Z","level":"debug","scope":"sqlite","message":"query","meta":{"sql":"Executing (default): PRAGMA table_info(\"customer_advance_applications\")"}}
{"ts":"2026-09-14T13:43:46.328Z","level":"debug","scope":"sqlite","message":"query","meta":{"sql":"Executing (default): SELECT name FROM sqlite_master WHERE type='table' AND name = 'daily_closings'"}}
{"ts":"2026-09-14T13:43:46.329Z","level":"debug","scope":"sqlite","message":"query","meta":{"sql":"Executing (default): PRAGMA table_info(\"daily_closings\")"}}
{"ts":"2026-09-14T13:43:46.330Z","level":"debug","scope":"sqlite","message":"query","meta":{"sql":"Executing (default): SELECT name FROM sqlite_master WHERE type='table' AND name = 'devices'"}}
{"ts":"2026-09-14T13:43:46.331Z","level":"debug","scope":"sqlite","message":"query","meta":{"sql":"Executing (default): PRAGMA table_info(\"devices\")"}}
{"ts":"2026-09-14T13:43:46.331Z","level":"debug","scope":"sqlite","message":"query","meta":{"sql":"Executing (default): SELECT name FROM sqlite_master WHERE type='table' AND name = 'draft_sales'"}}
{"ts":"2026-09-14T13:43:46.332Z","level":"debug","scope":"sqlite","message":"query","meta":{"sql":"Executing (default): PRAGMA table_info(\"draft_sales\")"}}
{"ts":"2026-09-14T13:43:46.333Z","level":"debug","scope":"sqlite","message":"query","meta":{"sql":"Executing (default): SELECT name FROM sqlite_master WHERE type='table' AND name = 'employees'"}}
{"ts":"2026-09-14T13:43:46.334Z","level":"debug","scope":"sqlite","message":"query","meta":{"sql":"Executing (default): PRAGMA table_info(\"employees\")"}}
{"ts":"2026-09-14T13:43:46.335Z","level":"debug","scope":"sqlite","message":"query","meta":{"sql":"Executing (default): SELECT name FROM sqlite_master WHERE type='table' AND name = 'event_log'"}}
{"ts":"2026-09-14T13:43:46.336Z","level":"debug","scope":"sqlite","message":"query","meta":{"sql":"Executing (default): PRAGMA table_info(\"event_log\")"}}
{"ts":"2026-09-14T13:43:46.338Z","level":"debug","scope":"sqlite","message":"query","meta":{"sql":"Executing (default): SELECT name FROM sqlite_master WHERE type='table' AND name = 'expenses'"}}
{"ts":"2026-09-14T13:43:46.338Z","level":"debug","scope":"sqlite","message":"query","meta":{"sql":"Executing (default): PRAGMA table_info(\"expenses\")"}}
{"ts":"2026-09-14T13:43:46.339Z","level":"debug","scope":"sqlite","message":"query","meta":{"sql":"Executing (default): SELECT name FROM sqlite_master WHERE type='table' AND name = 'expense_categories'"}}
{"ts":"2026-09-14T13:43:46.340Z","level":"debug","scope":"sqlite","message":"query","meta":{"sql":"Executing (default): PRAGMA table_info(\"expense_categories\")"}}
{"ts":"2026-09-14T13:43:46.342Z","level":"debug","scope":"sqlite","message":"query","meta":{"sql":"Executing (default): SELECT name FROM sqlite_master WHERE type='table' AND name = 'gold_rate_history'"}}
{"ts":"2026-09-14T13:43:46.343Z","level":"debug","scope":"sqlite","message":"query","meta":{"sql":"Executing (default): PRAGMA table_info(\"gold_rate_history\")"}}
{"ts":"2026-09-14T13:43:46.344Z","level":"debug","scope":"sqlite","message":"query","meta":{"sql":"Executing (default): SELECT name FROM sqlite_master WHERE type='table' AND name = 'hsn_codes'"}}
{"ts":"2026-09-14T13:43:46.345Z","level":"debug","scope":"sqlite","message":"query","meta":{"sql":"Executing (default): PRAGMA table_info(\"hsn_codes\")"}}
{"ts":"2026-09-14T13:43:46.346Z","level":"debug","scope":"sqlite","message":"query","meta":{"sql":"Executing (default): SELECT name FROM sqlite_master WHERE type='table' AND name = 'incomes'"}}
{"ts":"2026-09-14T13:43:46.347Z","level":"debug","scope":"sqlite","message":"query","meta":{"sql":"Executing (default): PRAGMA table_info(\"incomes\")"}}
{"ts":"2026-09-14T13:43:46.348Z","level":"debug","scope":"sqlite","message":"query","meta":{"sql":"Executing (default): SELECT name FROM sqlite_master WHERE type='table' AND name = 'inventory_adjustments'"}}
{"ts":"2026-09-14T13:43:46.349Z","level":"debug","scope":"sqlite","message":"query","meta":{"sql":"Executing (default): PRAGMA table_info(\"inventory_adjustments\")"}}
{"ts":"2026-09-14T13:43:46.350Z","level":"debug","scope":"sqlite","message":"query","meta":{"sql":"Executing (default): SELECT name FROM sqlite_master WHERE type='table' AND name = 'inventory_movements'"}}
{"ts":"2026-09-14T13:43:46.351Z","level":"debug","scope":"sqlite","message":"query","meta":{"sql":"Executing (default): PRAGMA table_info(\"inventory_movements\")"}}
{"ts":"2026-09-14T13:43:46.353Z","level":"debug","scope":"sqlite","message":"query","meta":{"sql":"Executing (default): SELECT name FROM sqlite_master WHERE type='table' AND name = 'invoices'"}}
{"ts":"2026-09-14T13:43:46.354Z","level":"debug","scope":"sqlite","message":"query","meta":{"sql":"Executing (default): PRAGMA table_info(\"invoices\")"}}
{"ts":"2026-09-14T13:43:46.356Z","level":"debug","scope":"sqlite","message":"query","meta":{"sql":"Executing (default): SELECT name FROM sqlite_master WHERE type='table' AND name = 'invoice_items'"}}
{"ts":"2026-09-14T13:43:46.357Z","level":"debug","scope":"sqlite","message":"query","meta":{"sql":"Executing (default): PRAGMA table_info(\"invoice_items\")"}}
{"ts":"2026-09-14T13:43:46.359Z","level":"debug","scope":"sqlite","message":"query","meta":{"sql":"Executing (default): SELECT name FROM sqlite_master WHERE type='table' AND name = 'invoice_sequences'"}}
{"ts":"2026-09-14T13:43:46.360Z","level":"debug","scope":"sqlite","message":"query","meta":{"sql":"Executing (default): PRAGMA table_info(\"invoice_sequences\")"}}
{"ts":"2026-09-14T13:43:46.361Z","level":"debug","scope":"sqlite","message":"query","meta":{"sql":"Executing (default): SELECT name FROM sqlite_master WHERE type='table' AND name = 'journal_entries'"}}
{"ts":"2026-09-14T13:43:46.362Z","level":"debug","scope":"sqlite","message":"query","meta":{"sql":"Executing (default): PRAGMA table_info(\"journal_entries\")"}}
{"ts":"2026-09-14T13:43:46.363Z","level":"debug","scope":"sqlite","message":"query","meta":{"sql":"Executing (default): SELECT name FROM sqlite_master WHERE type='table' AND name = 'journal_lines'"}}
{"ts":"2026-09-14T13:43:46.364Z","level":"debug","scope":"sqlite","message":"query","meta":{"sql":"Executing (default): PRAGMA table_info(\"journal_lines\")"}}
{"ts":"2026-09-14T13:43:46.365Z","level":"debug","scope":"sqlite","message":"query","meta":{"sql":"Executing (default): SELECT name FROM sqlite_master WHERE type='table' AND name = 'metal_issues'"}}
{"ts":"2026-09-14T13:43:46.366Z","level":"debug","scope":"sqlite","message":"query","meta":{"sql":"Executing (default): PRAGMA table_info(\"metal_issues\")"}}
{"ts":"2026-09-14T13:43:46.367Z","level":"debug","scope":"sqlite","message":"query","meta":{"sql":"Executing (default): SELECT name FROM sqlite_master WHERE type='table' AND name = 'notifications'"}}
{"ts":"2026-09-14T13:43:46.368Z","level":"debug","scope":"sqlite","message":"query","meta":{"sql":"Executing (default): PRAGMA table_info(\"notifications\")"}}
{"ts":"2026-09-14T13:43:46.369Z","level":"debug","scope":"sqlite","message":"query","meta":{"sql":"Executing (default): SELECT name FROM sqlite_master WHERE type='table' AND name = 'old_gold_receipts'"}}
{"ts":"2026-09-14T13:43:46.370Z","level":"debug","scope":"sqlite","message":"query","meta":{"sql":"Executing (default): PRAGMA table_info(\"old_gold_receipts\")"}}
{"ts":"2026-09-14T13:43:46.371Z","level":"debug","scope":"sqlite","message":"query","meta":{"sql":"Executing (default): SELECT name FROM sqlite_master WHERE type='table' AND name = 'old_gold_sales'"}}
{"ts":"2026-09-14T13:43:46.372Z","level":"debug","scope":"sqlite","message":"query","meta":{"sql":"Executing (default): PRAGMA table_info(\"old_gold_sales\")"}}
{"ts":"2026-09-14T13:43:46.373Z","level":"debug","scope":"sqlite","message":"query","meta":{"sql":"Executing (default): SELECT name FROM sqlite_master WHERE type='table' AND name = 'operation_ledger'"}}
{"ts":"2026-09-14T13:43:46.374Z","level":"debug","scope":"sqlite","message":"query","meta":{"sql":"Executing (default): PRAGMA table_info(\"operation_ledger\")"}}
{"ts":"2026-09-14T13:43:46.375Z","level":"debug","scope":"sqlite","message":"query","meta":{"sql":"Executing (default): SELECT name FROM sqlite_master WHERE type='table' AND name = 'orders'"}}
{"ts":"2026-09-14T13:43:46.376Z","level":"debug","scope":"sqlite","message":"query","meta":{"sql":"Executing (default): PRAGMA table_info(\"orders\")"}}
{"ts":"2026-09-14T13:43:46.377Z","level":"debug","scope":"sqlite","message":"query","meta":{"sql":"Executing (default): SELECT name FROM sqlite_master WHERE type='table' AND name = 'payments'"}}
{"ts":"2026-09-14T13:43:46.378Z","level":"debug","scope":"sqlite","message":"query","meta":{"sql":"Executing (default): PRAGMA table_info(\"payments\")"}}
{"ts":"2026-09-14T13:43:46.379Z","level":"debug","scope":"sqlite","message":"query","meta":{"sql":"Executing (default): SELECT name FROM sqlite_master WHERE type='table' AND name = 'products'"}}
{"ts":"2026-09-14T13:43:46.380Z","level":"debug","scope":"sqlite","message":"query","meta":{"sql":"Executing (default): PRAGMA table_info(\"products\")"}}
{"ts":"2026-09-14T13:43:46.381Z","level":"debug","scope":"sqlite","message":"query","meta":{"sql":"Executing (default): SELECT name FROM sqlite_master WHERE type='table' AND name = 'product_status_history'"}}
{"ts":"2026-09-14T13:43:46.382Z","level":"debug","scope":"sqlite","message":"query","meta":{"sql":"Executing (default): PRAGMA table_info(\"product_status_history\")"}}
{"ts":"2026-09-14T13:43:46.383Z","level":"debug","scope":"sqlite","message":"query","meta":{"sql":"Executing (default): SELECT name FROM sqlite_master WHERE type='table' AND name = 'purchases'"}}
{"ts":"2026-09-14T13:43:46.384Z","level":"debug","scope":"sqlite","message":"query","meta":{"sql":"Executing (default): PRAGMA table_info(\"purchases\")"}}
{"ts":"2026-09-14T13:43:46.385Z","level":"debug","scope":"sqlite","message":"query","meta":{"sql":"Executing (default): SELECT name FROM sqlite_master WHERE type='table' AND name = 'purchase_items'"}}
{"ts":"2026-09-14T13:43:46.386Z","level":"debug","scope":"sqlite","message":"query","meta":{"sql":"Executing (default): PRAGMA table_info(\"purchase_items\")"}}
{"ts":"2026-09-14T13:43:46.387Z","level":"debug","scope":"sqlite","message":"query","meta":{"sql":"Executing (default): SELECT name FROM sqlite_master WHERE type='table' AND name = 'pure_products'"}}
{"ts":"2026-09-14T13:43:46.388Z","level":"debug","scope":"sqlite","message":"query","meta":{"sql":"Executing (default): PRAGMA table_info(\"pure_products\")"}}
{"ts":"2026-09-14T13:43:46.389Z","level":"debug","scope":"sqlite","message":"query","meta":{"sql":"Executing (default): SELECT name FROM sqlite_master WHERE type='table' AND name = 'quotations'"}}
{"ts":"2026-09-14T13:43:46.390Z","level":"debug","scope":"sqlite","message":"query","meta":{"sql":"Executing (default): PRAGMA table_info(\"quotations\")"}}
{"ts":"2026-09-14T13:43:46.391Z","level":"debug","scope":"sqlite","message":"query","meta":{"sql":"Executing (default): SELECT name FROM sqlite_master WHERE type='table' AND name = 'replica_acks'"}}
{"ts":"2026-09-14T13:43:46.391Z","level":"debug","scope":"sqlite","message":"query","meta":{"sql":"Executing (default): PRAGMA table_info(\"replica_acks\")"}}
{"ts":"2026-09-14T13:43:46.392Z","level":"debug","scope":"sqlite","message":"query","meta":{"sql":"Executing (default): SELECT name FROM sqlite_master WHERE type='table' AND name = 'sale_authorities'"}}
{"ts":"2026-09-14T13:43:46.393Z","level":"debug","scope":"sqlite","message":"query","meta":{"sql":"Executing (default): PRAGMA table_info(\"sale_authorities\")"}}
{"ts":"2026-09-14T13:43:46.394Z","level":"debug","scope":"sqlite","message":"query","meta":{"sql":"Executing (default): SELECT name FROM sqlite_master WHERE type='table' AND name = 'schema_meta'"}}
{"ts":"2026-09-14T13:43:46.395Z","level":"debug","scope":"sqlite","message":"query","meta":{"sql":"Executing (default): PRAGMA table_info(\"schema_meta\")"}}
{"ts":"2026-09-14T13:43:46.395Z","level":"debug","scope":"sqlite","message":"query","meta":{"sql":"Executing (default): SELECT name FROM sqlite_master WHERE type='table' AND name = 'schemes'"}}
{"ts":"2026-09-14T13:43:46.396Z","level":"debug","scope":"sqlite","message":"query","meta":{"sql":"Executing (default): PRAGMA table_info(\"schemes\")"}}
{"ts":"2026-09-14T13:43:46.397Z","level":"debug","scope":"sqlite","message":"query","meta":{"sql":"Executing (default): SELECT name FROM sqlite_master WHERE type='table' AND name = 'scheme_plans'"}}
{"ts":"2026-09-14T13:43:46.398Z","level":"debug","scope":"sqlite","message":"query","meta":{"sql":"Executing (default): PRAGMA table_info(\"scheme_plans\")"}}
{"ts":"2026-09-14T13:43:46.400Z","level":"debug","scope":"sqlite","message":"query","meta":{"sql":"Executing (default): SELECT name FROM sqlite_master WHERE type='table' AND name = 'settings'"}}
{"ts":"2026-09-14T13:43:46.401Z","level":"debug","scope":"sqlite","message":"query","meta":{"sql":"Executing (default): PRAGMA table_info(\"settings\")"}}
{"ts":"2026-09-14T13:43:46.402Z","level":"debug","scope":"sqlite","message":"query","meta":{"sql":"Executing (default): SELECT name FROM sqlite_master WHERE type='table' AND name = 'shops'"}}
{"ts":"2026-09-14T13:43:46.404Z","level":"debug","scope":"sqlite","message":"query","meta":{"sql":"Executing (default): PRAGMA table_info(\"shops\")"}}
{"ts":"2026-09-14T13:43:46.405Z","level":"debug","scope":"sqlite","message":"query","meta":{"sql":"Executing (default): SELECT name FROM sqlite_master WHERE type='table' AND name = 'shop_counters'"}}
{"ts":"2026-09-14T13:43:46.406Z","level":"debug","scope":"sqlite","message":"query","meta":{"sql":"Executing (default): PRAGMA table_info(\"shop_counters\")"}}
{"ts":"2026-09-14T13:43:46.407Z","level":"debug","scope":"sqlite","message":"query","meta":{"sql":"Executing (default): SELECT name FROM sqlite_master WHERE type='table' AND name = 'stock_history'"}}
{"ts":"2026-09-14T13:43:46.409Z","level":"debug","scope":"sqlite","message":"query","meta":{"sql":"Executing (default): PRAGMA table_info(\"stock_history\")"}}
{"ts":"2026-09-14T13:43:46.410Z","level":"debug","scope":"sqlite","message":"query","meta":{"sql":"Executing (default): SELECT name FROM sqlite_master WHERE type='table' AND name = 'users'"}}
{"ts":"2026-09-14T13:43:46.411Z","level":"debug","scope":"sqlite","message":"query","meta":{"sql":"Executing (default): PRAGMA table_info(\"users\")"}}
{"ts":"2026-09-14T13:43:46.412Z","level":"debug","scope":"sqlite","message":"query","meta":{"sql":"Executing (default): SELECT name FROM sqlite_master WHERE type='table' AND name = 'vendors'"}}
{"ts":"2026-09-14T13:43:46.413Z","level":"debug","scope":"sqlite","message":"query","meta":{"sql":"Executing (default): PRAGMA table_info(\"vendors\")"}}
{"ts":"2026-09-14T13:43:46.414Z","level":"debug","scope":"sqlite","message":"query","meta":{"sql":"Executing (default): SELECT name FROM sqlite_master WHERE type='table' AND name = 'invoice_sequences'"}}
{"ts":"2026-09-14T13:43:46.415Z","level":"debug","scope":"sqlite","message":"query","meta":{"sql":"Executing (default): PRAGMA table_info(\"invoice_sequences\")"}}
{"ts":"2026-09-14T13:43:46.416Z","level":"debug","scope":"sqlite","message":"query","meta":{"sql":"Executing (default): SELECT name, tbl_name FROM sqlite_master\n     WHERE type = 'index' AND name NOT LIKE 'sqlite_autoindex_%'"}}
{"ts":"2026-09-14T13:43:46.417Z","level":"debug","scope":"sqlite","message":"query","meta":{"sql":"Executing (default): SELECT name FROM sqlite_master WHERE type='table' AND name = 'attributes'"}}
{"ts":"2026-09-14T13:43:46.419Z","level":"debug","scope":"sqlite","message":"query","meta":{"sql":"Executing (default): PRAGMA table_info(\"attributes\")"}}
{"ts":"2026-09-14T13:43:46.420Z","level":"debug","scope":"sqlite","message":"query","meta":{"sql":"Executing (default): SELECT name FROM sqlite_master WHERE type='table' AND name = 'audit_events'"}}
{"ts":"2026-09-14T13:43:46.421Z","level":"debug","scope":"sqlite","message":"query","meta":{"sql":"Executing (default): PRAGMA table_info(\"audit_events\")"}}
{"ts":"2026-09-14T13:43:46.422Z","level":"debug","scope":"sqlite","message":"query","meta":{"sql":"Executing (default): SELECT name FROM sqlite_master WHERE type='table' AND name = 'bank_accounts'"}}
{"ts":"2026-09-14T13:43:46.423Z","level":"debug","scope":"sqlite","message":"query","meta":{"sql":"Executing (default): PRAGMA table_info(\"bank_accounts\")"}}
{"ts":"2026-09-14T13:43:46.424Z","level":"debug","scope":"sqlite","message":"query","meta":{"sql":"Executing (default): SELECT name FROM sqlite_master WHERE type='table' AND name = 'bank_reconciliation_items'"}}
{"ts":"2026-09-14T13:43:46.425Z","level":"debug","scope":"sqlite","message":"query","meta":{"sql":"Executing (default): PRAGMA table_info(\"bank_reconciliation_items\")"}}
{"ts":"2026-09-14T13:43:46.426Z","level":"debug","scope":"sqlite","message":"query","meta":{"sql":"Executing (default): SELECT name FROM sqlite_master WHERE type='table' AND name = 'barcode_sequences'"}}
{"ts":"2026-09-14T13:43:46.427Z","level":"debug","scope":"sqlite","message":"query","meta":{"sql":"Executing (default): PRAGMA table_info(\"barcode_sequences\")"}}
{"ts":"2026-09-14T13:43:46.428Z","level":"debug","scope":"sqlite","message":"query","meta":{"sql":"Executing (default): SELECT name FROM sqlite_master WHERE type='table' AND name = 'barcode_stock_check_scans'"}}
{"ts":"2026-09-14T13:43:46.429Z","level":"debug","scope":"sqlite","message":"query","meta":{"sql":"Executing (default): PRAGMA table_info(\"barcode_stock_check_scans\")"}}
{"ts":"2026-09-14T13:43:46.430Z","level":"debug","scope":"sqlite","message":"query","meta":{"sql":"Executing (default): SELECT name FROM sqlite_master WHERE type='table' AND name = 'barcode_stock_check_sessions'"}}
{"ts":"2026-09-14T13:43:46.431Z","level":"debug","scope":"sqlite","message":"query","meta":{"sql":"Executing (default): PRAGMA table_info(\"barcode_stock_check_sessions\")"}}
{"ts":"2026-09-14T13:43:46.432Z","level":"debug","scope":"sqlite","message":"query","meta":{"sql":"Executing (default): SELECT name FROM sqlite_master WHERE type='table' AND name = 'barcode_templates'"}}
{"ts":"2026-09-14T13:43:46.432Z","level":"debug","scope":"sqlite","message":"query","meta":{"sql":"Executing (default): PRAGMA table_info(\"barcode_templates\")"}}
{"ts":"2026-09-14T13:43:46.433Z","level":"debug","scope":"sqlite","message":"query","meta":{"sql":"Executing (default): SELECT name FROM sqlite_master WHERE type='table' AND name = 'billing_rate_events'"}}
{"ts":"2026-09-14T13:43:46.434Z","level":"debug","scope":"sqlite","message":"query","meta":{"sql":"Executing (default): PRAGMA table_info(\"billing_rate_events\")"}}
{"ts":"2026-09-14T13:43:46.435Z","level":"debug","scope":"sqlite","message":"query","meta":{"sql":"Executing (default): SELECT name FROM sqlite_master WHERE type='table' AND name = 'campaigns'"}}
{"ts":"2026-09-14T13:43:46.436Z","level":"debug","scope":"sqlite","message":"query","meta":{"sql":"Executing (default): PRAGMA table_info(\"campaigns\")"}}
{"ts":"2026-09-14T13:43:46.437Z","level":"debug","scope":"sqlite","message":"query","meta":{"sql":"Executing (default): SELECT name FROM sqlite_master WHERE type='table' AND name = 'campaign_messages'"}}
{"ts":"2026-09-14T13:43:46.438Z","level":"debug","scope":"sqlite","message":"query","meta":{"sql":"Executing (default): PRAGMA table_info(\"campaign_messages\")"}}
{"ts":"2026-09-14T13:43:46.439Z","level":"debug","scope":"sqlite","message":"query","meta":{"sql":"Executing (default): SELECT name FROM sqlite_master WHERE type='table' AND name = 'cashbook_entries'"}}
{"ts":"2026-09-14T13:43:46.440Z","level":"debug","scope":"sqlite","message":"query","meta":{"sql":"Executing (default): PRAGMA table_info(\"cashbook_entries\")"}}
{"ts":"2026-09-14T13:43:46.441Z","level":"debug","scope":"sqlite","message":"query","meta":{"sql":"Executing (default): SELECT name FROM sqlite_master WHERE type='table' AND name = 'catalog_items'"}}
{"ts":"2026-09-14T13:43:46.441Z","level":"debug","scope":"sqlite","message":"query","meta":{"sql":"Executing (default): PRAGMA table_info(\"catalog_items\")"}}
{"ts":"2026-09-14T13:43:46.442Z","level":"debug","scope":"sqlite","message":"query","meta":{"sql":"Executing (default): SELECT name FROM sqlite_master WHERE type='table' AND name = 'categories'"}}
{"ts":"2026-09-14T13:43:46.443Z","level":"debug","scope":"sqlite","message":"query","meta":{"sql":"Executing (default): PRAGMA table_info(\"categories\")"}}
{"ts":"2026-09-14T13:43:46.444Z","level":"debug","scope":"sqlite","message":"query","meta":{"sql":"Executing (default): SELECT name FROM sqlite_master WHERE type='table' AND name = 'chart_of_accounts'"}}
{"ts":"2026-09-14T13:43:46.445Z","level":"debug","scope":"sqlite","message":"query","meta":{"sql":"Executing (default): PRAGMA table_info(\"chart_of_accounts\")"}}
{"ts":"2026-09-14T13:43:46.446Z","level":"debug","scope":"sqlite","message":"query","meta":{"sql":"Executing (default): SELECT name FROM sqlite_master WHERE type='table' AND name = 'cluster_state'"}}
{"ts":"2026-09-14T13:43:46.447Z","level":"debug","scope":"sqlite","message":"query","meta":{"sql":"Executing (default): PRAGMA table_info(\"cluster_state\")"}}
{"ts":"2026-09-14T13:43:46.448Z","level":"debug","scope":"sqlite","message":"query","meta":{"sql":"Executing (default): SELECT name FROM sqlite_master WHERE type='table' AND name = 'credit_notes'"}}
{"ts":"2026-09-14T13:43:46.449Z","level":"debug","scope":"sqlite","message":"query","meta":{"sql":"Executing (default): PRAGMA table_info(\"credit_notes\")"}}
{"ts":"2026-09-14T13:43:46.450Z","level":"debug","scope":"sqlite","message":"query","meta":{"sql":"Executing (default): SELECT name FROM sqlite_master WHERE type='table' AND name = 'customers'"}}
{"ts":"2026-09-14T13:43:46.450Z","level":"debug","scope":"sqlite","message":"query","meta":{"sql":"Executing (default): PRAGMA table_info(\"customers\")"}}
{"ts":"2026-09-14T13:43:46.451Z","level":"debug","scope":"sqlite","message":"query","meta":{"sql":"Executing (default): SELECT name FROM sqlite_master WHERE type='table' AND name = 'customer_advances'"}}
{"ts":"2026-09-14T13:43:46.452Z","level":"debug","scope":"sqlite","message":"query","meta":{"sql":"Executing (default): PRAGMA table_info(\"customer_advances\")"}}
{"ts":"2026-09-14T13:43:46.454Z","level":"debug","scope":"sqlite","message":"query","meta":{"sql":"Executing (default): SELECT name FROM sqlite_master WHERE type='table' AND name = 'customer_advance_applications'"}}
{"ts":"2026-09-14T13:43:46.455Z","level":"debug","scope":"sqlite","message":"query","meta":{"sql":"Executing (default): PRAGMA table_info(\"customer_advance_applications\")"}}
{"ts":"2026-09-14T13:43:46.456Z","level":"debug","scope":"sqlite","message":"query","meta":{"sql":"Executing (default): SELECT name FROM sqlite_master WHERE type='table' AND name = 'daily_closings'"}}
{"ts":"2026-09-14T13:43:46.457Z","level":"debug","scope":"sqlite","message":"query","meta":{"sql":"Executing (default): PRAGMA table_info(\"daily_closings\")"}}
{"ts":"2026-09-14T13:43:46.459Z","level":"debug","scope":"sqlite","message":"query","meta":{"sql":"Executing (default): SELECT name FROM sqlite_master WHERE type='table' AND name = 'devices'"}}
{"ts":"2026-09-14T13:43:46.460Z","level":"debug","scope":"sqlite","message":"query","meta":{"sql":"Executing (default): PRAGMA table_info(\"devices\")"}}
{"ts":"2026-09-14T13:43:46.461Z","level":"debug","scope":"sqlite","message":"query","meta":{"sql":"Executing (default): SELECT name FROM sqlite_master WHERE type='table' AND name = 'draft_sales'"}}
{"ts":"2026-09-14T13:43:46.462Z","level":"debug","scope":"sqlite","message":"query","meta":{"sql":"Executing (default): PRAGMA table_info(\"draft_sales\")"}}
{"ts":"2026-09-14T13:43:46.463Z","level":"debug","scope":"sqlite","message":"query","meta":{"sql":"Executing (default): SELECT name FROM sqlite_master WHERE type='table' AND name = 'employees'"}}
{"ts":"2026-09-14T13:43:46.464Z","level":"debug","scope":"sqlite","message":"query","meta":{"sql":"Executing (default): PRAGMA table_info(\"employees\")"}}
{"ts":"2026-09-14T13:43:46.465Z","level":"debug","scope":"sqlite","message":"query","meta":{"sql":"Executing (default): SELECT name FROM sqlite_master WHERE type='table' AND name = 'event_log'"}}
{"ts":"2026-09-14T13:43:46.466Z","level":"debug","scope":"sqlite","message":"query","meta":{"sql":"Executing (default): PRAGMA table_info(\"event_log\")"}}
{"ts":"2026-09-14T13:43:46.467Z","level":"debug","scope":"sqlite","message":"query","meta":{"sql":"Executing (default): SELECT name FROM sqlite_master WHERE type='table' AND name = 'expenses'"}}
{"ts":"2026-09-14T13:43:46.468Z","level":"debug","scope":"sqlite","message":"query","meta":{"sql":"Executing (default): PRAGMA table_info(\"expenses\")"}}
{"ts":"2026-09-14T13:43:46.469Z","level":"debug","scope":"sqlite","message":"query","meta":{"sql":"Executing (default): SELECT name FROM sqlite_master WHERE type='table' AND name = 'expense_categories'"}}
{"ts":"2026-09-14T13:43:46.470Z","level":"debug","scope":"sqlite","message":"query","meta":{"sql":"Executing (default): PRAGMA table_info(\"expense_categories\")"}}
{"ts":"2026-09-14T13:43:46.471Z","level":"debug","scope":"sqlite","message":"query","meta":{"sql":"Executing (default): SELECT name FROM sqlite_master WHERE type='table' AND name = 'gold_rate_history'"}}
{"ts":"2026-09-14T13:43:46.472Z","level":"debug","scope":"sqlite","message":"query","meta":{"sql":"Executing (default): PRAGMA table_info(\"gold_rate_history\")"}}
{"ts":"2026-09-14T13:43:46.473Z","level":"debug","scope":"sqlite","message":"query","meta":{"sql":"Executing (default): SELECT name FROM sqlite_master WHERE type='table' AND name = 'hsn_codes'"}}
{"ts":"2026-09-14T13:43:46.473Z","level":"debug","scope":"sqlite","message":"query","meta":{"sql":"Executing (default): PRAGMA table_info(\"hsn_codes\")"}}
{"ts":"2026-09-14T13:43:46.474Z","level":"debug","scope":"sqlite","message":"query","meta":{"sql":"Executing (default): SELECT name FROM sqlite_master WHERE type='table' AND name = 'incomes'"}}
{"ts":"2026-09-14T13:43:46.475Z","level":"debug","scope":"sqlite","message":"query","meta":{"sql":"Executing (default): PRAGMA table_info(\"incomes\")"}}
{"ts":"2026-09-14T13:43:46.476Z","level":"debug","scope":"sqlite","message":"query","meta":{"sql":"Executing (default): SELECT name FROM sqlite_master WHERE type='table' AND name = 'inventory_adjustments'"}}
{"ts":"2026-09-14T13:43:46.477Z","level":"debug","scope":"sqlite","message":"query","meta":{"sql":"Executing (default): PRAGMA table_info(\"inventory_adjustments\")"}}
{"ts":"2026-09-14T13:43:46.478Z","level":"debug","scope":"sqlite","message":"query","meta":{"sql":"Executing (default): SELECT name FROM sqlite_master WHERE type='table' AND name = 'inventory_movements'"}}
{"ts":"2026-09-14T13:43:46.478Z","level":"debug","scope":"sqlite","message":"query","meta":{"sql":"Executing (default): PRAGMA table_info(\"inventory_movements\")"}}
{"ts":"2026-09-14T13:43:46.479Z","level":"debug","scope":"sqlite","message":"query","meta":{"sql":"Executing (default): SELECT name FROM sqlite_master WHERE type='table' AND name = 'invoices'"}}
{"ts":"2026-09-14T13:43:46.480Z","level":"debug","scope":"sqlite","message":"query","meta":{"sql":"Executing (default): PRAGMA table_info(\"invoices\")"}}
{"ts":"2026-09-14T13:43:46.481Z","level":"debug","scope":"sqlite","message":"query","meta":{"sql":"Executing (default): SELECT name FROM sqlite_master WHERE type='table' AND name = 'invoice_items'"}}
{"ts":"2026-09-14T13:43:46.482Z","level":"debug","scope":"sqlite","message":"query","meta":{"sql":"Executing (default): PRAGMA table_info(\"invoice_items\")"}}
{"ts":"2026-09-14T13:43:46.483Z","level":"debug","scope":"sqlite","message":"query","meta":{"sql":"Executing (default): SELECT name FROM sqlite_master WHERE type='table' AND name = 'invoice_sequences'"}}
{"ts":"2026-09-14T13:43:46.484Z","level":"debug","scope":"sqlite","message":"query","meta":{"sql":"Executing (default): PRAGMA table_info(\"invoice_sequences\")"}}
{"ts":"2026-09-14T13:43:46.484Z","level":"debug","scope":"sqlite","message":"query","meta":{"sql":"Executing (default): SELECT name FROM sqlite_master WHERE type='table' AND name = 'journal_entries'"}}
{"ts":"2026-09-14T13:43:46.485Z","level":"debug","scope":"sqlite","message":"query","meta":{"sql":"Executing (default): PRAGMA table_info(\"journal_entries\")"}}
{"ts":"2026-09-14T13:43:46.487Z","level":"debug","scope":"sqlite","message":"query","meta":{"sql":"Executing (default): SELECT name FROM sqlite_master WHERE type='table' AND name = 'journal_lines'"}}
{"ts":"2026-09-14T13:43:46.488Z","level":"debug","scope":"sqlite","message":"query","meta":{"sql":"Executing (default): PRAGMA table_info(\"journal_lines\")"}}
{"ts":"2026-09-14T13:43:46.489Z","level":"debug","scope":"sqlite","message":"query","meta":{"sql":"Executing (default): SELECT name FROM sqlite_master WHERE type='table' AND name = 'metal_issues'"}}
{"ts":"2026-09-14T13:43:46.490Z","level":"debug","scope":"sqlite","message":"query","meta":{"sql":"Executing (default): PRAGMA table_info(\"metal_issues\")"}}
{"ts":"2026-09-14T13:43:46.491Z","level":"debug","scope":"sqlite","message":"query","meta":{"sql":"Executing (default): SELECT name FROM sqlite_master WHERE type='table' AND name = 'notifications'"}}
{"ts":"2026-09-14T13:43:46.492Z","level":"debug","scope":"sqlite","message":"query","meta":{"sql":"Executing (default): PRAGMA table_info(\"notifications\")"}}
{"ts":"2026-09-14T13:43:46.493Z","level":"debug","scope":"sqlite","message":"query","meta":{"sql":"Executing (default): SELECT name FROM sqlite_master WHERE type='table' AND name = 'old_gold_receipts'"}}
{"ts":"2026-09-14T13:43:46.494Z","level":"debug","scope":"sqlite","message":"query","meta":{"sql":"Executing (default): PRAGMA table_info(\"old_gold_receipts\")"}}
{"ts":"2026-09-14T13:43:46.495Z","level":"debug","scope":"sqlite","message":"query","meta":{"sql":"Executing (default): SELECT name FROM sqlite_master WHERE type='table' AND name = 'old_gold_sales'"}}
{"ts":"2026-09-14T13:43:46.496Z","level":"debug","scope":"sqlite","message":"query","meta":{"sql":"Executing (default): PRAGMA table_info(\"old_gold_sales\")"}}
{"ts":"2026-09-14T13:43:46.497Z","level":"debug","scope":"sqlite","message":"query","meta":{"sql":"Executing (default): SELECT name FROM sqlite_master WHERE type='table' AND name = 'operation_ledger'"}}
{"ts":"2026-09-14T13:43:46.497Z","level":"debug","scope":"sqlite","message":"query","meta":{"sql":"Executing (default): PRAGMA table_info(\"operation_ledger\")"}}
{"ts":"2026-09-14T13:43:46.498Z","level":"debug","scope":"sqlite","message":"query","meta":{"sql":"Executing (default): SELECT name FROM sqlite_master WHERE type='table' AND name = 'orders'"}}
{"ts":"2026-09-14T13:43:46.499Z","level":"debug","scope":"sqlite","message":"query","meta":{"sql":"Executing (default): PRAGMA table_info(\"orders\")"}}
{"ts":"2026-09-14T13:43:46.500Z","level":"debug","scope":"sqlite","message":"query","meta":{"sql":"Executing (default): ALTER TABLE \"orders\" ADD COLUMN \"advance_payments\" TEXT NOT NULL DEFAULT '[]'"}}
{"ts":"2026-09-14T13:43:46.507Z","level":"debug","scope":"sqlite","message":"query","meta":{"sql":"Executing (default): SELECT name FROM sqlite_master WHERE type='table' AND name = 'payments'"}}
{"ts":"2026-09-14T13:43:46.509Z","level":"debug","scope":"sqlite","message":"query","meta":{"sql":"Executing (default): PRAGMA table_info(\"payments\")"}}
{"ts":"2026-09-14T13:43:46.510Z","level":"debug","scope":"sqlite","message":"query","meta":{"sql":"Executing (default): SELECT name FROM sqlite_master WHERE type='table' AND name = 'products'"}}
{"ts":"2026-09-14T13:43:46.511Z","level":"debug","scope":"sqlite","message":"query","meta":{"sql":"Executing (default): PRAGMA table_info(\"products\")"}}
{"ts":"2026-09-14T13:43:46.512Z","level":"debug","scope":"sqlite","message":"query","meta":{"sql":"Executing (default): SELECT name FROM sqlite_master WHERE type='table' AND name = 'product_status_history'"}}
{"ts":"2026-09-14T13:43:46.513Z","level":"debug","scope":"sqlite","message":"query","meta":{"sql":"Executing (default): PRAGMA table_info(\"product_status_history\")"}}
{"ts":"2026-09-14T13:43:46.521Z","level":"debug","scope":"sqlite","message":"query","meta":{"sql":"Executing (default): SELECT name FROM sqlite_master WHERE type='table' AND name = 'purchases'"}}
{"ts":"2026-09-14T13:43:46.522Z","level":"debug","scope":"sqlite","message":"query","meta":{"sql":"Executing (default): PRAGMA table_info(\"purchases\")"}}
{"ts":"2026-09-14T13:43:46.523Z","level":"debug","scope":"sqlite","message":"query","meta":{"sql":"Executing (default): SELECT name FROM sqlite_master WHERE type='table' AND name = 'purchase_items'"}}
{"ts":"2026-09-14T13:43:46.524Z","level":"debug","scope":"sqlite","message":"query","meta":{"sql":"Executing (default): PRAGMA table_info(\"purchase_items\")"}}
{"ts":"2026-09-14T13:43:46.525Z","level":"debug","scope":"sqlite","message":"query","meta":{"sql":"Executing (default): SELECT name FROM sqlite_master WHERE type='table' AND name = 'pure_products'"}}
{"ts":"2026-09-14T13:43:46.526Z","level":"debug","scope":"sqlite","message":"query","meta":{"sql":"Executing (default): PRAGMA table_info(\"pure_products\")"}}
{"ts":"2026-09-14T13:43:46.527Z","level":"debug","scope":"sqlite","message":"query","meta":{"sql":"Executing (default): SELECT name FROM sqlite_master WHERE type='table' AND name = 'quotations'"}}
{"ts":"2026-09-14T13:43:46.528Z","level":"debug","scope":"sqlite","message":"query","meta":{"sql":"Executing (default): PRAGMA table_info(\"quotations\")"}}
{"ts":"2026-09-14T13:43:46.529Z","level":"debug","scope":"sqlite","message":"query","meta":{"sql":"Executing (default): SELECT name FROM sqlite_master WHERE type='table' AND name = 'replica_acks'"}}
{"ts":"2026-09-14T13:43:46.530Z","level":"debug","scope":"sqlite","message":"query","meta":{"sql":"Executing (default): PRAGMA table_info(\"replica_acks\")"}}
{"ts":"2026-09-14T13:43:46.531Z","level":"debug","scope":"sqlite","message":"query","meta":{"sql":"Executing (default): SELECT name FROM sqlite_master WHERE type='table' AND name = 'sale_authorities'"}}
{"ts":"2026-09-14T13:43:46.532Z","level":"debug","scope":"sqlite","message":"query","meta":{"sql":"Executing (default): PRAGMA table_info(\"sale_authorities\")"}}
{"ts":"2026-09-14T13:43:46.532Z","level":"debug","scope":"sqlite","message":"query","meta":{"sql":"Executing (default): SELECT name FROM sqlite_master WHERE type='table' AND name = 'schema_meta'"}}
{"ts":"2026-09-14T13:43:46.533Z","level":"debug","scope":"sqlite","message":"query","meta":{"sql":"Executing (default): PRAGMA table_info(\"schema_meta\")"}}
{"ts":"2026-09-14T13:43:46.534Z","level":"debug","scope":"sqlite","message":"query","meta":{"sql":"Executing (default): SELECT name FROM sqlite_master WHERE type='table' AND name = 'schemes'"}}
{"ts":"2026-09-14T13:43:46.535Z","level":"debug","scope":"sqlite","message":"query","meta":{"sql":"Executing (default): PRAGMA table_info(\"schemes\")"}}
{"ts":"2026-09-14T13:43:46.536Z","level":"debug","scope":"sqlite","message":"query","meta":{"sql":"Executing (default): SELECT name FROM sqlite_master WHERE type='table' AND name = 'scheme_plans'"}}
{"ts":"2026-09-14T13:43:46.537Z","level":"debug","scope":"sqlite","message":"query","meta":{"sql":"Executing (default): PRAGMA table_info(\"scheme_plans\")"}}
{"ts":"2026-09-14T13:43:46.538Z","level":"debug","scope":"sqlite","message":"query","meta":{"sql":"Executing (default): SELECT name FROM sqlite_master WHERE type='table' AND name = 'settings'"}}
{"ts":"2026-09-14T13:43:46.539Z","level":"debug","scope":"sqlite","message":"query","meta":{"sql":"Executing (default): PRAGMA table_info(\"settings\")"}}
{"ts":"2026-09-14T13:43:46.539Z","level":"debug","scope":"sqlite","message":"query","meta":{"sql":"Executing (default): SELECT name FROM sqlite_master WHERE type='table' AND name = 'shops'"}}
{"ts":"2026-09-14T13:43:46.540Z","level":"debug","scope":"sqlite","message":"query","meta":{"sql":"Executing (default): PRAGMA table_info(\"shops\")"}}
{"ts":"2026-09-14T13:43:46.542Z","level":"debug","scope":"sqlite","message":"query","meta":{"sql":"Executing (default): SELECT name FROM sqlite_master WHERE type='table' AND name = 'shop_counters'"}}
{"ts":"2026-09-14T13:43:46.542Z","level":"debug","scope":"sqlite","message":"query","meta":{"sql":"Executing (default): PRAGMA table_info(\"shop_counters\")"}}
{"ts":"2026-09-14T13:43:46.543Z","level":"debug","scope":"sqlite","message":"query","meta":{"sql":"Executing (default): SELECT name FROM sqlite_master WHERE type='table' AND name = 'stock_history'"}}
{"ts":"2026-09-14T13:43:46.544Z","level":"debug","scope":"sqlite","message":"query","meta":{"sql":"Executing (default): PRAGMA table_info(\"stock_history\")"}}
{"ts":"2026-09-14T13:43:46.545Z","level":"debug","scope":"sqlite","message":"query","meta":{"sql":"Executing (default): SELECT name FROM sqlite_master WHERE type='table' AND name = 'users'"}}
{"ts":"2026-09-14T13:43:46.546Z","level":"debug","scope":"sqlite","message":"query","meta":{"sql":"Executing (default): PRAGMA table_info(\"users\")"}}
{"ts":"2026-09-14T13:43:46.547Z","level":"debug","scope":"sqlite","message":"query","meta":{"sql":"Executing (default): SELECT name FROM sqlite_master WHERE type='table' AND name = 'vendors'"}}
{"ts":"2026-09-14T13:43:46.548Z","level":"debug","scope":"sqlite","message":"query","meta":{"sql":"Executing (default): PRAGMA table_info(\"vendors\")"}}
{"ts":"2026-09-14T13:43:46.549Z","level":"debug","scope":"sqlite","message":"query","meta":{"sql":"Executing (default): SELECT name FROM sqlite_master WHERE type='table' AND name = 'invoice_items'"}}
{"ts":"2026-09-14T13:43:46.550Z","level":"debug","scope":"sqlite","message":"query","meta":{"sql":"Executing (default): SELECT name FROM sqlite_master WHERE type='table' AND name = 'purchase_items'"}}
{"ts":"2026-09-14T13:43:46.551Z","level":"info","scope":"sqlite","message":"ensuring model tables (sync without alter)"}
{"ts":"2026-09-14T13:43:46.556Z","level":"debug","scope":"sqlite","message":"query","meta":{"sql":"Executing (default): SELECT name FROM sqlite_master WHERE type='table' AND name='users';"}}
{"ts":"2026-09-14T13:43:46.559Z","level":"debug","scope":"sqlite","message":"query","meta":{"sql":"Executing (default): PRAGMA INDEX_LIST(`users`)"}}
{"ts":"2026-09-14T13:43:46.561Z","level":"debug","scope":"sqlite","message":"query","meta":{"sql":"Executing (default): PRAGMA INDEX_INFO(`sqlite_autoindex_users_1`)"}}
{"ts":"2026-09-14T13:43:46.562Z","level":"debug","scope":"sqlite","message":"query","meta":{"sql":"Executing (default): SELECT name FROM sqlite_master WHERE type='table' AND name='categories';"}}
{"ts":"2026-09-14T13:43:46.563Z","level":"debug","scope":"sqlite","message":"query","meta":{"sql":"Executing (default): PRAGMA INDEX_LIST(`categories`)"}}
{"ts":"2026-09-14T13:43:46.564Z","level":"debug","scope":"sqlite","message":"query","meta":{"sql":"Executing (default): PRAGMA INDEX_INFO(`sqlite_autoindex_categories_1`)"}}
{"ts":"2026-09-14T13:43:46.565Z","level":"debug","scope":"sqlite","message":"query","meta":{"sql":"Executing (default): SELECT name FROM sqlite_master WHERE type='table' AND name='attributes';"}}
{"ts":"2026-09-14T13:43:46.566Z","level":"debug","scope":"sqlite","message":"query","meta":{"sql":"Executing (default): PRAGMA INDEX_LIST(`attributes`)"}}
{"ts":"2026-09-14T13:43:46.567Z","level":"debug","scope":"sqlite","message":"query","meta":{"sql":"Executing (default): PRAGMA INDEX_INFO(`sqlite_autoindex_attributes_1`)"}}
{"ts":"2026-09-14T13:43:46.568Z","level":"debug","scope":"sqlite","message":"query","meta":{"sql":"Executing (default): SELECT name FROM sqlite_master WHERE type='table' AND name='catalog_items';"}}
{"ts":"2026-09-14T13:43:46.569Z","level":"debug","scope":"sqlite","message":"query","meta":{"sql":"Executing (default): PRAGMA INDEX_LIST(`catalog_items`)"}}
{"ts":"2026-09-14T13:43:46.571Z","level":"debug","scope":"sqlite","message":"query","meta":{"sql":"Executing (default): PRAGMA INDEX_INFO(`sqlite_autoindex_catalog_items_1`)"}}
{"ts":"2026-09-14T13:43:46.572Z","level":"debug","scope":"sqlite","message":"query","meta":{"sql":"Executing (default): SELECT name FROM sqlite_master WHERE type='table' AND name='products';"}}
{"ts":"2026-09-14T13:43:46.573Z","level":"debug","scope":"sqlite","message":"query","meta":{"sql":"Executing (default): PRAGMA INDEX_LIST(`products`)"}}
{"ts":"2026-09-14T13:43:46.574Z","level":"debug","scope":"sqlite","message":"query","meta":{"sql":"Executing (default): PRAGMA INDEX_INFO(`sqlite_autoindex_products_1`)"}}
{"ts":"2026-09-14T13:43:46.575Z","level":"debug","scope":"sqlite","message":"query","meta":{"sql":"Executing (default): PRAGMA INDEX_INFO(`products_barcode_idx`)"}}
{"ts":"2026-09-14T13:43:46.575Z","level":"debug","scope":"sqlite","message":"query","meta":{"sql":"Executing (default): PRAGMA INDEX_INFO(`products_code_idx`)"}}
{"ts":"2026-09-14T13:43:46.577Z","level":"debug","scope":"sqlite","message":"query","meta":{"sql":"Executing (default): SELECT name FROM sqlite_master WHERE type='table' AND name='customers';"}}
{"ts":"2026-09-14T13:43:46.578Z","level":"debug","scope":"sqlite","message":"query","meta":{"sql":"Executing (default): PRAGMA INDEX_LIST(`customers`)"}}
{"ts":"2026-09-14T13:43:46.578Z","level":"debug","scope":"sqlite","message":"query","meta":{"sql":"Executing (default): PRAGMA INDEX_INFO(`sqlite_autoindex_customers_1`)"}}
{"ts":"2026-09-14T13:43:46.579Z","level":"debug","scope":"sqlite","message":"query","meta":{"sql":"Executing (default): PRAGMA INDEX_INFO(`customers_mobile_idx`)"}}
{"ts":"2026-09-14T13:43:46.579Z","level":"debug","scope":"sqlite","message":"query","meta":{"sql":"Executing (default): PRAGMA INDEX_INFO(`customers_name_idx`)"}}
{"ts":"2026-09-14T13:43:46.581Z","level":"debug","scope":"sqlite","message":"query","meta":{"sql":"Executing (default): SELECT name FROM sqlite_master WHERE type='table' AND name='invoices';"}}
{"ts":"2026-09-14T13:43:46.582Z","level":"debug","scope":"sqlite","message":"query","meta":{"sql":"Executing (default): PRAGMA INDEX_LIST(`invoices`)"}}
{"ts":"2026-09-14T13:43:46.582Z","level":"debug","scope":"sqlite","message":"query","meta":{"sql":"Executing (default): PRAGMA INDEX_INFO(`sqlite_autoindex_invoices_1`)"}}
{"ts":"2026-09-14T13:43:46.583Z","level":"debug","scope":"sqlite","message":"query","meta":{"sql":"Executing (default): PRAGMA INDEX_INFO(`invoices_shop_no_uk`)"}}
{"ts":"2026-09-14T13:43:46.583Z","level":"debug","scope":"sqlite","message":"query","meta":{"sql":"Executing (default): PRAGMA INDEX_INFO(`invoices_request_id_uk`)"}}
{"ts":"2026-09-14T13:43:46.584Z","level":"debug","scope":"sqlite","message":"query","meta":{"sql":"Executing (default): SELECT name FROM sqlite_master WHERE type='table' AND name='schemes';"}}
{"ts":"2026-09-14T13:43:46.586Z","level":"debug","scope":"sqlite","message":"query","meta":{"sql":"Executing (default): PRAGMA INDEX_LIST(`schemes`)"}}
{"ts":"2026-09-14T13:43:46.587Z","level":"debug","scope":"sqlite","message":"query","meta":{"sql":"Executing (default): PRAGMA INDEX_INFO(`sqlite_autoindex_schemes_1`)"}}
{"ts":"2026-09-14T13:43:46.588Z","level":"debug","scope":"sqlite","message":"query","meta":{"sql":"Executing (default): SELECT name FROM sqlite_master WHERE type='table' AND name='scheme_plans';"}}
{"ts":"2026-09-14T13:43:46.589Z","level":"debug","scope":"sqlite","message":"query","meta":{"sql":"Executing (default): PRAGMA INDEX_LIST(`scheme_plans`)"}}
{"ts":"2026-09-14T13:43:46.590Z","level":"debug","scope":"sqlite","message":"query","meta":{"sql":"Executing (default): PRAGMA INDEX_INFO(`sqlite_autoindex_scheme_plans_1`)"}}
{"ts":"2026-09-14T13:43:46.593Z","level":"debug","scope":"sqlite","message":"query","meta":{"sql":"Executing (default): SELECT name FROM sqlite_master WHERE type='table' AND name='campaigns';"}}
{"ts":"2026-09-14T13:43:46.593Z","level":"debug","scope":"sqlite","message":"query","meta":{"sql":"Executing (default): PRAGMA INDEX_LIST(`campaigns`)"}}
{"ts":"2026-09-14T13:43:46.594Z","level":"debug","scope":"sqlite","message":"query","meta":{"sql":"Executing (default): PRAGMA INDEX_INFO(`sqlite_autoindex_campaigns_1`)"}}
{"ts":"2026-09-14T13:43:46.595Z","level":"debug","scope":"sqlite","message":"query","meta":{"sql":"Executing (default): SELECT name FROM sqlite_master WHERE type='table' AND name='campaign_messages';"}}
{"ts":"2026-09-14T13:43:46.596Z","level":"debug","scope":"sqlite","message":"query","meta":{"sql":"Executing (default): PRAGMA INDEX_LIST(`campaign_messages`)"}}
{"ts":"2026-09-14T13:43:46.597Z","level":"debug","scope":"sqlite","message":"query","meta":{"sql":"Executing (default): PRAGMA INDEX_INFO(`sqlite_autoindex_campaign_messages_1`)"}}
{"ts":"2026-09-14T13:43:46.598Z","level":"debug","scope":"sqlite","message":"query","meta":{"sql":"Executing (default): SELECT name FROM sqlite_master WHERE type='table' AND name='expense_categories';"}}
{"ts":"2026-09-14T13:43:46.599Z","level":"debug","scope":"sqlite","message":"query","meta":{"sql":"Executing (default): PRAGMA INDEX_LIST(`expense_categories`)"}}
{"ts":"2026-09-14T13:43:46.600Z","level":"debug","scope":"sqlite","message":"query","meta":{"sql":"Executing (default): PRAGMA INDEX_INFO(`sqlite_autoindex_expense_categories_1`)"}}
{"ts":"2026-09-14T13:43:46.601Z","level":"debug","scope":"sqlite","message":"query","meta":{"sql":"Executing (default): SELECT name FROM sqlite_master WHERE type='table' AND name='expenses';"}}
{"ts":"2026-09-14T13:43:46.601Z","level":"debug","scope":"sqlite","message":"query","meta":{"sql":"Executing (default): PRAGMA INDEX_LIST(`expenses`)"}}
{"ts":"2026-09-14T13:43:46.602Z","level":"debug","scope":"sqlite","message":"query","meta":{"sql":"Executing (default): PRAGMA INDEX_INFO(`sqlite_autoindex_expenses_1`)"}}
{"ts":"2026-09-14T13:43:46.604Z","level":"debug","scope":"sqlite","message":"query","meta":{"sql":"Executing (default): SELECT name FROM sqlite_master WHERE type='table' AND name='incomes';"}}
{"ts":"2026-09-14T13:43:46.605Z","level":"debug","scope":"sqlite","message":"query","meta":{"sql":"Executing (default): PRAGMA INDEX_LIST(`incomes`)"}}
{"ts":"2026-09-14T13:43:46.606Z","level":"debug","scope":"sqlite","message":"query","meta":{"sql":"Executing (default): PRAGMA INDEX_INFO(`sqlite_autoindex_incomes_1`)"}}
{"ts":"2026-09-14T13:43:46.607Z","level":"debug","scope":"sqlite","message":"query","meta":{"sql":"Executing (default): SELECT name FROM sqlite_master WHERE type='table' AND name='daily_closings';"}}
{"ts":"2026-09-14T13:43:46.608Z","level":"debug","scope":"sqlite","message":"query","meta":{"sql":"Executing (default): PRAGMA INDEX_LIST(`daily_closings`)"}}
{"ts":"2026-09-14T13:43:46.610Z","level":"debug","scope":"sqlite","message":"query","meta":{"sql":"Executing (default): PRAGMA INDEX_INFO(`sqlite_autoindex_daily_closings_1`)"}}
{"ts":"2026-09-14T13:43:46.610Z","level":"debug","scope":"sqlite","message":"query","meta":{"sql":"Executing (default): PRAGMA INDEX_INFO(`daily_closings_shop_date_uk`)"}}
{"ts":"2026-09-14T13:43:46.611Z","level":"debug","scope":"sqlite","message":"query","meta":{"sql":"Executing (default): SELECT name FROM sqlite_master WHERE type='table' AND name='notifications';"}}
{"ts":"2026-09-14T13:43:46.612Z","level":"debug","scope":"sqlite","message":"query","meta":{"sql":"Executing (default): PRAGMA INDEX_LIST(`notifications`)"}}
{"ts":"2026-09-14T13:43:46.613Z","level":"debug","scope":"sqlite","message":"query","meta":{"sql":"Executing (default): PRAGMA INDEX_INFO(`sqlite_autoindex_notifications_1`)"}}
{"ts":"2026-09-14T13:43:46.614Z","level":"debug","scope":"sqlite","message":"query","meta":{"sql":"Executing (default): SELECT name FROM sqlite_master WHERE type='table' AND name='stock_history';"}}
{"ts":"2026-09-14T13:43:46.615Z","level":"debug","scope":"sqlite","message":"query","meta":{"sql":"Executing (default): PRAGMA INDEX_LIST(`stock_history`)"}}
{"ts":"2026-09-14T13:43:46.615Z","level":"debug","scope":"sqlite","message":"query","meta":{"sql":"Executing (default): PRAGMA INDEX_INFO(`sqlite_autoindex_stock_history_1`)"}}
{"ts":"2026-09-14T13:43:46.616Z","level":"debug","scope":"sqlite","message":"query","meta":{"sql":"Executing (default): SELECT name FROM sqlite_master WHERE type='table' AND name='inventory_adjustments';"}}
{"ts":"2026-09-14T13:43:46.617Z","level":"debug","scope":"sqlite","message":"query","meta":{"sql":"Executing (default): PRAGMA INDEX_LIST(`inventory_adjustments`)"}}
{"ts":"2026-09-14T13:43:46.618Z","level":"debug","scope":"sqlite","message":"query","meta":{"sql":"Executing (default): PRAGMA INDEX_INFO(`sqlite_autoindex_inventory_adjustments_1`)"}}
{"ts":"2026-09-14T13:43:46.619Z","level":"debug","scope":"sqlite","message":"query","meta":{"sql":"Executing (default): SELECT name FROM sqlite_master WHERE type='table' AND name='employees';"}}
{"ts":"2026-09-14T13:43:46.620Z","level":"debug","scope":"sqlite","message":"query","meta":{"sql":"Executing (default): PRAGMA INDEX_LIST(`employees`)"}}
{"ts":"2026-09-14T13:43:46.621Z","level":"debug","scope":"sqlite","message":"query","meta":{"sql":"Executing (default): PRAGMA INDEX_INFO(`sqlite_autoindex_employees_1`)"}}
{"ts":"2026-09-14T13:43:46.622Z","level":"debug","scope":"sqlite","message":"query","meta":{"sql":"Executing (default): SELECT name FROM sqlite_master WHERE type='table' AND name='quotations';"}}
{"ts":"2026-09-14T13:43:46.623Z","level":"debug","scope":"sqlite","message":"query","meta":{"sql":"Executing (default): PRAGMA INDEX_LIST(`quotations`)"}}
{"ts":"2026-09-14T13:43:46.624Z","level":"debug","scope":"sqlite","message":"query","meta":{"sql":"Executing (default): PRAGMA INDEX_INFO(`sqlite_autoindex_quotations_1`)"}}
{"ts":"2026-09-14T13:43:46.624Z","level":"debug","scope":"sqlite","message":"query","meta":{"sql":"Executing (default): PRAGMA INDEX_INFO(`quotations_quote_no_uk`)"}}
{"ts":"2026-09-14T13:43:46.625Z","level":"debug","scope":"sqlite","message":"query","meta":{"sql":"Executing (default): SELECT name FROM sqlite_master WHERE type='table' AND name='vendors';"}}
{"ts":"2026-09-14T13:43:46.626Z","level":"debug","scope":"sqlite","message":"query","meta":{"sql":"Executing (default): PRAGMA INDEX_LIST(`vendors`)"}}
{"ts":"2026-09-14T13:43:46.627Z","level":"debug","scope":"sqlite","message":"query","meta":{"sql":"Executing (default): PRAGMA INDEX_INFO(`sqlite_autoindex_vendors_1`)"}}
{"ts":"2026-09-14T13:43:46.628Z","level":"debug","scope":"sqlite","message":"query","meta":{"sql":"Executing (default): SELECT name FROM sqlite_master WHERE type='table' AND name='purchases';"}}
{"ts":"2026-09-14T13:43:46.629Z","level":"debug","scope":"sqlite","message":"query","meta":{"sql":"Executing (default): PRAGMA INDEX_LIST(`purchases`)"}}
{"ts":"2026-09-14T13:43:46.629Z","level":"debug","scope":"sqlite","message":"query","meta":{"sql":"Executing (default): PRAGMA INDEX_INFO(`sqlite_autoindex_purchases_1`)"}}
{"ts":"2026-09-14T13:43:46.630Z","level":"debug","scope":"sqlite","message":"query","meta":{"sql":"Executing (default): SELECT name FROM sqlite_master WHERE type='table' AND name='orders';"}}
{"ts":"2026-09-14T13:43:46.631Z","level":"debug","scope":"sqlite","message":"query","meta":{"sql":"Executing (default): PRAGMA INDEX_LIST(`orders`)"}}
{"ts":"2026-09-14T13:43:46.632Z","level":"debug","scope":"sqlite","message":"query","meta":{"sql":"Executing (default): PRAGMA INDEX_INFO(`sqlite_autoindex_orders_1`)"}}
{"ts":"2026-09-14T13:43:46.632Z","level":"debug","scope":"sqlite","message":"query","meta":{"sql":"Executing (default): PRAGMA INDEX_INFO(`orders_order_no_uk`)"}}
{"ts":"2026-09-14T13:43:46.633Z","level":"debug","scope":"sqlite","message":"query","meta":{"sql":"Executing (default): SELECT name FROM sqlite_master WHERE type='table' AND name='barcode_templates';"}}
{"ts":"2026-09-14T13:43:46.634Z","level":"debug","scope":"sqlite","message":"query","meta":{"sql":"Executing (default): PRAGMA INDEX_LIST(`barcode_templates`)"}}
{"ts":"2026-09-14T13:43:46.635Z","level":"debug","scope":"sqlite","message":"query","meta":{"sql":"Executing (default): PRAGMA INDEX_INFO(`sqlite_autoindex_barcode_templates_1`)"}}
{"ts":"2026-09-14T13:43:46.636Z","level":"debug","scope":"sqlite","message":"query","meta":{"sql":"Executing (default): SELECT name FROM sqlite_master WHERE type='table' AND name='settings';"}}
{"ts":"2026-09-14T13:43:46.637Z","level":"debug","scope":"sqlite","message":"query","meta":{"sql":"Executing (default): PRAGMA INDEX_LIST(`settings`)"}}
{"ts":"2026-09-14T13:43:46.638Z","level":"debug","scope":"sqlite","message":"query","meta":{"sql":"Executing (default): PRAGMA INDEX_INFO(`sqlite_autoindex_settings_1`)"}}
{"ts":"2026-09-14T13:43:46.638Z","level":"debug","scope":"sqlite","message":"query","meta":{"sql":"Executing (default): PRAGMA INDEX_INFO(`settings_new_key_uk`)"}}
{"ts":"2026-09-14T13:43:46.639Z","level":"debug","scope":"sqlite","message":"query","meta":{"sql":"Executing (default): SELECT name FROM sqlite_master WHERE type='table' AND name='shops';"}}
{"ts":"2026-09-14T13:43:46.640Z","level":"debug","scope":"sqlite","message":"query","meta":{"sql":"Executing (default): PRAGMA INDEX_LIST(`shops`)"}}
{"ts":"2026-09-14T13:43:46.641Z","level":"debug","scope":"sqlite","message":"query","meta":{"sql":"Executing (default): PRAGMA INDEX_INFO(`sqlite_autoindex_shops_1`)"}}
{"ts":"2026-09-14T13:43:46.641Z","level":"debug","scope":"sqlite","message":"query","meta":{"sql":"Executing (default): SELECT name FROM sqlite_master WHERE type='table' AND name='devices';"}}
{"ts":"2026-09-14T13:43:46.642Z","level":"debug","scope":"sqlite","message":"query","meta":{"sql":"Executing (default): PRAGMA INDEX_LIST(`devices`)"}}
{"ts":"2026-09-14T13:43:46.643Z","level":"debug","scope":"sqlite","message":"query","meta":{"sql":"Executing (default): PRAGMA INDEX_INFO(`sqlite_autoindex_devices_1`)"}}
{"ts":"2026-09-14T13:43:46.643Z","level":"debug","scope":"sqlite","message":"query","meta":{"sql":"Executing (default): PRAGMA INDEX_INFO(`sqlite_autoindex_devices_2`)"}}
{"ts":"2026-09-14T13:43:46.644Z","level":"debug","scope":"sqlite","message":"query","meta":{"sql":"Executing (default): PRAGMA INDEX_INFO(`devices_shop_id_device_identifier`)"}}
{"ts":"2026-09-14T13:43:46.644Z","level":"debug","scope":"sqlite","message":"query","meta":{"sql":"Executing (default): PRAGMA INDEX_INFO(`devices_shop_id_role`)"}}
{"ts":"2026-09-14T13:43:46.644Z","level":"debug","scope":"sqlite","message":"query","meta":{"sql":"Executing (default): PRAGMA INDEX_INFO(`devices_shop_id_status`)"}}
{"ts":"2026-09-14T13:43:46.646Z","level":"debug","scope":"sqlite","message":"query","meta":{"sql":"Executing (default): SELECT name FROM sqlite_master WHERE type='table' AND name='invoice_sequences';"}}
{"ts":"2026-09-14T13:43:46.647Z","level":"debug","scope":"sqlite","message":"query","meta":{"sql":"Executing (default): PRAGMA INDEX_LIST(`invoice_sequences`)"}}
{"ts":"2026-09-14T13:43:46.647Z","level":"debug","scope":"sqlite","message":"query","meta":{"sql":"Executing (default): PRAGMA INDEX_INFO(`sqlite_autoindex_invoice_sequences_1`)"}}
{"ts":"2026-09-14T13:43:46.648Z","level":"debug","scope":"sqlite","message":"query","meta":{"sql":"Executing (default): PRAGMA INDEX_INFO(`inv_seq_shop_date_prefix`)"}}
{"ts":"2026-09-14T13:43:46.648Z","level":"debug","scope":"sqlite","message":"query","meta":{"sql":"Executing (default): PRAGMA INDEX_INFO(`invoice_sequences_shop_id_sequence_date_prefix`)"}}
{"ts":"2026-09-14T13:43:46.649Z","level":"debug","scope":"sqlite","message":"query","meta":{"sql":"Executing (default): SELECT name FROM sqlite_master WHERE type='table' AND name='barcode_sequences';"}}
{"ts":"2026-09-14T13:43:46.650Z","level":"debug","scope":"sqlite","message":"query","meta":{"sql":"Executing (default): PRAGMA INDEX_LIST(`barcode_sequences`)"}}
{"ts":"2026-09-14T13:43:46.651Z","level":"debug","scope":"sqlite","message":"query","meta":{"sql":"Executing (default): PRAGMA INDEX_INFO(`sqlite_autoindex_barcode_sequences_1`)"}}
{"ts":"2026-09-14T13:43:46.651Z","level":"debug","scope":"sqlite","message":"query","meta":{"sql":"Executing (default): SELECT name FROM sqlite_master WHERE type='table' AND name='schema_meta';"}}
{"ts":"2026-09-14T13:43:46.653Z","level":"debug","scope":"sqlite","message":"query","meta":{"sql":"Executing (default): PRAGMA INDEX_LIST(`schema_meta`)"}}
{"ts":"2026-09-14T13:43:46.654Z","level":"debug","scope":"sqlite","message":"query","meta":{"sql":"Executing (default): PRAGMA INDEX_INFO(`sqlite_autoindex_schema_meta_1`)"}}
{"ts":"2026-09-14T13:43:46.655Z","level":"debug","scope":"sqlite","message":"query","meta":{"sql":"Executing (default): SELECT name FROM sqlite_master WHERE type='table' AND name='inventory_movements';"}}
{"ts":"2026-09-14T13:43:46.656Z","level":"debug","scope":"sqlite","message":"query","meta":{"sql":"Executing (default): PRAGMA INDEX_LIST(`inventory_movements`)"}}
{"ts":"2026-09-14T13:43:46.657Z","level":"debug","scope":"sqlite","message":"query","meta":{"sql":"Executing (default): PRAGMA INDEX_INFO(`sqlite_autoindex_inventory_movements_1`)"}}
{"ts":"2026-09-14T13:43:46.658Z","level":"debug","scope":"sqlite","message":"query","meta":{"sql":"Executing (default): PRAGMA INDEX_INFO(`inv_mov_product_idx`)"}}
{"ts":"2026-09-14T13:43:46.660Z","level":"debug","scope":"sqlite","message":"query","meta":{"sql":"Executing (default): SELECT name FROM sqlite_master WHERE type='table' AND name='sale_authorities';"}}
{"ts":"2026-09-14T13:43:46.660Z","level":"debug","scope":"sqlite","message":"query","meta":{"sql":"Executing (default): PRAGMA INDEX_LIST(`sale_authorities`)"}}
{"ts":"2026-09-14T13:43:46.661Z","level":"debug","scope":"sqlite","message":"query","meta":{"sql":"Executing (default): PRAGMA INDEX_INFO(`sqlite_autoindex_sale_authorities_1`)"}}
{"ts":"2026-09-14T13:43:46.662Z","level":"debug","scope":"sqlite","message":"query","meta":{"sql":"Executing (default): PRAGMA INDEX_INFO(`sa_one_granted_per_entity`)"}}
{"ts":"2026-09-14T13:43:46.662Z","level":"debug","scope":"sqlite","message":"query","meta":{"sql":"Executing (default): PRAGMA INDEX_INFO(`sale_authorities_request_id`)"}}
{"ts":"2026-09-14T13:43:46.662Z","level":"debug","scope":"sqlite","message":"query","meta":{"sql":"Executing (default): PRAGMA INDEX_INFO(`sale_authorities_shop_id_status_expires_at`)"}}
{"ts":"2026-09-14T13:43:46.662Z","level":"debug","scope":"sqlite","message":"query","meta":{"sql":"Executing (default): PRAGMA INDEX_INFO(`sale_authorities_device_id_status`)"}}
{"ts":"2026-09-14T13:43:46.664Z","level":"debug","scope":"sqlite","message":"query","meta":{"sql":"Executing (default): SELECT name FROM sqlite_master WHERE type='table' AND name='cluster_state';"}}
{"ts":"2026-09-14T13:43:46.665Z","level":"debug","scope":"sqlite","message":"query","meta":{"sql":"Executing (default): PRAGMA INDEX_LIST(`cluster_state`)"}}
{"ts":"2026-09-14T13:43:46.666Z","level":"debug","scope":"sqlite","message":"query","meta":{"sql":"Executing (default): PRAGMA INDEX_INFO(`sqlite_autoindex_cluster_state_1`)"}}
{"ts":"2026-09-14T13:43:46.666Z","level":"debug","scope":"sqlite","message":"query","meta":{"sql":"Executing (default): PRAGMA INDEX_INFO(`sqlite_autoindex_cluster_state_2`)"}}
{"ts":"2026-09-14T13:43:46.667Z","level":"debug","scope":"sqlite","message":"query","meta":{"sql":"Executing (default): SELECT name FROM sqlite_master WHERE type='table' AND name='event_log';"}}
{"ts":"2026-09-14T13:43:46.668Z","level":"debug","scope":"sqlite","message":"query","meta":{"sql":"Executing (default): PRAGMA INDEX_LIST(`event_log`)"}}
{"ts":"2026-09-14T13:43:46.669Z","level":"debug","scope":"sqlite","message":"query","meta":{"sql":"Executing (default): PRAGMA INDEX_INFO(`sqlite_autoindex_event_log_1`)"}}
{"ts":"2026-09-14T13:43:46.670Z","level":"debug","scope":"sqlite","message":"query","meta":{"sql":"Executing (default): PRAGMA INDEX_INFO(`event_log_shop_id_seq`)"}}
{"ts":"2026-09-14T13:43:46.670Z","level":"debug","scope":"sqlite","message":"query","meta":{"sql":"Executing (default): PRAGMA INDEX_INFO(`event_log_shop_id_operation_id`)"}}
{"ts":"2026-09-14T13:43:46.671Z","level":"debug","scope":"sqlite","message":"query","meta":{"sql":"Executing (default): PRAGMA INDEX_INFO(`event_log_shop_id_created_at`)"}}
{"ts":"2026-09-14T13:43:46.672Z","level":"debug","scope":"sqlite","message":"query","meta":{"sql":"Executing (default): SELECT name FROM sqlite_master WHERE type='table' AND name='operation_ledger';"}}
{"ts":"2026-09-14T13:43:46.673Z","level":"debug","scope":"sqlite","message":"query","meta":{"sql":"Executing (default): PRAGMA INDEX_LIST(`operation_ledger`)"}}
{"ts":"2026-09-14T13:43:46.674Z","level":"debug","scope":"sqlite","message":"query","meta":{"sql":"Executing (default): PRAGMA INDEX_INFO(`sqlite_autoindex_operation_ledger_1`)"}}
{"ts":"2026-09-14T13:43:46.674Z","level":"debug","scope":"sqlite","message":"query","meta":{"sql":"Executing (default): PRAGMA INDEX_INFO(`operation_ledger_shop_id_operation_type_created_at`)"}}
{"ts":"2026-09-14T13:43:46.675Z","level":"debug","scope":"sqlite","message":"query","meta":{"sql":"Executing (default): SELECT name FROM sqlite_master WHERE type='table' AND name='audit_events';"}}
{"ts":"2026-09-14T13:43:46.676Z","level":"debug","scope":"sqlite","message":"query","meta":{"sql":"Executing (default): PRAGMA INDEX_LIST(`audit_events`)"}}
{"ts":"2026-09-14T13:43:46.677Z","level":"debug","scope":"sqlite","message":"query","meta":{"sql":"Executing (default): PRAGMA INDEX_INFO(`sqlite_autoindex_audit_events_1`)"}}
{"ts":"2026-09-14T13:43:46.677Z","level":"debug","scope":"sqlite","message":"query","meta":{"sql":"Executing (default): PRAGMA INDEX_INFO(`audit_events_shop_id_seq`)"}}
{"ts":"2026-09-14T13:43:46.678Z","level":"debug","scope":"sqlite","message":"query","meta":{"sql":"Executing (default): PRAGMA INDEX_INFO(`audit_events_shop_id_created_at`)"}}
{"ts":"2026-09-14T13:43:46.679Z","level":"debug","scope":"sqlite","message":"query","meta":{"sql":"Executing (default): SELECT name FROM sqlite_master WHERE type='table' AND name='replica_acks';"}}
{"ts":"2026-09-14T13:43:46.680Z","level":"debug","scope":"sqlite","message":"query","meta":{"sql":"Executing (default): PRAGMA INDEX_LIST(`replica_acks`)"}}
{"ts":"2026-09-14T13:43:46.680Z","level":"debug","scope":"sqlite","message":"query","meta":{"sql":"Executing (default): PRAGMA INDEX_INFO(`sqlite_autoindex_replica_acks_1`)"}}
{"ts":"2026-09-14T13:43:46.681Z","level":"debug","scope":"sqlite","message":"query","meta":{"sql":"Executing (default): PRAGMA INDEX_INFO(`replica_acks_shop_id_event_seq_device_id`)"}}
{"ts":"2026-09-14T13:43:46.681Z","level":"debug","scope":"sqlite","message":"query","meta":{"sql":"Executing (default): PRAGMA INDEX_INFO(`replica_acks_shop_id_event_seq`)"}}
{"ts":"2026-09-14T13:43:46.683Z","level":"debug","scope":"sqlite","message":"query","meta":{"sql":"Executing (default): SELECT name FROM sqlite_master WHERE type='table' AND name='payments';"}}
{"ts":"2026-09-14T13:43:46.684Z","level":"debug","scope":"sqlite","message":"query","meta":{"sql":"Executing (default): PRAGMA INDEX_LIST(`payments`)"}}
{"ts":"2026-09-14T13:43:46.684Z","level":"debug","scope":"sqlite","message":"query","meta":{"sql":"Executing (default): PRAGMA INDEX_INFO(`sqlite_autoindex_payments_1`)"}}
{"ts":"2026-09-14T13:43:46.685Z","level":"debug","scope":"sqlite","message":"query","meta":{"sql":"Executing (default): PRAGMA INDEX_INFO(`payments_shop_id_invoice_id`)"}}
{"ts":"2026-09-14T13:43:46.685Z","level":"debug","scope":"sqlite","message":"query","meta":{"sql":"Executing (default): PRAGMA INDEX_INFO(`payments_shop_id_customer_id`)"}}
{"ts":"2026-09-14T13:43:46.686Z","level":"debug","scope":"sqlite","message":"query","meta":{"sql":"Executing (default): PRAGMA INDEX_INFO(`payments_request_id`)"}}
{"ts":"2026-09-14T13:43:46.687Z","level":"debug","scope":"sqlite","message":"query","meta":{"sql":"Executing (default): SELECT name FROM sqlite_master WHERE type='table' AND name='customer_advances';"}}
{"ts":"2026-09-14T13:43:46.689Z","level":"debug","scope":"sqlite","message":"query","meta":{"sql":"Executing (default): PRAGMA INDEX_LIST(`customer_advances`)"}}
{"ts":"2026-09-14T13:43:46.689Z","level":"debug","scope":"sqlite","message":"query","meta":{"sql":"Executing (default): PRAGMA INDEX_INFO(`sqlite_autoindex_customer_advances_1`)"}}
{"ts":"2026-09-14T13:43:46.690Z","level":"debug","scope":"sqlite","message":"query","meta":{"sql":"Executing (default): PRAGMA INDEX_INFO(`customer_advances_shop_id_customer_id_status`)"}}
{"ts":"2026-09-14T13:43:46.691Z","level":"debug","scope":"sqlite","message":"query","meta":{"sql":"Executing (default): PRAGMA INDEX_INFO(`customer_advances_request_id`)"}}
{"ts":"2026-09-14T13:43:46.693Z","level":"debug","scope":"sqlite","message":"query","meta":{"sql":"Executing (default): SELECT name FROM sqlite_master WHERE type='table' AND name='customer_advance_applications';"}}
{"ts":"2026-09-14T13:43:46.694Z","level":"debug","scope":"sqlite","message":"query","meta":{"sql":"Executing (default): PRAGMA INDEX_LIST(`customer_advance_applications`)"}}
{"ts":"2026-09-14T13:43:46.695Z","level":"debug","scope":"sqlite","message":"query","meta":{"sql":"Executing (default): PRAGMA INDEX_INFO(`sqlite_autoindex_customer_advance_applications_1`)"}}
{"ts":"2026-09-14T13:43:46.695Z","level":"debug","scope":"sqlite","message":"query","meta":{"sql":"Executing (default): PRAGMA INDEX_INFO(`customer_advance_applications_advance_id`)"}}
{"ts":"2026-09-14T13:43:46.695Z","level":"debug","scope":"sqlite","message":"query","meta":{"sql":"Executing (default): PRAGMA INDEX_INFO(`customer_advance_applications_invoice_id`)"}}
{"ts":"2026-09-14T13:43:46.696Z","level":"debug","scope":"sqlite","message":"query","meta":{"sql":"Executing (default): PRAGMA INDEX_INFO(`customer_advance_applications_request_id`)"}}
{"ts":"2026-09-14T13:43:46.697Z","level":"debug","scope":"sqlite","message":"query","meta":{"sql":"Executing (default): SELECT name FROM sqlite_master WHERE type='table' AND name='product_status_history';"}}
{"ts":"2026-09-14T13:43:46.698Z","level":"debug","scope":"sqlite","message":"query","meta":{"sql":"Executing (default): PRAGMA INDEX_LIST(`product_status_history`)"}}
{"ts":"2026-09-14T13:43:46.698Z","level":"debug","scope":"sqlite","message":"query","meta":{"sql":"Executing (default): PRAGMA INDEX_INFO(`sqlite_autoindex_product_status_history_1`)"}}
{"ts":"2026-09-14T13:43:46.699Z","level":"debug","scope":"sqlite","message":"query","meta":{"sql":"Executing (default): PRAGMA INDEX_INFO(`product_status_history_shop_id_product_id`)"}}
{"ts":"2026-09-14T13:43:46.699Z","level":"debug","scope":"sqlite","message":"query","meta":{"sql":"Executing (default): PRAGMA INDEX_INFO(`product_status_history_reference_type_reference_id`)"}}
{"ts":"2026-09-14T13:43:46.700Z","level":"debug","scope":"sqlite","message":"query","meta":{"sql":"Executing (default): SELECT name FROM sqlite_master WHERE type='table' AND name='chart_of_accounts';"}}
{"ts":"2026-09-14T13:43:46.701Z","level":"debug","scope":"sqlite","message":"query","meta":{"sql":"Executing (default): PRAGMA INDEX_LIST(`chart_of_accounts`)"}}
{"ts":"2026-09-14T13:43:46.702Z","level":"debug","scope":"sqlite","message":"query","meta":{"sql":"Executing (default): PRAGMA INDEX_INFO(`sqlite_autoindex_chart_of_accounts_1`)"}}
{"ts":"2026-09-14T13:43:46.702Z","level":"debug","scope":"sqlite","message":"query","meta":{"sql":"Executing (default): PRAGMA INDEX_INFO(`coa_shop_code_uk`)"}}
{"ts":"2026-09-14T13:43:46.704Z","level":"debug","scope":"sqlite","message":"query","meta":{"sql":"Executing (default): SELECT name FROM sqlite_master WHERE type='table' AND name='journal_entries';"}}
{"ts":"2026-09-14T13:43:46.704Z","level":"debug","scope":"sqlite","message":"query","meta":{"sql":"Executing (default): PRAGMA INDEX_LIST(`journal_entries`)"}}
{"ts":"2026-09-14T13:43:46.705Z","level":"debug","scope":"sqlite","message":"query","meta":{"sql":"Executing (default): PRAGMA INDEX_INFO(`sqlite_autoindex_journal_entries_1`)"}}
{"ts":"2026-09-14T13:43:46.706Z","level":"debug","scope":"sqlite","message":"query","meta":{"sql":"Executing (default): PRAGMA INDEX_INFO(`journal_entries_shop_id_entry_date`)"}}
{"ts":"2026-09-14T13:43:46.706Z","level":"debug","scope":"sqlite","message":"query","meta":{"sql":"Executing (default): PRAGMA INDEX_INFO(`journal_entries_source_type_source_id`)"}}
{"ts":"2026-09-14T13:43:46.706Z","level":"debug","scope":"sqlite","message":"query","meta":{"sql":"Executing (default): PRAGMA INDEX_INFO(`journal_entries_request_id`)"}}
{"ts":"2026-09-14T13:43:46.707Z","level":"debug","scope":"sqlite","message":"query","meta":{"sql":"Executing (default): SELECT name FROM sqlite_master WHERE type='table' AND name='journal_lines';"}}
{"ts":"2026-09-14T13:43:46.708Z","level":"debug","scope":"sqlite","message":"query","meta":{"sql":"Executing (default): PRAGMA INDEX_LIST(`journal_lines`)"}}
{"ts":"2026-09-14T13:43:46.709Z","level":"debug","scope":"sqlite","message":"query","meta":{"sql":"Executing (default): PRAGMA INDEX_INFO(`sqlite_autoindex_journal_lines_1`)"}}
{"ts":"2026-09-14T13:43:46.709Z","level":"debug","scope":"sqlite","message":"query","meta":{"sql":"Executing (default): PRAGMA INDEX_INFO(`journal_lines_journal_entry_id`)"}}
{"ts":"2026-09-14T13:43:46.710Z","level":"debug","scope":"sqlite","message":"query","meta":{"sql":"Executing (default): PRAGMA INDEX_INFO(`journal_lines_account_id`)"}}
{"ts":"2026-09-14T13:43:46.711Z","level":"debug","scope":"sqlite","message":"query","meta":{"sql":"Executing (default): SELECT name FROM sqlite_master WHERE type='table' AND name='shop_counters';"}}
{"ts":"2026-09-14T13:43:46.712Z","level":"debug","scope":"sqlite","message":"query","meta":{"sql":"Executing (default): PRAGMA INDEX_LIST(`shop_counters`)"}}
{"ts":"2026-09-14T13:43:46.712Z","level":"debug","scope":"sqlite","message":"query","meta":{"sql":"Executing (default): PRAGMA INDEX_INFO(`sqlite_autoindex_shop_counters_1`)"}}
{"ts":"2026-09-14T13:43:46.713Z","level":"debug","scope":"sqlite","message":"query","meta":{"sql":"Executing (default): PRAGMA INDEX_INFO(`shop_counters_shop_id_status`)"}}
{"ts":"2026-09-14T13:43:46.714Z","level":"debug","scope":"sqlite","message":"query","meta":{"sql":"Executing (default): SELECT name FROM sqlite_master WHERE type='table' AND name='credit_notes';"}}
{"ts":"2026-09-14T13:43:46.715Z","level":"debug","scope":"sqlite","message":"query","meta":{"sql":"Executing (default): PRAGMA INDEX_LIST(`credit_notes`)"}}
{"ts":"2026-09-14T13:43:46.715Z","level":"debug","scope":"sqlite","message":"query","meta":{"sql":"Executing (default): PRAGMA INDEX_INFO(`sqlite_autoindex_credit_notes_1`)"}}
{"ts":"2026-09-14T13:43:46.716Z","level":"debug","scope":"sqlite","message":"query","meta":{"sql":"Executing (default): PRAGMA INDEX_INFO(`credit_notes_shop_id_invoice_id`)"}}
{"ts":"2026-09-14T13:43:46.716Z","level":"debug","scope":"sqlite","message":"query","meta":{"sql":"Executing (default): PRAGMA INDEX_INFO(`credit_notes_no_uk`)"}}
{"ts":"2026-09-14T13:43:46.716Z","level":"debug","scope":"sqlite","message":"query","meta":{"sql":"Executing (default): PRAGMA INDEX_INFO(`credit_notes_request_id`)"}}
{"ts":"2026-09-14T13:43:46.718Z","level":"debug","scope":"sqlite","message":"query","meta":{"sql":"Executing (default): SELECT name FROM sqlite_master WHERE type='table' AND name='old_gold_receipts';"}}
{"ts":"2026-09-14T13:43:46.718Z","level":"debug","scope":"sqlite","message":"query","meta":{"sql":"Executing (default): PRAGMA INDEX_LIST(`old_gold_receipts`)"}}
{"ts":"2026-09-14T13:43:46.719Z","level":"debug","scope":"sqlite","message":"query","meta":{"sql":"Executing (default): PRAGMA INDEX_INFO(`sqlite_autoindex_old_gold_receipts_1`)"}}
{"ts":"2026-09-14T13:43:46.720Z","level":"debug","scope":"sqlite","message":"query","meta":{"sql":"Executing (default): PRAGMA INDEX_INFO(`old_gold_receipts_shop_id_invoice_id`)"}}
{"ts":"2026-09-14T13:43:46.720Z","level":"debug","scope":"sqlite","message":"query","meta":{"sql":"Executing (default): PRAGMA INDEX_INFO(`old_gold_receipt_no_uk`)"}}
{"ts":"2026-09-14T13:43:46.721Z","level":"debug","scope":"sqlite","message":"query","meta":{"sql":"Executing (default): PRAGMA INDEX_INFO(`old_gold_receipts_shop_id_old_gold_sale_id`)"}}
{"ts":"2026-09-14T13:43:46.722Z","level":"debug","scope":"sqlite","message":"query","meta":{"sql":"Executing (default): SELECT name FROM sqlite_master WHERE type='table' AND name='hsn_codes';"}}
{"ts":"2026-09-14T13:43:46.723Z","level":"debug","scope":"sqlite","message":"query","meta":{"sql":"Executing (default): PRAGMA INDEX_LIST(`hsn_codes`)"}}
{"ts":"2026-09-14T13:43:46.723Z","level":"debug","scope":"sqlite","message":"query","meta":{"sql":"Executing (default): PRAGMA INDEX_INFO(`sqlite_autoindex_hsn_codes_1`)"}}
{"ts":"2026-09-14T13:43:46.724Z","level":"debug","scope":"sqlite","message":"query","meta":{"sql":"Executing (default): PRAGMA INDEX_INFO(`hsn_shop_code_uk`)"}}
{"ts":"2026-09-14T13:43:46.725Z","level":"debug","scope":"sqlite","message":"query","meta":{"sql":"Executing (default): SELECT name FROM sqlite_master WHERE type='table' AND name='old_gold_sales';"}}
{"ts":"2026-09-14T13:43:46.726Z","level":"debug","scope":"sqlite","message":"query","meta":{"sql":"Executing (default): PRAGMA INDEX_LIST(`old_gold_sales`)"}}
{"ts":"2026-09-14T13:43:46.727Z","level":"debug","scope":"sqlite","message":"query","meta":{"sql":"Executing (default): PRAGMA INDEX_INFO(`sqlite_autoindex_old_gold_sales_1`)"}}
{"ts":"2026-09-14T13:43:46.727Z","level":"debug","scope":"sqlite","message":"query","meta":{"sql":"Executing (default): PRAGMA INDEX_INFO(`old_gold_sales_no_uk`)"}}
{"ts":"2026-09-14T13:43:46.728Z","level":"debug","scope":"sqlite","message":"query","meta":{"sql":"Executing (default): PRAGMA INDEX_INFO(`old_gold_sales_shop_id_business_date`)"}}
{"ts":"2026-09-14T13:43:46.728Z","level":"debug","scope":"sqlite","message":"query","meta":{"sql":"Executing (default): PRAGMA INDEX_INFO(`old_gold_sales_request_id`)"}}
{"ts":"2026-09-14T13:43:46.729Z","level":"debug","scope":"sqlite","message":"query","meta":{"sql":"Executing (default): SELECT name FROM sqlite_master WHERE type='table' AND name='draft_sales';"}}
{"ts":"2026-09-14T13:43:46.730Z","level":"debug","scope":"sqlite","message":"query","meta":{"sql":"Executing (default): PRAGMA INDEX_LIST(`draft_sales`)"}}
{"ts":"2026-09-14T13:43:46.731Z","level":"debug","scope":"sqlite","message":"query","meta":{"sql":"Executing (default): PRAGMA INDEX_INFO(`sqlite_autoindex_draft_sales_1`)"}}
{"ts":"2026-09-14T13:43:46.732Z","level":"debug","scope":"sqlite","message":"query","meta":{"sql":"Executing (default): SELECT name FROM sqlite_master WHERE type='table' AND name='invoice_items';"}}
{"ts":"2026-09-14T13:43:46.732Z","level":"debug","scope":"sqlite","message":"query","meta":{"sql":"Executing (default): PRAGMA INDEX_LIST(`invoice_items`)"}}
{"ts":"2026-09-14T13:43:46.733Z","level":"debug","scope":"sqlite","message":"query","meta":{"sql":"Executing (default): PRAGMA INDEX_INFO(`sqlite_autoindex_invoice_items_1`)"}}
{"ts":"2026-09-14T13:43:46.734Z","level":"debug","scope":"sqlite","message":"query","meta":{"sql":"Executing (default): SELECT name FROM sqlite_master WHERE type='table' AND name='purchase_items';"}}
{"ts":"2026-09-14T13:43:46.736Z","level":"debug","scope":"sqlite","message":"query","meta":{"sql":"Executing (default): PRAGMA INDEX_LIST(`purchase_items`)"}}
{"ts":"2026-09-14T13:43:46.737Z","level":"debug","scope":"sqlite","message":"query","meta":{"sql":"Executing (default): PRAGMA INDEX_INFO(`sqlite_autoindex_purchase_items_1`)"}}
{"ts":"2026-09-14T13:43:46.738Z","level":"debug","scope":"sqlite","message":"query","meta":{"sql":"Executing (default): SELECT name FROM sqlite_master WHERE type='table' AND name='cashbook_entries';"}}
{"ts":"2026-09-14T13:43:46.739Z","level":"debug","scope":"sqlite","message":"query","meta":{"sql":"Executing (default): PRAGMA INDEX_LIST(`cashbook_entries`)"}}
{"ts":"2026-09-14T13:43:46.739Z","level":"debug","scope":"sqlite","message":"query","meta":{"sql":"Executing (default): PRAGMA INDEX_INFO(`sqlite_autoindex_cashbook_entries_1`)"}}
{"ts":"2026-09-14T13:43:46.740Z","level":"debug","scope":"sqlite","message":"query","meta":{"sql":"Executing (default): PRAGMA INDEX_INFO(`cashbook_shop_date_idx`)"}}
{"ts":"2026-09-14T13:43:46.740Z","level":"debug","scope":"sqlite","message":"query","meta":{"sql":"Executing (default): PRAGMA INDEX_INFO(`cashbook_entries_shop_id_date`)"}}
{"ts":"2026-09-14T13:43:46.741Z","level":"debug","scope":"sqlite","message":"query","meta":{"sql":"Executing (default): SELECT name FROM sqlite_master WHERE type='table' AND name='metal_issues';"}}
{"ts":"2026-09-14T13:43:46.742Z","level":"debug","scope":"sqlite","message":"query","meta":{"sql":"Executing (default): PRAGMA INDEX_LIST(`metal_issues`)"}}
{"ts":"2026-09-14T13:43:46.743Z","level":"debug","scope":"sqlite","message":"query","meta":{"sql":"Executing (default): PRAGMA INDEX_INFO(`sqlite_autoindex_metal_issues_1`)"}}
{"ts":"2026-09-14T13:43:46.743Z","level":"debug","scope":"sqlite","message":"query","meta":{"sql":"Executing (default): PRAGMA INDEX_INFO(`metal_issues_shop_id_karigar_vendor_id`)"}}
{"ts":"2026-09-14T13:43:46.744Z","level":"debug","scope":"sqlite","message":"query","meta":{"sql":"Executing (default): PRAGMA INDEX_INFO(`metal_issues_order_id`)"}}
{"ts":"2026-09-14T13:43:46.745Z","level":"debug","scope":"sqlite","message":"query","meta":{"sql":"Executing (default): SELECT name FROM sqlite_master WHERE type='table' AND name='gold_rate_history';"}}
{"ts":"2026-09-14T13:43:46.746Z","level":"debug","scope":"sqlite","message":"query","meta":{"sql":"Executing (default): PRAGMA INDEX_LIST(`gold_rate_history`)"}}
{"ts":"2026-09-14T13:43:46.747Z","level":"debug","scope":"sqlite","message":"query","meta":{"sql":"Executing (default): PRAGMA INDEX_INFO(`sqlite_autoindex_gold_rate_history_1`)"}}
{"ts":"2026-09-14T13:43:46.747Z","level":"debug","scope":"sqlite","message":"query","meta":{"sql":"Executing (default): PRAGMA INDEX_INFO(`gold_rate_history_shop_id_created_at`)"}}
{"ts":"2026-09-14T13:43:46.748Z","level":"debug","scope":"sqlite","message":"query","meta":{"sql":"Executing (default): SELECT name FROM sqlite_master WHERE type='table' AND name='billing_rate_events';"}}
{"ts":"2026-09-14T13:43:46.749Z","level":"debug","scope":"sqlite","message":"query","meta":{"sql":"Executing (default): PRAGMA INDEX_LIST(`billing_rate_events`)"}}
{"ts":"2026-09-14T13:43:46.750Z","level":"debug","scope":"sqlite","message":"query","meta":{"sql":"Executing (default): PRAGMA INDEX_INFO(`sqlite_autoindex_billing_rate_events_1`)"}}
{"ts":"2026-09-14T13:43:46.751Z","level":"debug","scope":"sqlite","message":"query","meta":{"sql":"Executing (default): PRAGMA INDEX_INFO(`billing_rate_events_shop_id_created_at`)"}}
{"ts":"2026-09-14T13:43:46.752Z","level":"debug","scope":"sqlite","message":"query","meta":{"sql":"Executing (default): SELECT name FROM sqlite_master WHERE type='table' AND name='pure_products';"}}
{"ts":"2026-09-14T13:43:46.753Z","level":"debug","scope":"sqlite","message":"query","meta":{"sql":"Executing (default): PRAGMA INDEX_LIST(`pure_products`)"}}
{"ts":"2026-09-14T13:43:46.754Z","level":"debug","scope":"sqlite","message":"query","meta":{"sql":"Executing (default): PRAGMA INDEX_INFO(`sqlite_autoindex_pure_products_1`)"}}
{"ts":"2026-09-14T13:43:46.754Z","level":"debug","scope":"sqlite","message":"query","meta":{"sql":"Executing (default): PRAGMA INDEX_INFO(`pure_products_shop_metal_form_weight_uk`)"}}
{"ts":"2026-09-14T13:43:46.755Z","level":"debug","scope":"sqlite","message":"query","meta":{"sql":"Executing (default): SELECT name FROM sqlite_master WHERE type='table' AND name='bank_accounts';"}}
{"ts":"2026-09-14T13:43:46.756Z","level":"debug","scope":"sqlite","message":"query","meta":{"sql":"Executing (default): PRAGMA INDEX_LIST(`bank_accounts`)"}}
{"ts":"2026-09-14T13:43:46.757Z","level":"debug","scope":"sqlite","message":"query","meta":{"sql":"Executing (default): PRAGMA INDEX_INFO(`sqlite_autoindex_bank_accounts_1`)"}}
{"ts":"2026-09-14T13:43:46.757Z","level":"debug","scope":"sqlite","message":"query","meta":{"sql":"Executing (default): PRAGMA INDEX_INFO(`bank_accounts_shop_id_status`)"}}
{"ts":"2026-09-14T13:43:46.759Z","level":"debug","scope":"sqlite","message":"query","meta":{"sql":"Executing (default): SELECT name FROM sqlite_master WHERE type='table' AND name='bank_reconciliation_items';"}}
{"ts":"2026-09-14T13:43:46.760Z","level":"debug","scope":"sqlite","message":"query","meta":{"sql":"Executing (default): PRAGMA INDEX_LIST(`bank_reconciliation_items`)"}}
{"ts":"2026-09-14T13:43:46.760Z","level":"debug","scope":"sqlite","message":"query","meta":{"sql":"Executing (default): PRAGMA INDEX_INFO(`sqlite_autoindex_bank_reconciliation_items_1`)"}}
{"ts":"2026-09-14T13:43:46.761Z","level":"debug","scope":"sqlite","message":"query","meta":{"sql":"Executing (default): PRAGMA INDEX_INFO(`bank_reconciliation_items_shop_id_bank_account_id`)"}}
{"ts":"2026-09-14T13:43:46.761Z","level":"debug","scope":"sqlite","message":"query","meta":{"sql":"Executing (default): PRAGMA INDEX_INFO(`bank_reconciliation_items_journal_line_id`)"}}
{"ts":"2026-09-14T13:43:46.762Z","level":"debug","scope":"sqlite","message":"query","meta":{"sql":"Executing (default): SELECT name FROM sqlite_master WHERE type='table' AND name='barcode_stock_check_sessions';"}}
{"ts":"2026-09-14T13:43:46.763Z","level":"debug","scope":"sqlite","message":"query","meta":{"sql":"Executing (default): PRAGMA INDEX_LIST(`barcode_stock_check_sessions`)"}}
{"ts":"2026-09-14T13:43:46.764Z","level":"debug","scope":"sqlite","message":"query","meta":{"sql":"Executing (default): PRAGMA INDEX_INFO(`sqlite_autoindex_barcode_stock_check_sessions_1`)"}}
{"ts":"2026-09-14T13:43:46.764Z","level":"debug","scope":"sqlite","message":"query","meta":{"sql":"Executing (default): PRAGMA INDEX_INFO(`barcode_stock_check_sessions_shop_status_idx`)"}}
{"ts":"2026-09-14T13:43:46.765Z","level":"debug","scope":"sqlite","message":"query","meta":{"sql":"Executing (default): SELECT name FROM sqlite_master WHERE type='table' AND name='barcode_stock_check_scans';"}}
{"ts":"2026-09-14T13:43:46.766Z","level":"debug","scope":"sqlite","message":"query","meta":{"sql":"Executing (default): PRAGMA INDEX_LIST(`barcode_stock_check_scans`)"}}
{"ts":"2026-09-14T13:43:46.767Z","level":"debug","scope":"sqlite","message":"query","meta":{"sql":"Executing (default): PRAGMA INDEX_INFO(`sqlite_autoindex_barcode_stock_check_scans_1`)"}}
{"ts":"2026-09-14T13:43:46.767Z","level":"debug","scope":"sqlite","message":"query","meta":{"sql":"Executing (default): PRAGMA INDEX_INFO(`barcode_stock_check_scans_session_barcode_idx`)"}}
{"ts":"2026-09-14T13:43:46.768Z","level":"debug","scope":"sqlite","message":"query","meta":{"sql":"Executing (default): PRAGMA INDEX_INFO(`barcode_stock_check_scans_session_result_idx`)"}}
{"ts":"2026-09-14T13:43:46.769Z","level":"info","scope":"sqlite","message":"model sync complete"}
{"ts":"2026-09-14T13:43:46.775Z","level":"debug","scope":"sqlite","message":"query","meta":{"sql":"Executing (default): SELECT count(*) AS `count` FROM `shops` AS `Shop`;"}}
{"ts":"2026-09-14T13:43:46.780Z","level":"debug","scope":"sqlite","message":"query","meta":{"sql":"Executing (default): SELECT `id`, `name`, `code`, `gstin`, `phone`, `email`, `address`, `invoice_prefix`, `status`, `settings`, `created_at` AS `createdAt`, `updated_at` AS `updatedAt` FROM `shops` AS `Shop` WHERE `Shop`.`id` = '4045a134-66e1-44a2-92fd-d5b92b21aca9';"}}
{"ts":"2026-09-14T13:43:46.784Z","level":"debug","scope":"sqlite","message":"query","meta":{"sql":"Executing (default): SELECT count(*) AS `count` FROM `users` AS `User`;"}}
{"ts":"2026-09-14T13:43:46.786Z","level":"debug","scope":"sqlite","message":"query","meta":{"sql":"Executing (default): SELECT `id`, `email`, `name`, `password_hash`, `role`, `permissions`, `active`, `shop_id`, `version`, `deleted_at`, `origin_device_id`, `created_at` AS `createdAt`, `updated_at` AS `updatedAt` FROM `users` AS `User` WHERE `User`.`email` = 'slgt@erp';"}}
{"ts":"2026-09-14T13:43:46.790Z","level":"debug","scope":"sqlite","message":"query","meta":{"sql":"Executing (default): SELECT `id`, `key`, `value`, `shop_id`, `version`, `deleted_at`, `origin_device_id`, `created_at` AS `createdAt`, `updated_at` AS `updatedAt` FROM `settings` AS `Setting` WHERE `Setting`.`key` = 'shop_join_code';"}}
{"ts":"2026-09-14T13:43:46.792Z","level":"debug","scope":"sqlite","message":"query","meta":{"sql":"Executing (default): SELECT count(*) AS `count` FROM `settings` AS `Setting`;"}}
{"ts":"2026-09-14T13:43:46.796Z","level":"debug","scope":"sqlite","message":"query","meta":{"sql":"Executing (default): SELECT `id`, `type`, `name`, `code`, `description`, `color`, `meta`, `is_system`, `shop_id`, `version`, `deleted_at`, `origin_device_id`, `created_at` AS `createdAt`, `updated_at` AS `updatedAt` FROM `catalog_items` AS `CatalogItem` WHERE `CatalogItem`.`type` = 'metal_type' AND `CatalogItem`.`deleted_at` IS NULL AND `CatalogItem`.`code` IN ('GOLD', 'gold') LIMIT 1;"}}
{"ts":"2026-09-14T13:43:46.799Z","level":"debug","scope":"sqlite","message":"query","meta":{"sql":"Executing (default): SELECT `id`, `type`, `name`, `code`, `description`, `color`, `meta`, `is_system`, `shop_id`, `version`, `deleted_at`, `origin_device_id`, `created_at` AS `createdAt`, `updated_at` AS `updatedAt` FROM `catalog_items` AS `CatalogItem` WHERE `CatalogItem`.`type` = 'metal_type' AND `CatalogItem`.`deleted_at` IS NULL AND `CatalogItem`.`code` IN ('SILVER', 'silver') LIMIT 1;"}}
{"ts":"2026-09-14T13:43:46.802Z","level":"debug","scope":"sqlite","message":"query","meta":{"sql":"Executing (default): SELECT `id`, `type`, `name`, `code`, `description`, `color`, `meta`, `is_system`, `shop_id`, `version`, `deleted_at`, `origin_device_id`, `created_at` AS `createdAt`, `updated_at` AS `updatedAt` FROM `catalog_items` AS `CatalogItem` WHERE `CatalogItem`.`type` = 'unit' AND `CatalogItem`.`deleted_at` IS NULL AND `CatalogItem`.`code` IN ('g', 'G', 'gram', 'GRAM', 'grams', 'GRAMS') LIMIT 1;"}}
{"ts":"2026-09-14T13:43:46.805Z","level":"debug","scope":"sqlite","message":"query","meta":{"sql":"Executing (default): SELECT `id`, `type`, `name`, `code`, `description`, `color`, `meta`, `is_system`, `shop_id`, `version`, `deleted_at`, `origin_device_id`, `created_at` AS `createdAt`, `updated_at` AS `updatedAt` FROM `catalog_items` AS `CatalogItem` WHERE `CatalogItem`.`type` = 'unit' AND `CatalogItem`.`deleted_at` IS NULL AND `CatalogItem`.`code` IN ('pc', 'PC', 'piece', 'PIECE', 'pcs', 'PCS') LIMIT 1;"}}
{"ts":"2026-09-14T13:43:46.807Z","level":"debug","scope":"sqlite","message":"query","meta":{"sql":"Executing (default): SELECT `id`, `type`, `name`, `code`, `description`, `color`, `meta`, `is_system`, `shop_id`, `version`, `deleted_at`, `origin_device_id`, `created_at` AS `createdAt`, `updated_at` AS `updatedAt` FROM `catalog_items` AS `CatalogItem` WHERE `CatalogItem`.`type` = 'unit' AND `CatalogItem`.`deleted_at` IS NULL AND `CatalogItem`.`code` IN ('tray', 'TRAY') LIMIT 1;"}}
{"ts":"2026-09-14T13:43:46.809Z","level":"debug","scope":"sqlite","message":"query","meta":{"sql":"Executing (default): SELECT `id`, `type`, `name`, `code`, `description`, `color`, `meta`, `is_system`, `shop_id`, `version`, `deleted_at`, `origin_device_id`, `created_at` AS `createdAt`, `updated_at` AS `updatedAt` FROM `catalog_items` AS `CatalogItem` WHERE `CatalogItem`.`type` = 'purity' AND `CatalogItem`.`deleted_at` IS NULL AND `CatalogItem`.`code` IN ('18K', '18k') LIMIT 1;"}}
{"ts":"2026-09-14T13:43:46.821Z","level":"debug","scope":"sqlite","message":"query","meta":{"sql":"Executing (default): UPDATE `catalog_items` SET `meta`=$1,`updated_at`=$2 WHERE `id` = $3"}}
{"ts":"2026-09-14T13:43:46.828Z","level":"debug","scope":"sqlite","message":"query","meta":{"sql":"Executing (default): SELECT `id`, `type`, `name`, `code`, `description`, `color`, `meta`, `is_system`, `shop_id`, `version`, `deleted_at`, `origin_device_id`, `created_at` AS `createdAt`, `updated_at` AS `updatedAt` FROM `catalog_items` AS `CatalogItem` WHERE `CatalogItem`.`type` = 'purity' AND `CatalogItem`.`deleted_at` IS NULL AND `CatalogItem`.`code` IN ('22K', '22k', '22K BIS916', '22k bis916') LIMIT 1;"}}
{"ts":"2026-09-14T13:43:46.831Z","level":"debug","scope":"sqlite","message":"query","meta":{"sql":"Executing (default): UPDATE `catalog_items` SET `meta`=$1,`updated_at`=$2 WHERE `id` = $3"}}
{"ts":"2026-09-14T13:43:46.836Z","level":"debug","scope":"sqlite","message":"query","meta":{"sql":"Executing (default): SELECT `id`, `type`, `name`, `code`, `description`, `color`, `meta`, `is_system`, `shop_id`, `version`, `deleted_at`, `origin_device_id`, `created_at` AS `createdAt`, `updated_at` AS `updatedAt` FROM `catalog_items` AS `CatalogItem` WHERE `CatalogItem`.`type` = 'purity' AND `CatalogItem`.`deleted_at` IS NULL AND `CatalogItem`.`code` IN ('24K', '24k') LIMIT 1;"}}
{"ts":"2026-09-14T13:43:46.838Z","level":"debug","scope":"sqlite","message":"query","meta":{"sql":"Executing (default): UPDATE `catalog_items` SET `meta`=$1,`updated_at`=$2 WHERE `id` = $3"}}
{"ts":"2026-09-14T13:43:46.842Z","level":"debug","scope":"sqlite","message":"query","meta":{"sql":"Executing (default): SELECT `id`, `type`, `name`, `code`, `description`, `color`, `meta`, `is_system`, `shop_id`, `version`, `deleted_at`, `origin_device_id`, `created_at` AS `createdAt`, `updated_at` AS `updatedAt` FROM `catalog_items` AS `CatalogItem` WHERE `CatalogItem`.`type` = 'purity' AND `CatalogItem`.`deleted_at` IS NULL AND `CatalogItem`.`code` IN ('999') LIMIT 1;"}}
{"ts":"2026-09-14T13:43:46.845Z","level":"debug","scope":"sqlite","message":"query","meta":{"sql":"Executing (default): UPDATE `catalog_items` SET `meta`=$1,`updated_at`=$2 WHERE `id` = $3"}}
{"ts":"2026-09-14T13:43:46.849Z","level":"debug","scope":"sqlite","message":"query","meta":{"sql":"Executing (default): SELECT `id`, `type`, `name`, `code`, `description`, `color`, `meta`, `is_system`, `shop_id`, `version`, `deleted_at`, `origin_device_id`, `created_at` AS `createdAt`, `updated_at` AS `updatedAt` FROM `catalog_items` AS `CatalogItem` WHERE `CatalogItem`.`type` = 'purity' AND `CatalogItem`.`deleted_at` IS NULL AND `CatalogItem`.`code` IN ('925', 'S925', 's925') LIMIT 1;"}}
{"ts":"2026-09-14T13:43:46.852Z","level":"debug","scope":"sqlite","message":"query","meta":{"sql":"Executing (default): UPDATE `catalog_items` SET `meta`=$1,`updated_at`=$2 WHERE `id` = $3"}}
{"ts":"2026-09-14T13:43:46.858Z","level":"debug","scope":"sqlite","message":"query","meta":{"sql":"Executing (default): SELECT `id`, `key`, `value`, `shop_id`, `version`, `deleted_at`, `origin_device_id`, `created_at` AS `createdAt`, `updated_at` AS `updatedAt` FROM `settings` AS `Setting` WHERE `Setting`.`key` = 'lan_coordination_secret';"}}
{"ts":"2026-09-14T13:43:46.860Z","level":"debug","scope":"sqlite","message":"query","meta":{"sql":"Executing (default): SELECT `id`, `key`, `value`, `shop_id`, `version`, `deleted_at`, `origin_device_id`, `created_at` AS `createdAt`, `updated_at` AS `updatedAt` FROM `settings` AS `Setting` WHERE `Setting`.`key` = 'lan_coordination_secret';"}}
{"ts":"2026-09-14T13:43:46.863Z","level":"debug","scope":"sqlite","message":"query","meta":{"sql":"Executing (default): UPDATE `settings` SET `value`=$1,`updated_at`=$2 WHERE `id` = $3"}}
{"ts":"2026-09-14T13:43:46.869Z","level":"debug","scope":"sqlite","message":"query","meta":{"sql":"Executing (default): SELECT `id` FROM `shops` AS `Shop`;"}}
{"ts":"2026-09-14T13:43:46.871Z","level":"debug","scope":"sqlite","message":"query","meta":{"sql":"Executing (default): SELECT `id`, `name`, `code`, `gstin`, `phone`, `email`, `address`, `invoice_prefix`, `status`, `settings`, `created_at` AS `createdAt`, `updated_at` AS `updatedAt` FROM `shops` AS `Shop` WHERE `Shop`.`id` = '4045a134-66e1-44a2-92fd-d5b92b21aca9';"}}
{"ts":"2026-09-14T13:43:46.874Z","level":"debug","scope":"sqlite","message":"query","meta":{"sql":"Executing (default): SELECT `id`, `key`, `value`, `shop_id`, `version`, `deleted_at`, `origin_device_id`, `created_at` AS `createdAt`, `updated_at` AS `updatedAt` FROM `settings` AS `Setting` WHERE `Setting`.`key` = 'erp_opening_setup_complete:4045a134-66e1-44a2-92fd-d5b92b21aca9';"}}
{"ts":"2026-09-14T13:43:46.876Z","level":"debug","scope":"sqlite","message":"query","meta":{"sql":"Executing (default): SELECT `id`, `key`, `value`, `shop_id`, `version`, `deleted_at`, `origin_device_id`, `created_at` AS `createdAt`, `updated_at` AS `updatedAt` FROM `settings` AS `Setting` WHERE `Setting`.`key` = 'erp_opening_setup_complete';"}}
{"ts":"2026-09-14T13:43:46.879Z","level":"debug","scope":"sqlite","message":"query","meta":{"sql":"Executing (default): SELECT `id`, `created_at`, `entry_date` FROM `journal_entries` AS `JournalEntry` WHERE `JournalEntry`.`shop_id` = '4045a134-66e1-44a2-92fd-d5b92b21aca9' AND `JournalEntry`.`source_type` = 'opening_balance' ORDER BY `JournalEntry`.`created_at` ASC LIMIT 1;"}}
{"ts":"2026-09-14T13:43:46.881Z","level":"debug","scope":"sqlite","message":"query","meta":{"sql":"Executing (default): SELECT `id`, `key`, `value`, `shop_id`, `version`, `deleted_at`, `origin_device_id`, `created_at` AS `createdAt`, `updated_at` AS `updatedAt` FROM `settings` AS `Setting` WHERE `Setting`.`key` = 'erp_opening_setup_complete:4045a134-66e1-44a2-92fd-d5b92b21aca9';"}}
{"ts":"2026-09-14T13:43:46.883Z","level":"debug","scope":"sqlite","message":"query","meta":{"sql":"Executing (default): SELECT `id`, `key`, `value`, `shop_id`, `version`, `deleted_at`, `origin_device_id`, `created_at` AS `createdAt`, `updated_at` AS `updatedAt` FROM `settings` AS `Setting` WHERE `Setting`.`key` = 'erp_opening_setup_complete';"}}
{"ts":"2026-09-14T13:43:46.884Z","level":"debug","scope":"sqlite","message":"query","meta":{"sql":"Executing (default): SELECT name FROM sqlite_master WHERE type='table' AND name = 'journal_entries'"}}
{"ts":"2026-09-14T13:43:46.885Z","level":"debug","scope":"sqlite","message":"query","meta":{"sql":"Executing (default): PRAGMA table_info(\"journal_entries\")"}}
{"ts":"2026-09-14T13:43:46.887Z","level":"debug","scope":"sqlite","message":"query","meta":{"sql":"Executing (default): UPDATE journal_entries SET financial_mode = 'LIVE'\n         WHERE shop_id = '4045a134-66e1-44a2-92fd-d5b92b21aca9' AND financial_mode IS NULL AND (source_type = 'opening_balance' OR is_opening = 1)"}}
{"ts":"2026-09-14T13:43:46.888Z","level":"debug","scope":"sqlite","message":"query","meta":{"sql":"Executing (default): UPDATE journal_entries SET financial_mode = 'PRE_ACCOUNTS'\n           WHERE shop_id = '4045a134-66e1-44a2-92fd-d5b92b21aca9' AND financial_mode IS NULL"}}
{"ts":"2026-09-14T13:43:46.889Z","level":"debug","scope":"sqlite","message":"query","meta":{"sql":"Executing (default): SELECT name FROM sqlite_master WHERE type='table' AND name = 'invoices'"}}
{"ts":"2026-09-14T13:43:46.890Z","level":"debug","scope":"sqlite","message":"query","meta":{"sql":"Executing (default): PRAGMA table_info(\"invoices\")"}}
{"ts":"2026-09-14T13:43:46.891Z","level":"debug","scope":"sqlite","message":"query","meta":{"sql":"Executing (default): UPDATE invoices SET financial_mode = 'PRE_ACCOUNTS'\n           WHERE financial_mode IS NULL AND (shop_id = '4045a134-66e1-44a2-92fd-d5b92b21aca9' OR shop_id IS NULL)"}}
{"ts":"2026-09-14T13:43:46.892Z","level":"debug","scope":"sqlite","message":"query","meta":{"sql":"Executing (default): SELECT name FROM sqlite_master WHERE type='table' AND name = 'payments'"}}
{"ts":"2026-09-14T13:43:46.893Z","level":"debug","scope":"sqlite","message":"query","meta":{"sql":"Executing (default): PRAGMA table_info(\"payments\")"}}
{"ts":"2026-09-14T13:43:46.894Z","level":"debug","scope":"sqlite","message":"query","meta":{"sql":"Executing (default): UPDATE payments SET financial_mode = 'PRE_ACCOUNTS'\n           WHERE financial_mode IS NULL AND (shop_id = '4045a134-66e1-44a2-92fd-d5b92b21aca9' OR shop_id IS NULL)"}}
{"ts":"2026-09-14T13:43:46.894Z","level":"debug","scope":"sqlite","message":"query","meta":{"sql":"Executing (default): SELECT name FROM sqlite_master WHERE type='table' AND name = 'expenses'"}}
{"ts":"2026-09-14T13:43:46.895Z","level":"debug","scope":"sqlite","message":"query","meta":{"sql":"Executing (default): PRAGMA table_info(\"expenses\")"}}
{"ts":"2026-09-14T13:43:46.896Z","level":"debug","scope":"sqlite","message":"query","meta":{"sql":"Executing (default): UPDATE expenses SET financial_mode = 'PRE_ACCOUNTS'\n           WHERE financial_mode IS NULL AND (shop_id = '4045a134-66e1-44a2-92fd-d5b92b21aca9' OR shop_id IS NULL)"}}
{"ts":"2026-09-14T13:43:46.897Z","level":"debug","scope":"sqlite","message":"query","meta":{"sql":"Executing (default): SELECT name FROM sqlite_master WHERE type='table' AND name = 'purchases'"}}
{"ts":"2026-09-14T13:43:46.898Z","level":"debug","scope":"sqlite","message":"query","meta":{"sql":"Executing (default): PRAGMA table_info(\"purchases\")"}}
{"ts":"2026-09-14T13:43:46.899Z","level":"debug","scope":"sqlite","message":"query","meta":{"sql":"Executing (default): UPDATE purchases SET financial_mode = 'PRE_ACCOUNTS'\n           WHERE financial_mode IS NULL AND (shop_id = '4045a134-66e1-44a2-92fd-d5b92b21aca9' OR shop_id IS NULL)"}}
{"ts":"2026-09-14T13:43:46.899Z","level":"debug","scope":"sqlite","message":"query","meta":{"sql":"Executing (default): SELECT name FROM sqlite_master WHERE type='table' AND name = 'customer_advances'"}}
{"ts":"2026-09-14T13:43:46.900Z","level":"debug","scope":"sqlite","message":"query","meta":{"sql":"Executing (default): PRAGMA table_info(\"customer_advances\")"}}
{"ts":"2026-09-14T13:43:46.901Z","level":"debug","scope":"sqlite","message":"query","meta":{"sql":"Executing (default): UPDATE customer_advances SET financial_mode = 'PRE_ACCOUNTS'\n           WHERE financial_mode IS NULL AND (shop_id = '4045a134-66e1-44a2-92fd-d5b92b21aca9' OR shop_id IS NULL)"}}
{"ts":"2026-09-14T13:43:46.903Z","level":"debug","scope":"sqlite","message":"query","meta":{"sql":"Executing (default): SELECT name FROM sqlite_master WHERE type='table' AND name = 'customer_advance_applications'"}}
{"ts":"2026-09-14T13:43:46.903Z","level":"debug","scope":"sqlite","message":"query","meta":{"sql":"Executing (default): PRAGMA table_info(\"customer_advance_applications\")"}}
{"ts":"2026-09-14T13:43:46.904Z","level":"debug","scope":"sqlite","message":"query","meta":{"sql":"Executing (default): UPDATE customer_advance_applications SET financial_mode = 'PRE_ACCOUNTS'\n           WHERE financial_mode IS NULL AND (shop_id = '4045a134-66e1-44a2-92fd-d5b92b21aca9' OR shop_id IS NULL)"}}
{"ts":"2026-09-14T13:43:46.905Z","level":"debug","scope":"sqlite","message":"query","meta":{"sql":"Executing (default): SELECT name FROM sqlite_master WHERE type='table' AND name = 'quotations'"}}
{"ts":"2026-09-14T13:43:46.906Z","level":"debug","scope":"sqlite","message":"query","meta":{"sql":"Executing (default): PRAGMA table_info(\"quotations\")"}}
{"ts":"2026-09-14T13:43:46.907Z","level":"debug","scope":"sqlite","message":"query","meta":{"sql":"Executing (default): UPDATE quotations SET financial_mode = 'PRE_ACCOUNTS'\n           WHERE financial_mode IS NULL AND (shop_id = '4045a134-66e1-44a2-92fd-d5b92b21aca9' OR shop_id IS NULL)"}}
{"ts":"2026-09-14T13:43:46.908Z","level":"debug","scope":"sqlite","message":"query","meta":{"sql":"Executing (default): SELECT name FROM sqlite_master WHERE type='table' AND name = 'credit_notes'"}}
{"ts":"2026-09-14T13:43:46.909Z","level":"debug","scope":"sqlite","message":"query","meta":{"sql":"Executing (default): PRAGMA table_info(\"credit_notes\")"}}
{"ts":"2026-09-14T13:43:46.910Z","level":"debug","scope":"sqlite","message":"query","meta":{"sql":"Executing (default): UPDATE credit_notes SET financial_mode = 'PRE_ACCOUNTS'\n           WHERE financial_mode IS NULL AND (shop_id = '4045a134-66e1-44a2-92fd-d5b92b21aca9' OR shop_id IS NULL)"}}
{"ts":"2026-09-14T13:43:46.910Z","level":"debug","scope":"sqlite","message":"query","meta":{"sql":"Executing (default): SELECT name FROM sqlite_master WHERE type='table' AND name = 'old_gold_receipts'"}}
{"ts":"2026-09-14T13:43:46.911Z","level":"debug","scope":"sqlite","message":"query","meta":{"sql":"Executing (default): PRAGMA table_info(\"old_gold_receipts\")"}}
{"ts":"2026-09-14T13:43:46.912Z","level":"debug","scope":"sqlite","message":"query","meta":{"sql":"Executing (default): UPDATE old_gold_receipts SET financial_mode = 'PRE_ACCOUNTS'\n           WHERE financial_mode IS NULL AND (shop_id = '4045a134-66e1-44a2-92fd-d5b92b21aca9' OR shop_id IS NULL)"}}
{"ts":"2026-09-14T13:43:46.913Z","level":"debug","scope":"sqlite","message":"query","meta":{"sql":"Executing (default): SELECT name FROM sqlite_master WHERE type='table' AND name = 'cashbook_entries'"}}
{"ts":"2026-09-14T13:43:46.914Z","level":"debug","scope":"sqlite","message":"query","meta":{"sql":"Executing (default): PRAGMA table_info(\"cashbook_entries\")"}}
{"ts":"2026-09-14T13:43:46.915Z","level":"debug","scope":"sqlite","message":"query","meta":{"sql":"Executing (default): UPDATE cashbook_entries SET financial_mode = 'PRE_ACCOUNTS'\n           WHERE financial_mode IS NULL AND (shop_id = '4045a134-66e1-44a2-92fd-d5b92b21aca9' OR shop_id IS NULL)"}}
{"ts":"2026-09-14T13:43:46.916Z","level":"debug","scope":"sqlite","message":"query","meta":{"sql":"Executing (default): SELECT name FROM sqlite_master WHERE type='table' AND name = 'schemes'"}}
{"ts":"2026-09-14T13:43:46.917Z","level":"debug","scope":"sqlite","message":"query","meta":{"sql":"Executing (default): PRAGMA table_info(\"schemes\")"}}
{"ts":"2026-09-14T13:43:46.918Z","level":"debug","scope":"sqlite","message":"query","meta":{"sql":"Executing (default): UPDATE schemes SET financial_mode = 'PRE_ACCOUNTS'\n           WHERE financial_mode IS NULL AND (shop_id = '4045a134-66e1-44a2-92fd-d5b92b21aca9' OR shop_id IS NULL)"}}
{"ts":"2026-09-14T13:43:46.919Z","level":"debug","scope":"sqlite","message":"query","meta":{"sql":"Executing (default): SELECT name FROM sqlite_master WHERE type='table' AND name = 'orders'"}}
{"ts":"2026-09-14T13:43:46.920Z","level":"debug","scope":"sqlite","message":"query","meta":{"sql":"Executing (default): PRAGMA table_info(\"orders\")"}}
{"ts":"2026-09-14T13:43:46.921Z","level":"debug","scope":"sqlite","message":"query","meta":{"sql":"Executing (default): UPDATE orders SET financial_mode = 'PRE_ACCOUNTS'\n           WHERE financial_mode IS NULL AND (shop_id = '4045a134-66e1-44a2-92fd-d5b92b21aca9' OR shop_id IS NULL)"}}
{"ts":"2026-09-14T13:43:46.922Z","level":"debug","scope":"sqlite","message":"query","meta":{"sql":"Executing (default): SELECT `id`, `key`, `value`, `shop_id`, `version`, `deleted_at`, `origin_device_id`, `created_at` AS `createdAt`, `updated_at` AS `updatedAt` FROM `settings` AS `Setting` WHERE `Setting`.`key` = 'erp_opening_setup_complete:4ea2c175-6d55-44b9-a140-aa84b43e8379';"}}
{"ts":"2026-09-14T13:43:46.924Z","level":"debug","scope":"sqlite","message":"query","meta":{"sql":"Executing (default): SELECT name FROM sqlite_master WHERE type='table' AND name = 'journal_entries'"}}
{"ts":"2026-09-14T13:43:46.925Z","level":"debug","scope":"sqlite","message":"query","meta":{"sql":"Executing (default): PRAGMA table_info(\"journal_entries\")"}}
{"ts":"2026-09-14T13:43:46.926Z","level":"debug","scope":"sqlite","message":"query","meta":{"sql":"Executing (default): UPDATE journal_entries SET financial_mode = 'LIVE'\n         WHERE shop_id = '4ea2c175-6d55-44b9-a140-aa84b43e8379' AND financial_mode IS NULL AND (source_type = 'opening_balance' OR is_opening = 1)"}}
{"ts":"2026-09-14T13:43:46.927Z","level":"debug","scope":"sqlite","message":"query","meta":{"sql":"Executing (default): UPDATE journal_entries SET financial_mode = 'PRE_ACCOUNTS'\n           WHERE shop_id = '4ea2c175-6d55-44b9-a140-aa84b43e8379' AND financial_mode IS NULL AND created_at < '2026-09-14T12:18:17.054Z'"}}
{"ts":"2026-09-14T13:43:46.928Z","level":"debug","scope":"sqlite","message":"query","meta":{"sql":"Executing (default): UPDATE journal_entries SET financial_mode = 'LIVE'\n           WHERE shop_id = '4ea2c175-6d55-44b9-a140-aa84b43e8379' AND financial_mode IS NULL AND created_at >= '2026-09-14T12:18:17.054Z'"}}
{"ts":"2026-09-14T13:43:46.928Z","level":"debug","scope":"sqlite","message":"query","meta":{"sql":"Executing (default): SELECT name FROM sqlite_master WHERE type='table' AND name = 'invoices'"}}
{"ts":"2026-09-14T13:43:46.929Z","level":"debug","scope":"sqlite","message":"query","meta":{"sql":"Executing (default): PRAGMA table_info(\"invoices\")"}}
{"ts":"2026-09-14T13:43:46.930Z","level":"debug","scope":"sqlite","message":"query","meta":{"sql":"Executing (default): UPDATE invoices SET financial_mode = 'PRE_ACCOUNTS'\n           WHERE financial_mode IS NULL AND shop_id = '4ea2c175-6d55-44b9-a140-aa84b43e8379' AND created_at < '2026-09-14T12:18:17.054Z'"}}
{"ts":"2026-09-14T13:43:46.931Z","level":"debug","scope":"sqlite","message":"query","meta":{"sql":"Executing (default): UPDATE invoices SET financial_mode = 'LIVE'\n           WHERE financial_mode IS NULL AND shop_id = '4ea2c175-6d55-44b9-a140-aa84b43e8379' AND created_at >= '2026-09-14T12:18:17.054Z'"}}
{"ts":"2026-09-14T13:43:46.932Z","level":"debug","scope":"sqlite","message":"query","meta":{"sql":"Executing (default): SELECT name FROM sqlite_master WHERE type='table' AND name = 'payments'"}}
{"ts":"2026-09-14T13:43:46.936Z","level":"debug","scope":"sqlite","message":"query","meta":{"sql":"Executing (default): PRAGMA table_info(\"payments\")"}}
{"ts":"2026-09-14T13:43:46.937Z","level":"debug","scope":"sqlite","message":"query","meta":{"sql":"Executing (default): UPDATE payments SET financial_mode = 'PRE_ACCOUNTS'\n           WHERE financial_mode IS NULL AND shop_id = '4ea2c175-6d55-44b9-a140-aa84b43e8379' AND created_at < '2026-09-14T12:18:17.054Z'"}}
{"ts":"2026-09-14T13:43:46.938Z","level":"debug","scope":"sqlite","message":"query","meta":{"sql":"Executing (default): UPDATE payments SET financial_mode = 'LIVE'\n           WHERE financial_mode IS NULL AND shop_id = '4ea2c175-6d55-44b9-a140-aa84b43e8379' AND created_at >= '2026-09-14T12:18:17.054Z'"}}
{"ts":"2026-09-14T13:43:46.939Z","level":"debug","scope":"sqlite","message":"query","meta":{"sql":"Executing (default): SELECT name FROM sqlite_master WHERE type='table' AND name = 'expenses'"}}
{"ts":"2026-09-14T13:43:46.940Z","level":"debug","scope":"sqlite","message":"query","meta":{"sql":"Executing (default): PRAGMA table_info(\"expenses\")"}}
{"ts":"2026-09-14T13:43:46.941Z","level":"debug","scope":"sqlite","message":"query","meta":{"sql":"Executing (default): UPDATE expenses SET financial_mode = 'PRE_ACCOUNTS'\n           WHERE financial_mode IS NULL AND shop_id = '4ea2c175-6d55-44b9-a140-aa84b43e8379' AND created_at < '2026-09-14T12:18:17.054Z'"}}
{"ts":"2026-09-14T13:43:46.942Z","level":"debug","scope":"sqlite","message":"query","meta":{"sql":"Executing (default): UPDATE expenses SET financial_mode = 'LIVE'\n           WHERE financial_mode IS NULL AND shop_id = '4ea2c175-6d55-44b9-a140-aa84b43e8379' AND created_at >= '2026-09-14T12:18:17.054Z'"}}
{"ts":"2026-09-14T13:43:46.943Z","level":"debug","scope":"sqlite","message":"query","meta":{"sql":"Executing (default): SELECT name FROM sqlite_master WHERE type='table' AND name = 'purchases'"}}
{"ts":"2026-09-14T13:43:46.944Z","level":"debug","scope":"sqlite","message":"query","meta":{"sql":"Executing (default): PRAGMA table_info(\"purchases\")"}}
{"ts":"2026-09-14T13:43:46.945Z","level":"debug","scope":"sqlite","message":"query","meta":{"sql":"Executing (default): UPDATE purchases SET financial_mode = 'PRE_ACCOUNTS'\n           WHERE financial_mode IS NULL AND shop_id = '4ea2c175-6d55-44b9-a140-aa84b43e8379' AND created_at < '2026-09-14T12:18:17.054Z'"}}
{"ts":"2026-09-14T13:43:46.946Z","level":"debug","scope":"sqlite","message":"query","meta":{"sql":"Executing (default): UPDATE purchases SET financial_mode = 'LIVE'\n           WHERE financial_mode IS NULL AND shop_id = '4ea2c175-6d55-44b9-a140-aa84b43e8379' AND created_at >= '2026-09-14T12:18:17.054Z'"}}
{"ts":"2026-09-14T13:43:46.947Z","level":"debug","scope":"sqlite","message":"query","meta":{"sql":"Executing (default): SELECT name FROM sqlite_master WHERE type='table' AND name = 'customer_advances'"}}
{"ts":"2026-09-14T13:43:46.948Z","level":"debug","scope":"sqlite","message":"query","meta":{"sql":"Executing (default): PRAGMA table_info(\"customer_advances\")"}}
{"ts":"2026-09-14T13:43:46.949Z","level":"debug","scope":"sqlite","message":"query","meta":{"sql":"Executing (default): UPDATE customer_advances SET financial_mode = 'PRE_ACCOUNTS'\n           WHERE financial_mode IS NULL AND shop_id = '4ea2c175-6d55-44b9-a140-aa84b43e8379' AND created_at < '2026-09-14T12:18:17.054Z'"}}
{"ts":"2026-09-14T13:43:46.950Z","level":"debug","scope":"sqlite","message":"query","meta":{"sql":"Executing (default): UPDATE customer_advances SET financial_mode = 'LIVE'\n           WHERE financial_mode IS NULL AND shop_id = '4ea2c175-6d55-44b9-a140-aa84b43e8379' AND created_at >= '2026-09-14T12:18:17.054Z'"}}
{"ts":"2026-09-14T13:43:46.951Z","level":"debug","scope":"sqlite","message":"query","meta":{"sql":"Executing (default): SELECT name FROM sqlite_master WHERE type='table' AND name = 'customer_advance_applications'"}}
{"ts":"2026-09-14T13:43:46.953Z","level":"debug","scope":"sqlite","message":"query","meta":{"sql":"Executing (default): PRAGMA table_info(\"customer_advance_applications\")"}}
{"ts":"2026-09-14T13:43:46.954Z","level":"debug","scope":"sqlite","message":"query","meta":{"sql":"Executing (default): UPDATE customer_advance_applications SET financial_mode = 'PRE_ACCOUNTS'\n           WHERE financial_mode IS NULL AND shop_id = '4ea2c175-6d55-44b9-a140-aa84b43e8379' AND created_at < '2026-09-14T12:18:17.054Z'"}}
{"ts":"2026-09-14T13:43:46.955Z","level":"debug","scope":"sqlite","message":"query","meta":{"sql":"Executing (default): UPDATE customer_advance_applications SET financial_mode = 'LIVE'\n           WHERE financial_mode IS NULL AND shop_id = '4ea2c175-6d55-44b9-a140-aa84b43e8379' AND created_at >= '2026-09-14T12:18:17.054Z'"}}
{"ts":"2026-09-14T13:43:46.956Z","level":"debug","scope":"sqlite","message":"query","meta":{"sql":"Executing (default): SELECT name FROM sqlite_master WHERE type='table' AND name = 'quotations'"}}
{"ts":"2026-09-14T13:43:46.957Z","level":"debug","scope":"sqlite","message":"query","meta":{"sql":"Executing (default): PRAGMA table_info(\"quotations\")"}}
{"ts":"2026-09-14T13:43:46.958Z","level":"debug","scope":"sqlite","message":"query","meta":{"sql":"Executing (default): UPDATE quotations SET financial_mode = 'PRE_ACCOUNTS'\n           WHERE financial_mode IS NULL AND shop_id = '4ea2c175-6d55-44b9-a140-aa84b43e8379' AND created_at < '2026-09-14T12:18:17.054Z'"}}
{"ts":"2026-09-14T13:43:46.959Z","level":"debug","scope":"sqlite","message":"query","meta":{"sql":"Executing (default): UPDATE quotations SET financial_mode = 'LIVE'\n           WHERE financial_mode IS NULL AND shop_id = '4ea2c175-6d55-44b9-a140-aa84b43e8379' AND created_at >= '2026-09-14T12:18:17.054Z'"}}
{"ts":"2026-09-14T13:43:46.960Z","level":"debug","scope":"sqlite","message":"query","meta":{"sql":"Executing (default): SELECT name FROM sqlite_master WHERE type='table' AND name = 'credit_notes'"}}
{"ts":"2026-09-14T13:43:46.961Z","level":"debug","scope":"sqlite","message":"query","meta":{"sql":"Executing (default): PRAGMA table_info(\"credit_notes\")"}}
{"ts":"2026-09-14T13:43:46.962Z","level":"debug","scope":"sqlite","message":"query","meta":{"sql":"Executing (default): UPDATE credit_notes SET financial_mode = 'PRE_ACCOUNTS'\n           WHERE financial_mode IS NULL AND shop_id = '4ea2c175-6d55-44b9-a140-aa84b43e8379' AND created_at < '2026-09-14T12:18:17.054Z'"}}
{"ts":"2026-09-14T13:43:46.962Z","level":"debug","scope":"sqlite","message":"query","meta":{"sql":"Executing (default): UPDATE credit_notes SET financial_mode = 'LIVE'\n           WHERE financial_mode IS NULL AND shop_id = '4ea2c175-6d55-44b9-a140-aa84b43e8379' AND created_at >= '2026-09-14T12:18:17.054Z'"}}
{"ts":"2026-09-14T13:43:46.963Z","level":"debug","scope":"sqlite","message":"query","meta":{"sql":"Executing (default): SELECT name FROM sqlite_master WHERE type='table' AND name = 'old_gold_receipts'"}}
{"ts":"2026-09-14T13:43:46.964Z","level":"debug","scope":"sqlite","message":"query","meta":{"sql":"Executing (default): PRAGMA table_info(\"old_gold_receipts\")"}}
{"ts":"2026-09-14T13:43:46.965Z","level":"debug","scope":"sqlite","message":"query","meta":{"sql":"Executing (default): UPDATE old_gold_receipts SET financial_mode = 'PRE_ACCOUNTS'\n           WHERE financial_mode IS NULL AND shop_id = '4ea2c175-6d55-44b9-a140-aa84b43e8379' AND created_at < '2026-09-14T12:18:17.054Z'"}}
{"ts":"2026-09-14T13:43:46.966Z","level":"debug","scope":"sqlite","message":"query","meta":{"sql":"Executing (default): UPDATE old_gold_receipts SET financial_mode = 'LIVE'\n           WHERE financial_mode IS NULL AND shop_id = '4ea2c175-6d55-44b9-a140-aa84b43e8379' AND created_at >= '2026-09-14T12:18:17.054Z'"}}
{"ts":"2026-09-14T13:43:46.966Z","level":"debug","scope":"sqlite","message":"query","meta":{"sql":"Executing (default): SELECT name FROM sqlite_master WHERE type='table' AND name = 'cashbook_entries'"}}
{"ts":"2026-09-14T13:43:46.967Z","level":"debug","scope":"sqlite","message":"query","meta":{"sql":"Executing (default): PRAGMA table_info(\"cashbook_entries\")"}}
{"ts":"2026-09-14T13:43:46.968Z","level":"debug","scope":"sqlite","message":"query","meta":{"sql":"Executing (default): UPDATE cashbook_entries SET financial_mode = 'PRE_ACCOUNTS'\n           WHERE financial_mode IS NULL AND shop_id = '4ea2c175-6d55-44b9-a140-aa84b43e8379' AND created_at < '2026-09-14T12:18:17.054Z'"}}
{"ts":"2026-09-14T13:43:46.969Z","level":"debug","scope":"sqlite","message":"query","meta":{"sql":"Executing (default): UPDATE cashbook_entries SET financial_mode = 'LIVE'\n           WHERE financial_mode IS NULL AND shop_id = '4ea2c175-6d55-44b9-a140-aa84b43e8379' AND created_at >= '2026-09-14T12:18:17.054Z'"}}
{"ts":"2026-09-14T13:43:46.970Z","level":"debug","scope":"sqlite","message":"query","meta":{"sql":"Executing (default): SELECT name FROM sqlite_master WHERE type='table' AND name = 'schemes'"}}
{"ts":"2026-09-14T13:43:46.970Z","level":"debug","scope":"sqlite","message":"query","meta":{"sql":"Executing (default): PRAGMA table_info(\"schemes\")"}}
{"ts":"2026-09-14T13:43:46.971Z","level":"debug","scope":"sqlite","message":"query","meta":{"sql":"Executing (default): UPDATE schemes SET financial_mode = 'PRE_ACCOUNTS'\n           WHERE financial_mode IS NULL AND shop_id = '4ea2c175-6d55-44b9-a140-aa84b43e8379' AND created_at < '2026-09-14T12:18:17.054Z'"}}
{"ts":"2026-09-14T13:43:46.972Z","level":"debug","scope":"sqlite","message":"query","meta":{"sql":"Executing (default): UPDATE schemes SET financial_mode = 'LIVE'\n           WHERE financial_mode IS NULL AND shop_id = '4ea2c175-6d55-44b9-a140-aa84b43e8379' AND created_at >= '2026-09-14T12:18:17.054Z'"}}
{"ts":"2026-09-14T13:43:46.973Z","level":"debug","scope":"sqlite","message":"query","meta":{"sql":"Executing (default): SELECT name FROM sqlite_master WHERE type='table' AND name = 'orders'"}}
{"ts":"2026-09-14T13:43:46.974Z","level":"debug","scope":"sqlite","message":"query","meta":{"sql":"Executing (default): PRAGMA table_info(\"orders\")"}}
{"ts":"2026-09-14T13:43:46.975Z","level":"debug","scope":"sqlite","message":"query","meta":{"sql":"Executing (default): UPDATE orders SET financial_mode = 'PRE_ACCOUNTS'\n           WHERE financial_mode IS NULL AND shop_id = '4ea2c175-6d55-44b9-a140-aa84b43e8379' AND created_at < '2026-09-14T12:18:17.054Z'"}}
{"ts":"2026-09-14T13:43:46.976Z","level":"debug","scope":"sqlite","message":"query","meta":{"sql":"Executing (default): UPDATE orders SET financial_mode = 'LIVE'\n           WHERE financial_mode IS NULL AND shop_id = '4ea2c175-6d55-44b9-a140-aa84b43e8379' AND created_at >= '2026-09-14T12:18:17.054Z'"}}
{"ts":"2026-09-14T13:43:46.976Z","level":"info","scope":"accounts","message":"financial mode backfill","meta":{"shops":2,"notes":[]}}
{"ts":"2026-09-14T13:43:46.978Z","level":"debug","scope":"sqlite","message":"query","meta":{"sql":"Executing (default): SELECT `id`, `shop_id`, `device_name`, `device_identifier`, `device_number`, `role`, `status`, `last_seen_at`, `meta`, `created_at` AS `createdAt`, `updated_at` AS `updatedAt` FROM `devices` AS `Device` WHERE `Device`.`shop_id` = '4045a134-66e1-44a2-92fd-d5b92b21aca9' AND `Device`.`device_identifier` = 'cd70f896-48e5-4457-97e6-b54399cb27c5' LIMIT 1;"}}
{"ts":"2026-09-14T13:43:46.981Z","level":"debug","scope":"sqlite","message":"query","meta":{"sql":"Executing (default): UPDATE `devices` SET `last_seen_at`=$1,`updated_at`=$2 WHERE `id` = $3"}}
{"ts":"2026-09-14T13:43:46.985Z","level":"debug","scope":"sqlite","message":"query","meta":{"sql":"Executing (default): SELECT `id`, `shop_id`, `device_name`, `device_identifier`, `device_number`, `role`, `status`, `last_seen_at`, `meta`, `created_at` AS `createdAt`, `updated_at` AS `updatedAt` FROM `devices` AS `Device` WHERE `Device`.`shop_id` = '4045a134-66e1-44a2-92fd-d5b92b21aca9';"}}
{"ts":"2026-09-14T13:43:46.987Z","level":"debug","scope":"sqlite","message":"query","meta":{"sql":"Executing (default): SELECT `id`, `shop_id`, `node_id`, `host_id`, `host_term`, `role`, `event_watermark`, `fenced`, `fenced_reason`, `meta`, `created_at` AS `createdAt`, `updated_at` AS `updatedAt` FROM `cluster_state` AS `ClusterState` WHERE `ClusterState`.`shop_id` = '4045a134-66e1-44a2-92fd-d5b92b21aca9';"}}
{"ts":"2026-09-14T13:43:46.990Z","level":"info","scope":"boot","message":"API ready","meta":{"url":"http://0.0.0.0:8080","mode":"branch","mtls":false}}
{"ts":"2026-09-14T13:43:46.991Z","level":"info","scope":"boot","message":"Branch Service ready — local SQLite / LAN only"}
{"ts":"2026-09-14T13:43:46.994Z","level":"debug","scope":"sqlite","message":"query","meta":{"sql":"Executing (default): SELECT `id`, `key`, `value`, `shop_id`, `version`, `deleted_at`, `origin_device_id`, `created_at` AS `createdAt`, `updated_at` AS `updatedAt` FROM `settings` AS `Setting` WHERE `Setting`.`key` = 'gold_rate';"}}
{"ts":"2026-09-14T13:43:46.995Z","level":"debug","scope":"sqlite","message":"query","meta":{"sql":"Executing (default): SELECT `id`, `name`, `code`, `gstin`, `phone`, `email`, `address`, `invoice_prefix`, `status`, `settings`, `created_at` AS `createdAt`, `updated_at` AS `updatedAt` FROM `shops` AS `Shop` WHERE `Shop`.`id` = '4045a134-66e1-44a2-92fd-d5b92b21aca9';"}}
{"ts":"2026-09-14T13:43:46.998Z","level":"debug","scope":"sqlite","message":"query","meta":{"sql":"Executing (default): SELECT `key`, `value`, `updated_at` FROM `schema_meta` AS `SchemaMeta` WHERE `SchemaMeta`.`key` = 'schema_version';"}}
{"ts":"2026-09-14T13:43:47.000Z","level":"debug","scope":"sqlite","message":"query","meta":{"sql":"Executing (default): SELECT `id`, `shop_id`, `device_name`, `device_identifier`, `device_number`, `role`, `status`, `last_seen_at`, `meta`, `created_at` AS `createdAt`, `updated_at` AS `updatedAt` FROM `devices` AS `Device` WHERE `Device`.`shop_id` = '4045a134-66e1-44a2-92fd-d5b92b21aca9';"}}
{"ts":"2026-09-14T16:10:04.790Z","level":"info","scope":"sqlite","message":"opening database","meta":{"storage":"C:/Users/Lokesh Malla/AppData/Roaming/jewellery-crm-desktop/data/jewellery-crm.sqlite","electron":true}}
{"ts":"2026-09-14T16:10:04.972Z","level":"debug","scope":"sqlite","message":"query","meta":{"sql":"Executing (default): SELECT `created_at`, `subtotal`, `gst_amount` FROM `invoices` AS `Invoice` LIMIT 1;"}}
{"ts":"2026-09-14T16:10:18.966Z","level":"info","scope":"sqlite","message":"opening database","meta":{"storage":"C:/Users/Lokesh Malla/AppData/Roaming/jewellery-crm-desktop/data/jewellery-crm.sqlite","electron":true}}
{"ts":"2026-09-14T16:10:19.158Z","level":"debug","scope":"sqlite","message":"query","meta":{"sql":"Executing (default): SELECT `created_at`, `subtotal`, `gst_amount` FROM `invoices` AS `Invoice` LIMIT 1;"}}
{"ts":"2026-09-14T17:26:10.210Z","level":"info","scope":"sqlite","message":"opening database","meta":{"storage":"C:/Users/Lokesh Malla/AppData/Roaming/jewellery-crm-desktop/data/jewellery-crm.sqlite","electron":true}}
{"ts":"2026-09-14T17:26:10.444Z","level":"debug","scope":"sqlite","message":"query","meta":{"sql":"Executing (default): SELECT `invoice_no`, `business_date` FROM `invoices` AS `Invoice`;"}}
{"ts":"2026-09-14T17:27:11.294Z","level":"info","scope":"sqlite","message":"opening database","meta":{"storage":"C:/Users/Lokesh Malla/AppData/Roaming/jewellery-crm-desktop/data/jewellery-crm.sqlite","electron":true}}
{"ts":"2026-09-14T17:27:11.504Z","level":"debug","scope":"sqlite","message":"query","meta":{"sql":"Executing (default): SELECT `invoice_no`, `business_date`, `created_at` AS `createdAt`, `status`, `is_hidden`, `subtotal`, `grand_total` FROM `invoices` AS `Invoice`;"}}
{"ts":"2026-09-14T17:29:36.242Z","level":"info","scope":"sqlite","message":"opening database","meta":{"storage":"C:/Users/Lokesh Malla/AppData/Roaming/jewellery-crm-desktop/data/jewellery-crm.sqlite","electron":true}}
{"ts":"2026-09-14T17:29:36.447Z","level":"debug","scope":"sqlite","message":"query","meta":{"sql":"Executing (default): SELECT `invoice_no`, `business_date` FROM `invoices` AS `Invoice` WHERE ((`Invoice`.`business_date` >= '2026-09-12' AND `Invoice`.`business_date` <= '2026-09-12') OR (`Invoice`.`business_date` IS NULL AND (`Invoice`.`created_at` >= '2026-09-12 00:00:00.000 +00:00' AND `Invoice`.`created_at` <= '2026-09-12 18:29:59.999 +00:00')));"}}
