{"ts":"2026-09-28T04:42:17.513Z","level":"info","scope":"sqlite","message":"opening database","meta":{"storage":"C:/Users/Lokesh Malla/AppData/Roaming/jewellery-crm-desktop/data/jewellery-crm.sqlite","electron":true}}
{"ts":"2026-09-28T04:42:21.510Z","level":"info","scope":"sqlite","message":"opening database","meta":{"storage":"C:/Users/Lokesh Malla/AppData/Roaming/jewellery-crm-desktop/data/jewellery-crm.sqlite","electron":true}}
{"ts":"2026-09-28T04:47:29.465Z","level":"info","scope":"sqlite","message":"opening database","meta":{"storage":"C:/Users/Lokesh Malla/AppData/Roaming/jewellery-crm-desktop/data/jewellery-crm.sqlite","electron":true}}
{"ts":"2026-09-28T04:47:35.981Z","level":"info","scope":"boot","message":"starting branch service","meta":{"app_mode":"branch","schema_version":14,"sqlite":true,"log_dir":"E:\\SRLJ ERP\\SRLJ_ERP\\SLGT JEWEL ERP\\backend\\logs"}}
{"ts":"2026-09-28T04:47:35.983Z","level":"info","scope":"boot","message":"branch identity","meta":{"device":"cd70f896-48e5-4457-97e6-b54399cb27c5","role":"active_host"}}
{"ts":"2026-09-28T04:47:35.985Z","level":"info","scope":"sqlite","message":"authenticating connection"}
{"ts":"2026-09-28T04:47:36.005Z","level":"info","scope":"boot","message":"API listening","meta":{"url":"http://0.0.0.0:8080","mode":"starting","mtls":false,"log_dir":"E:\\SRLJ ERP\\SRLJ_ERP\\SLGT JEWEL ERP\\backend\\logs"}}
{"ts":"2026-09-28T04:47:36.011Z","level":"debug","scope":"sqlite","message":"query","meta":{"sql":"Executing (default): SELECT 1+1 AS result"}}
{"ts":"2026-09-28T04:47:36.055Z","level":"info","scope":"sqlite","message":"database connected ok"}
{"ts":"2026-09-28T04:47:36.061Z","level":"debug","scope":"sqlite","message":"query","meta":{"sql":"Executing (default): SELECT name FROM sqlite_master WHERE type='table' AND name = 'audit_events'"}}
{"ts":"2026-09-28T04:47:36.063Z","level":"debug","scope":"sqlite","message":"query","meta":{"sql":"Executing (default): PRAGMA table_info(\"audit_events\")"}}
{"ts":"2026-09-28T04:47:36.066Z","level":"debug","scope":"sqlite","message":"query","meta":{"sql":"Executing (default): SELECT name FROM sqlite_master WHERE type='table' AND name = 'event_log'"}}
{"ts":"2026-09-28T04:47:36.071Z","level":"debug","scope":"sqlite","message":"query","meta":{"sql":"Executing (default): PRAGMA table_info(\"event_log\")"}}
{"ts":"2026-09-28T04:47:36.072Z","level":"debug","scope":"sqlite","message":"query","meta":{"sql":"Executing (default): SELECT name FROM sqlite_master WHERE type='table' AND name = 'cluster_state'"}}
{"ts":"2026-09-28T04:47:36.073Z","level":"debug","scope":"sqlite","message":"query","meta":{"sql":"Executing (default): PRAGMA table_info(\"cluster_state\")"}}
{"ts":"2026-09-28T04:47:36.074Z","level":"debug","scope":"sqlite","message":"query","meta":{"sql":"Executing (default): SELECT name FROM sqlite_master WHERE type='table' AND name = 'replica_acks'"}}
{"ts":"2026-09-28T04:47:36.075Z","level":"debug","scope":"sqlite","message":"query","meta":{"sql":"Executing (default): PRAGMA table_info(\"replica_acks\")"}}
{"ts":"2026-09-28T04:47:36.077Z","level":"debug","scope":"sqlite","message":"query","meta":{"sql":"Executing (default): SELECT name FROM sqlite_master WHERE type='table' AND name = 'operation_ledger'"}}
{"ts":"2026-09-28T04:47:36.078Z","level":"debug","scope":"sqlite","message":"query","meta":{"sql":"Executing (default): PRAGMA table_info(\"operation_ledger\")"}}
{"ts":"2026-09-28T04:47:36.081Z","level":"debug","scope":"sqlite","message":"query","meta":{"sql":"Executing (default): SELECT name FROM sqlite_master WHERE type='table' AND name = 'attributes'"}}
{"ts":"2026-09-28T04:47:36.083Z","level":"debug","scope":"sqlite","message":"query","meta":{"sql":"Executing (default): PRAGMA table_info(\"attributes\")"}}
{"ts":"2026-09-28T04:47:36.086Z","level":"debug","scope":"sqlite","message":"query","meta":{"sql":"Executing (default): SELECT name FROM sqlite_master WHERE type='table' AND name = 'audit_events'"}}
{"ts":"2026-09-28T04:47:36.088Z","level":"debug","scope":"sqlite","message":"query","meta":{"sql":"Executing (default): PRAGMA table_info(\"audit_events\")"}}
{"ts":"2026-09-28T04:47:36.089Z","level":"debug","scope":"sqlite","message":"query","meta":{"sql":"Executing (default): SELECT name FROM sqlite_master WHERE type='table' AND name = 'bank_accounts'"}}
{"ts":"2026-09-28T04:47:36.090Z","level":"debug","scope":"sqlite","message":"query","meta":{"sql":"Executing (default): PRAGMA table_info(\"bank_accounts\")"}}
{"ts":"2026-09-28T04:47:36.092Z","level":"debug","scope":"sqlite","message":"query","meta":{"sql":"Executing (default): SELECT name FROM sqlite_master WHERE type='table' AND name = 'bank_reconciliation_items'"}}
{"ts":"2026-09-28T04:47:36.093Z","level":"debug","scope":"sqlite","message":"query","meta":{"sql":"Executing (default): PRAGMA table_info(\"bank_reconciliation_items\")"}}
{"ts":"2026-09-28T04:47:36.094Z","level":"debug","scope":"sqlite","message":"query","meta":{"sql":"Executing (default): SELECT name FROM sqlite_master WHERE type='table' AND name = 'barcode_sequences'"}}
{"ts":"2026-09-28T04:47:36.095Z","level":"debug","scope":"sqlite","message":"query","meta":{"sql":"Executing (default): PRAGMA table_info(\"barcode_sequences\")"}}
{"ts":"2026-09-28T04:47:36.096Z","level":"debug","scope":"sqlite","message":"query","meta":{"sql":"Executing (default): SELECT name FROM sqlite_master WHERE type='table' AND name = 'barcode_stock_check_scans'"}}
{"ts":"2026-09-28T04:47:36.097Z","level":"debug","scope":"sqlite","message":"query","meta":{"sql":"Executing (default): PRAGMA table_info(\"barcode_stock_check_scans\")"}}
{"ts":"2026-09-28T04:47:36.099Z","level":"debug","scope":"sqlite","message":"query","meta":{"sql":"Executing (default): SELECT name FROM sqlite_master WHERE type='table' AND name = 'barcode_stock_check_sessions'"}}
{"ts":"2026-09-28T04:47:36.100Z","level":"debug","scope":"sqlite","message":"query","meta":{"sql":"Executing (default): PRAGMA table_info(\"barcode_stock_check_sessions\")"}}
{"ts":"2026-09-28T04:47:36.102Z","level":"debug","scope":"sqlite","message":"query","meta":{"sql":"Executing (default): SELECT name FROM sqlite_master WHERE type='table' AND name = 'barcode_templates'"}}
{"ts":"2026-09-28T04:47:36.103Z","level":"debug","scope":"sqlite","message":"query","meta":{"sql":"Executing (default): PRAGMA table_info(\"barcode_templates\")"}}
{"ts":"2026-09-28T04:47:36.104Z","level":"debug","scope":"sqlite","message":"query","meta":{"sql":"Executing (default): SELECT name FROM sqlite_master WHERE type='table' AND name = 'billing_rate_events'"}}
{"ts":"2026-09-28T04:47:36.105Z","level":"debug","scope":"sqlite","message":"query","meta":{"sql":"Executing (default): PRAGMA table_info(\"billing_rate_events\")"}}
{"ts":"2026-09-28T04:47:36.106Z","level":"debug","scope":"sqlite","message":"query","meta":{"sql":"Executing (default): SELECT name FROM sqlite_master WHERE type='table' AND name = 'campaigns'"}}
{"ts":"2026-09-28T04:47:36.107Z","level":"debug","scope":"sqlite","message":"query","meta":{"sql":"Executing (default): PRAGMA table_info(\"campaigns\")"}}
{"ts":"2026-09-28T04:47:36.109Z","level":"debug","scope":"sqlite","message":"query","meta":{"sql":"Executing (default): SELECT name FROM sqlite_master WHERE type='table' AND name = 'campaign_messages'"}}
{"ts":"2026-09-28T04:47:36.110Z","level":"debug","scope":"sqlite","message":"query","meta":{"sql":"Executing (default): PRAGMA table_info(\"campaign_messages\")"}}
{"ts":"2026-09-28T04:47:36.111Z","level":"debug","scope":"sqlite","message":"query","meta":{"sql":"Executing (default): SELECT name FROM sqlite_master WHERE type='table' AND name = 'cashbook_entries'"}}
{"ts":"2026-09-28T04:47:36.113Z","level":"debug","scope":"sqlite","message":"query","meta":{"sql":"Executing (default): PRAGMA table_info(\"cashbook_entries\")"}}
{"ts":"2026-09-28T04:47:36.114Z","level":"debug","scope":"sqlite","message":"query","meta":{"sql":"Executing (default): SELECT name FROM sqlite_master WHERE type='table' AND name = 'catalog_items'"}}
{"ts":"2026-09-28T04:47:36.115Z","level":"debug","scope":"sqlite","message":"query","meta":{"sql":"Executing (default): PRAGMA table_info(\"catalog_items\")"}}
{"ts":"2026-09-28T04:47:36.118Z","level":"debug","scope":"sqlite","message":"query","meta":{"sql":"Executing (default): SELECT name FROM sqlite_master WHERE type='table' AND name = 'categories'"}}
{"ts":"2026-09-28T04:47:36.120Z","level":"debug","scope":"sqlite","message":"query","meta":{"sql":"Executing (default): PRAGMA table_info(\"categories\")"}}
{"ts":"2026-09-28T04:47:36.121Z","level":"debug","scope":"sqlite","message":"query","meta":{"sql":"Executing (default): SELECT name FROM sqlite_master WHERE type='table' AND name = 'chart_of_accounts'"}}
{"ts":"2026-09-28T04:47:36.123Z","level":"debug","scope":"sqlite","message":"query","meta":{"sql":"Executing (default): PRAGMA table_info(\"chart_of_accounts\")"}}
{"ts":"2026-09-28T04:47:36.124Z","level":"debug","scope":"sqlite","message":"query","meta":{"sql":"Executing (default): SELECT name FROM sqlite_master WHERE type='table' AND name = 'cluster_state'"}}
{"ts":"2026-09-28T04:47:36.125Z","level":"debug","scope":"sqlite","message":"query","meta":{"sql":"Executing (default): PRAGMA table_info(\"cluster_state\")"}}
{"ts":"2026-09-28T04:47:36.126Z","level":"debug","scope":"sqlite","message":"query","meta":{"sql":"Executing (default): SELECT name FROM sqlite_master WHERE type='table' AND name = 'credit_notes'"}}
{"ts":"2026-09-28T04:47:36.127Z","level":"debug","scope":"sqlite","message":"query","meta":{"sql":"Executing (default): PRAGMA table_info(\"credit_notes\")"}}
{"ts":"2026-09-28T04:47:36.128Z","level":"debug","scope":"sqlite","message":"query","meta":{"sql":"Executing (default): SELECT name FROM sqlite_master WHERE type='table' AND name = 'customers'"}}
{"ts":"2026-09-28T04:47:36.129Z","level":"debug","scope":"sqlite","message":"query","meta":{"sql":"Executing (default): PRAGMA table_info(\"customers\")"}}
{"ts":"2026-09-28T04:47:36.130Z","level":"debug","scope":"sqlite","message":"query","meta":{"sql":"Executing (default): SELECT name FROM sqlite_master WHERE type='table' AND name = 'customer_advances'"}}
{"ts":"2026-09-28T04:47:36.132Z","level":"debug","scope":"sqlite","message":"query","meta":{"sql":"Executing (default): PRAGMA table_info(\"customer_advances\")"}}
{"ts":"2026-09-28T04:47:36.134Z","level":"debug","scope":"sqlite","message":"query","meta":{"sql":"Executing (default): SELECT name FROM sqlite_master WHERE type='table' AND name = 'customer_advance_applications'"}}
{"ts":"2026-09-28T04:47:36.135Z","level":"debug","scope":"sqlite","message":"query","meta":{"sql":"Executing (default): PRAGMA table_info(\"customer_advance_applications\")"}}
{"ts":"2026-09-28T04:47:36.137Z","level":"debug","scope":"sqlite","message":"query","meta":{"sql":"Executing (default): SELECT name FROM sqlite_master WHERE type='table' AND name = 'daily_closings'"}}
{"ts":"2026-09-28T04:47:36.138Z","level":"debug","scope":"sqlite","message":"query","meta":{"sql":"Executing (default): PRAGMA table_info(\"daily_closings\")"}}
{"ts":"2026-09-28T04:47:36.139Z","level":"debug","scope":"sqlite","message":"query","meta":{"sql":"Executing (default): SELECT name FROM sqlite_master WHERE type='table' AND name = 'devices'"}}
{"ts":"2026-09-28T04:47:36.141Z","level":"debug","scope":"sqlite","message":"query","meta":{"sql":"Executing (default): PRAGMA table_info(\"devices\")"}}
{"ts":"2026-09-28T04:47:36.142Z","level":"debug","scope":"sqlite","message":"query","meta":{"sql":"Executing (default): SELECT name FROM sqlite_master WHERE type='table' AND name = 'draft_sales'"}}
{"ts":"2026-09-28T04:47:36.143Z","level":"debug","scope":"sqlite","message":"query","meta":{"sql":"Executing (default): PRAGMA table_info(\"draft_sales\")"}}
{"ts":"2026-09-28T04:47:36.145Z","level":"debug","scope":"sqlite","message":"query","meta":{"sql":"Executing (default): SELECT name FROM sqlite_master WHERE type='table' AND name = 'employees'"}}
{"ts":"2026-09-28T04:47:36.146Z","level":"debug","scope":"sqlite","message":"query","meta":{"sql":"Executing (default): PRAGMA table_info(\"employees\")"}}
{"ts":"2026-09-28T04:47:36.148Z","level":"debug","scope":"sqlite","message":"query","meta":{"sql":"Executing (default): SELECT name FROM sqlite_master WHERE type='table' AND name = 'event_log'"}}
{"ts":"2026-09-28T04:47:36.150Z","level":"debug","scope":"sqlite","message":"query","meta":{"sql":"Executing (default): PRAGMA table_info(\"event_log\")"}}
{"ts":"2026-09-28T04:47:36.153Z","level":"debug","scope":"sqlite","message":"query","meta":{"sql":"Executing (default): SELECT name FROM sqlite_master WHERE type='table' AND name = 'expenses'"}}
{"ts":"2026-09-28T04:47:36.154Z","level":"debug","scope":"sqlite","message":"query","meta":{"sql":"Executing (default): PRAGMA table_info(\"expenses\")"}}
{"ts":"2026-09-28T04:47:36.156Z","level":"debug","scope":"sqlite","message":"query","meta":{"sql":"Executing (default): SELECT name FROM sqlite_master WHERE type='table' AND name = 'expense_categories'"}}
{"ts":"2026-09-28T04:47:36.157Z","level":"debug","scope":"sqlite","message":"query","meta":{"sql":"Executing (default): PRAGMA table_info(\"expense_categories\")"}}
{"ts":"2026-09-28T04:47:36.158Z","level":"debug","scope":"sqlite","message":"query","meta":{"sql":"Executing (default): SELECT name FROM sqlite_master WHERE type='table' AND name = 'financial_years'"}}
{"ts":"2026-09-28T04:47:36.159Z","level":"debug","scope":"sqlite","message":"query","meta":{"sql":"Executing (default): PRAGMA table_info(\"financial_years\")"}}
{"ts":"2026-09-28T04:47:36.161Z","level":"debug","scope":"sqlite","message":"query","meta":{"sql":"Executing (default): SELECT name FROM sqlite_master WHERE type='table' AND name = 'gold_rate_history'"}}
{"ts":"2026-09-28T04:47:36.163Z","level":"debug","scope":"sqlite","message":"query","meta":{"sql":"Executing (default): PRAGMA table_info(\"gold_rate_history\")"}}
{"ts":"2026-09-28T04:47:36.164Z","level":"debug","scope":"sqlite","message":"query","meta":{"sql":"Executing (default): SELECT name FROM sqlite_master WHERE type='table' AND name = 'hsn_codes'"}}
{"ts":"2026-09-28T04:47:36.165Z","level":"debug","scope":"sqlite","message":"query","meta":{"sql":"Executing (default): PRAGMA table_info(\"hsn_codes\")"}}
{"ts":"2026-09-28T04:47:36.168Z","level":"debug","scope":"sqlite","message":"query","meta":{"sql":"Executing (default): SELECT name FROM sqlite_master WHERE type='table' AND name = 'incomes'"}}
{"ts":"2026-09-28T04:47:36.170Z","level":"debug","scope":"sqlite","message":"query","meta":{"sql":"Executing (default): PRAGMA table_info(\"incomes\")"}}
{"ts":"2026-09-28T04:47:36.172Z","level":"debug","scope":"sqlite","message":"query","meta":{"sql":"Executing (default): SELECT name FROM sqlite_master WHERE type='table' AND name = 'inventory_adjustments'"}}
{"ts":"2026-09-28T04:47:36.173Z","level":"debug","scope":"sqlite","message":"query","meta":{"sql":"Executing (default): PRAGMA table_info(\"inventory_adjustments\")"}}
{"ts":"2026-09-28T04:47:36.175Z","level":"debug","scope":"sqlite","message":"query","meta":{"sql":"Executing (default): SELECT name FROM sqlite_master WHERE type='table' AND name = 'inventory_movements'"}}
{"ts":"2026-09-28T04:47:36.176Z","level":"debug","scope":"sqlite","message":"query","meta":{"sql":"Executing (default): PRAGMA table_info(\"inventory_movements\")"}}
{"ts":"2026-09-28T04:47:36.177Z","level":"debug","scope":"sqlite","message":"query","meta":{"sql":"Executing (default): SELECT name FROM sqlite_master WHERE type='table' AND name = 'invoices'"}}
{"ts":"2026-09-28T04:47:36.179Z","level":"debug","scope":"sqlite","message":"query","meta":{"sql":"Executing (default): PRAGMA table_info(\"invoices\")"}}
{"ts":"2026-09-28T04:47:36.181Z","level":"debug","scope":"sqlite","message":"query","meta":{"sql":"Executing (default): SELECT name FROM sqlite_master WHERE type='table' AND name = 'invoice_items'"}}
{"ts":"2026-09-28T04:47:36.182Z","level":"debug","scope":"sqlite","message":"query","meta":{"sql":"Executing (default): PRAGMA table_info(\"invoice_items\")"}}
{"ts":"2026-09-28T04:47:36.185Z","level":"debug","scope":"sqlite","message":"query","meta":{"sql":"Executing (default): SELECT name FROM sqlite_master WHERE type='table' AND name = 'invoice_sequences'"}}
{"ts":"2026-09-28T04:47:36.186Z","level":"debug","scope":"sqlite","message":"query","meta":{"sql":"Executing (default): PRAGMA table_info(\"invoice_sequences\")"}}
{"ts":"2026-09-28T04:47:36.188Z","level":"debug","scope":"sqlite","message":"query","meta":{"sql":"Executing (default): SELECT name FROM sqlite_master WHERE type='table' AND name = 'journal_entries'"}}
{"ts":"2026-09-28T04:47:36.189Z","level":"debug","scope":"sqlite","message":"query","meta":{"sql":"Executing (default): PRAGMA table_info(\"journal_entries\")"}}
{"ts":"2026-09-28T04:47:36.191Z","level":"debug","scope":"sqlite","message":"query","meta":{"sql":"Executing (default): SELECT name FROM sqlite_master WHERE type='table' AND name = 'journal_lines'"}}
{"ts":"2026-09-28T04:47:36.193Z","level":"debug","scope":"sqlite","message":"query","meta":{"sql":"Executing (default): PRAGMA table_info(\"journal_lines\")"}}
{"ts":"2026-09-28T04:47:36.194Z","level":"debug","scope":"sqlite","message":"query","meta":{"sql":"Executing (default): SELECT name FROM sqlite_master WHERE type='table' AND name = 'metal_issues'"}}
{"ts":"2026-09-28T04:47:36.195Z","level":"debug","scope":"sqlite","message":"query","meta":{"sql":"Executing (default): PRAGMA table_info(\"metal_issues\")"}}
{"ts":"2026-09-28T04:47:36.196Z","level":"debug","scope":"sqlite","message":"query","meta":{"sql":"Executing (default): SELECT name FROM sqlite_master WHERE type='table' AND name = 'notifications'"}}
{"ts":"2026-09-28T04:47:36.197Z","level":"debug","scope":"sqlite","message":"query","meta":{"sql":"Executing (default): PRAGMA table_info(\"notifications\")"}}
{"ts":"2026-09-28T04:47:36.201Z","level":"debug","scope":"sqlite","message":"query","meta":{"sql":"Executing (default): SELECT name FROM sqlite_master WHERE type='table' AND name = 'old_gold_receipts'"}}
{"ts":"2026-09-28T04:47:36.202Z","level":"debug","scope":"sqlite","message":"query","meta":{"sql":"Executing (default): PRAGMA table_info(\"old_gold_receipts\")"}}
{"ts":"2026-09-28T04:47:36.204Z","level":"debug","scope":"sqlite","message":"query","meta":{"sql":"Executing (default): SELECT name FROM sqlite_master WHERE type='table' AND name = 'old_gold_sales'"}}
{"ts":"2026-09-28T04:47:36.206Z","level":"debug","scope":"sqlite","message":"query","meta":{"sql":"Executing (default): PRAGMA table_info(\"old_gold_sales\")"}}
{"ts":"2026-09-28T04:47:36.208Z","level":"debug","scope":"sqlite","message":"query","meta":{"sql":"Executing (default): SELECT name FROM sqlite_master WHERE type='table' AND name = 'operation_ledger'"}}
{"ts":"2026-09-28T04:47:36.210Z","level":"debug","scope":"sqlite","message":"query","meta":{"sql":"Executing (default): PRAGMA table_info(\"operation_ledger\")"}}
{"ts":"2026-09-28T04:47:36.211Z","level":"debug","scope":"sqlite","message":"query","meta":{"sql":"Executing (default): SELECT name FROM sqlite_master WHERE type='table' AND name = 'orders'"}}
{"ts":"2026-09-28T04:47:36.212Z","level":"debug","scope":"sqlite","message":"query","meta":{"sql":"Executing (default): PRAGMA table_info(\"orders\")"}}
{"ts":"2026-09-28T04:47:36.214Z","level":"debug","scope":"sqlite","message":"query","meta":{"sql":"Executing (default): SELECT name FROM sqlite_master WHERE type='table' AND name = 'payments'"}}
{"ts":"2026-09-28T04:47:36.215Z","level":"debug","scope":"sqlite","message":"query","meta":{"sql":"Executing (default): PRAGMA table_info(\"payments\")"}}
{"ts":"2026-09-28T04:47:36.219Z","level":"debug","scope":"sqlite","message":"query","meta":{"sql":"Executing (default): SELECT name FROM sqlite_master WHERE type='table' AND name = 'products'"}}
{"ts":"2026-09-28T04:47:36.221Z","level":"debug","scope":"sqlite","message":"query","meta":{"sql":"Executing (default): PRAGMA table_info(\"products\")"}}
{"ts":"2026-09-28T04:47:36.223Z","level":"debug","scope":"sqlite","message":"query","meta":{"sql":"Executing (default): SELECT name FROM sqlite_master WHERE type='table' AND name = 'product_status_history'"}}
{"ts":"2026-09-28T04:47:36.224Z","level":"debug","scope":"sqlite","message":"query","meta":{"sql":"Executing (default): PRAGMA table_info(\"product_status_history\")"}}
{"ts":"2026-09-28T04:47:36.226Z","level":"debug","scope":"sqlite","message":"query","meta":{"sql":"Executing (default): SELECT name FROM sqlite_master WHERE type='table' AND name = 'purchases'"}}
{"ts":"2026-09-28T04:47:36.227Z","level":"debug","scope":"sqlite","message":"query","meta":{"sql":"Executing (default): PRAGMA table_info(\"purchases\")"}}
{"ts":"2026-09-28T04:47:36.229Z","level":"debug","scope":"sqlite","message":"query","meta":{"sql":"Executing (default): SELECT name FROM sqlite_master WHERE type='table' AND name = 'purchase_items'"}}
{"ts":"2026-09-28T04:47:36.230Z","level":"debug","scope":"sqlite","message":"query","meta":{"sql":"Executing (default): PRAGMA table_info(\"purchase_items\")"}}
{"ts":"2026-09-28T04:47:36.231Z","level":"debug","scope":"sqlite","message":"query","meta":{"sql":"Executing (default): SELECT name FROM sqlite_master WHERE type='table' AND name = 'pure_products'"}}
{"ts":"2026-09-28T04:47:36.233Z","level":"debug","scope":"sqlite","message":"query","meta":{"sql":"Executing (default): PRAGMA table_info(\"pure_products\")"}}
{"ts":"2026-09-28T04:47:36.237Z","level":"debug","scope":"sqlite","message":"query","meta":{"sql":"Executing (default): SELECT name FROM sqlite_master WHERE type='table' AND name = 'quotations'"}}
{"ts":"2026-09-28T04:47:36.238Z","level":"debug","scope":"sqlite","message":"query","meta":{"sql":"Executing (default): PRAGMA table_info(\"quotations\")"}}
{"ts":"2026-09-28T04:47:36.240Z","level":"debug","scope":"sqlite","message":"query","meta":{"sql":"Executing (default): SELECT name FROM sqlite_master WHERE type='table' AND name = 'replica_acks'"}}
{"ts":"2026-09-28T04:47:36.241Z","level":"debug","scope":"sqlite","message":"query","meta":{"sql":"Executing (default): PRAGMA table_info(\"replica_acks\")"}}
{"ts":"2026-09-28T04:47:36.243Z","level":"debug","scope":"sqlite","message":"query","meta":{"sql":"Executing (default): SELECT name FROM sqlite_master WHERE type='table' AND name = 'sale_authorities'"}}
{"ts":"2026-09-28T04:47:36.244Z","level":"debug","scope":"sqlite","message":"query","meta":{"sql":"Executing (default): PRAGMA table_info(\"sale_authorities\")"}}
{"ts":"2026-09-28T04:47:36.246Z","level":"debug","scope":"sqlite","message":"query","meta":{"sql":"Executing (default): SELECT name FROM sqlite_master WHERE type='table' AND name = 'schema_meta'"}}
{"ts":"2026-09-28T04:47:36.247Z","level":"debug","scope":"sqlite","message":"query","meta":{"sql":"Executing (default): PRAGMA table_info(\"schema_meta\")"}}
{"ts":"2026-09-28T04:47:36.254Z","level":"debug","scope":"sqlite","message":"query","meta":{"sql":"Executing (default): SELECT name FROM sqlite_master WHERE type='table' AND name = 'schemes'"}}
{"ts":"2026-09-28T04:47:36.255Z","level":"debug","scope":"sqlite","message":"query","meta":{"sql":"Executing (default): PRAGMA table_info(\"schemes\")"}}
{"ts":"2026-09-28T04:47:36.257Z","level":"debug","scope":"sqlite","message":"query","meta":{"sql":"Executing (default): SELECT name FROM sqlite_master WHERE type='table' AND name = 'scheme_plans'"}}
{"ts":"2026-09-28T04:47:36.259Z","level":"debug","scope":"sqlite","message":"query","meta":{"sql":"Executing (default): PRAGMA table_info(\"scheme_plans\")"}}
{"ts":"2026-09-28T04:47:36.260Z","level":"debug","scope":"sqlite","message":"query","meta":{"sql":"Executing (default): SELECT name FROM sqlite_master WHERE type='table' AND name = 'settings'"}}
{"ts":"2026-09-28T04:47:36.261Z","level":"debug","scope":"sqlite","message":"query","meta":{"sql":"Executing (default): PRAGMA table_info(\"settings\")"}}
{"ts":"2026-09-28T04:47:36.263Z","level":"debug","scope":"sqlite","message":"query","meta":{"sql":"Executing (default): SELECT name FROM sqlite_master WHERE type='table' AND name = 'shops'"}}
{"ts":"2026-09-28T04:47:36.264Z","level":"debug","scope":"sqlite","message":"query","meta":{"sql":"Executing (default): PRAGMA table_info(\"shops\")"}}
{"ts":"2026-09-28T04:47:36.265Z","level":"debug","scope":"sqlite","message":"query","meta":{"sql":"Executing (default): SELECT name FROM sqlite_master WHERE type='table' AND name = 'shop_counters'"}}
{"ts":"2026-09-28T04:47:36.267Z","level":"debug","scope":"sqlite","message":"query","meta":{"sql":"Executing (default): PRAGMA table_info(\"shop_counters\")"}}
{"ts":"2026-09-28T04:47:36.269Z","level":"debug","scope":"sqlite","message":"query","meta":{"sql":"Executing (default): SELECT name FROM sqlite_master WHERE type='table' AND name = 'stock_history'"}}
{"ts":"2026-09-28T04:47:36.271Z","level":"debug","scope":"sqlite","message":"query","meta":{"sql":"Executing (default): PRAGMA table_info(\"stock_history\")"}}
{"ts":"2026-09-28T04:47:36.272Z","level":"debug","scope":"sqlite","message":"query","meta":{"sql":"Executing (default): SELECT name FROM sqlite_master WHERE type='table' AND name = 'users'"}}
{"ts":"2026-09-28T04:47:36.273Z","level":"debug","scope":"sqlite","message":"query","meta":{"sql":"Executing (default): PRAGMA table_info(\"users\")"}}
{"ts":"2026-09-28T04:47:36.274Z","level":"debug","scope":"sqlite","message":"query","meta":{"sql":"Executing (default): SELECT name FROM sqlite_master WHERE type='table' AND name = 'vendors'"}}
{"ts":"2026-09-28T04:47:36.275Z","level":"debug","scope":"sqlite","message":"query","meta":{"sql":"Executing (default): PRAGMA table_info(\"vendors\")"}}
{"ts":"2026-09-28T04:47:36.277Z","level":"debug","scope":"sqlite","message":"query","meta":{"sql":"Executing (default): SELECT name FROM sqlite_master WHERE type='table' AND name = 'invoice_sequences'"}}
{"ts":"2026-09-28T04:47:36.278Z","level":"debug","scope":"sqlite","message":"query","meta":{"sql":"Executing (default): PRAGMA table_info(\"invoice_sequences\")"}}
{"ts":"2026-09-28T04:47:36.280Z","level":"debug","scope":"sqlite","message":"query","meta":{"sql":"Executing (default): SELECT name, tbl_name FROM sqlite_master\n     WHERE type = 'index' AND name NOT LIKE 'sqlite_autoindex_%'"}}
{"ts":"2026-09-28T04:47:36.283Z","level":"debug","scope":"sqlite","message":"query","meta":{"sql":"Executing (default): SELECT name FROM sqlite_master WHERE type='table' AND name = 'attributes'"}}
{"ts":"2026-09-28T04:47:36.287Z","level":"debug","scope":"sqlite","message":"query","meta":{"sql":"Executing (default): PRAGMA table_info(\"attributes\")"}}
{"ts":"2026-09-28T04:47:36.288Z","level":"debug","scope":"sqlite","message":"query","meta":{"sql":"Executing (default): SELECT name FROM sqlite_master WHERE type='table' AND name = 'audit_events'"}}
{"ts":"2026-09-28T04:47:36.289Z","level":"debug","scope":"sqlite","message":"query","meta":{"sql":"Executing (default): PRAGMA table_info(\"audit_events\")"}}
{"ts":"2026-09-28T04:47:36.290Z","level":"debug","scope":"sqlite","message":"query","meta":{"sql":"Executing (default): SELECT name FROM sqlite_master WHERE type='table' AND name = 'bank_accounts'"}}
{"ts":"2026-09-28T04:47:36.291Z","level":"debug","scope":"sqlite","message":"query","meta":{"sql":"Executing (default): PRAGMA table_info(\"bank_accounts\")"}}
{"ts":"2026-09-28T04:47:36.293Z","level":"debug","scope":"sqlite","message":"query","meta":{"sql":"Executing (default): SELECT name FROM sqlite_master WHERE type='table' AND name = 'bank_reconciliation_items'"}}
{"ts":"2026-09-28T04:47:36.294Z","level":"debug","scope":"sqlite","message":"query","meta":{"sql":"Executing (default): PRAGMA table_info(\"bank_reconciliation_items\")"}}
{"ts":"2026-09-28T04:47:36.295Z","level":"debug","scope":"sqlite","message":"query","meta":{"sql":"Executing (default): SELECT name FROM sqlite_master WHERE type='table' AND name = 'barcode_sequences'"}}
{"ts":"2026-09-28T04:47:36.297Z","level":"debug","scope":"sqlite","message":"query","meta":{"sql":"Executing (default): PRAGMA table_info(\"barcode_sequences\")"}}
{"ts":"2026-09-28T04:47:36.298Z","level":"debug","scope":"sqlite","message":"query","meta":{"sql":"Executing (default): SELECT name FROM sqlite_master WHERE type='table' AND name = 'barcode_stock_check_scans'"}}
{"ts":"2026-09-28T04:47:36.300Z","level":"debug","scope":"sqlite","message":"query","meta":{"sql":"Executing (default): PRAGMA table_info(\"barcode_stock_check_scans\")"}}
{"ts":"2026-09-28T04:47:36.301Z","level":"debug","scope":"sqlite","message":"query","meta":{"sql":"Executing (default): SELECT name FROM sqlite_master WHERE type='table' AND name = 'barcode_stock_check_sessions'"}}
{"ts":"2026-09-28T04:47:36.302Z","level":"debug","scope":"sqlite","message":"query","meta":{"sql":"Executing (default): PRAGMA table_info(\"barcode_stock_check_sessions\")"}}
{"ts":"2026-09-28T04:47:36.303Z","level":"debug","scope":"sqlite","message":"query","meta":{"sql":"Executing (default): SELECT name FROM sqlite_master WHERE type='table' AND name = 'barcode_templates'"}}
{"ts":"2026-09-28T04:47:36.304Z","level":"debug","scope":"sqlite","message":"query","meta":{"sql":"Executing (default): PRAGMA table_info(\"barcode_templates\")"}}
{"ts":"2026-09-28T04:47:36.306Z","level":"debug","scope":"sqlite","message":"query","meta":{"sql":"Executing (default): SELECT name FROM sqlite_master WHERE type='table' AND name = 'billing_rate_events'"}}
{"ts":"2026-09-28T04:47:36.307Z","level":"debug","scope":"sqlite","message":"query","meta":{"sql":"Executing (default): PRAGMA table_info(\"billing_rate_events\")"}}
{"ts":"2026-09-28T04:47:36.308Z","level":"debug","scope":"sqlite","message":"query","meta":{"sql":"Executing (default): SELECT name FROM sqlite_master WHERE type='table' AND name = 'campaigns'"}}
{"ts":"2026-09-28T04:47:36.309Z","level":"debug","scope":"sqlite","message":"query","meta":{"sql":"Executing (default): PRAGMA table_info(\"campaigns\")"}}
{"ts":"2026-09-28T04:47:36.310Z","level":"debug","scope":"sqlite","message":"query","meta":{"sql":"Executing (default): SELECT name FROM sqlite_master WHERE type='table' AND name = 'campaign_messages'"}}
{"ts":"2026-09-28T04:47:36.312Z","level":"debug","scope":"sqlite","message":"query","meta":{"sql":"Executing (default): PRAGMA table_info(\"campaign_messages\")"}}
{"ts":"2026-09-28T04:47:36.313Z","level":"debug","scope":"sqlite","message":"query","meta":{"sql":"Executing (default): SELECT name FROM sqlite_master WHERE type='table' AND name = 'cashbook_entries'"}}
{"ts":"2026-09-28T04:47:36.314Z","level":"debug","scope":"sqlite","message":"query","meta":{"sql":"Executing (default): PRAGMA table_info(\"cashbook_entries\")"}}
{"ts":"2026-09-28T04:47:36.316Z","level":"debug","scope":"sqlite","message":"query","meta":{"sql":"Executing (default): SELECT name FROM sqlite_master WHERE type='table' AND name = 'catalog_items'"}}
{"ts":"2026-09-28T04:47:36.318Z","level":"debug","scope":"sqlite","message":"query","meta":{"sql":"Executing (default): PRAGMA table_info(\"catalog_items\")"}}
{"ts":"2026-09-28T04:47:36.320Z","level":"debug","scope":"sqlite","message":"query","meta":{"sql":"Executing (default): SELECT name FROM sqlite_master WHERE type='table' AND name = 'categories'"}}
{"ts":"2026-09-28T04:47:36.321Z","level":"debug","scope":"sqlite","message":"query","meta":{"sql":"Executing (default): PRAGMA table_info(\"categories\")"}}
{"ts":"2026-09-28T04:47:36.324Z","level":"debug","scope":"sqlite","message":"query","meta":{"sql":"Executing (default): SELECT name FROM sqlite_master WHERE type='table' AND name = 'chart_of_accounts'"}}
{"ts":"2026-09-28T04:47:36.325Z","level":"debug","scope":"sqlite","message":"query","meta":{"sql":"Executing (default): PRAGMA table_info(\"chart_of_accounts\")"}}
{"ts":"2026-09-28T04:47:36.326Z","level":"debug","scope":"sqlite","message":"query","meta":{"sql":"Executing (default): SELECT name FROM sqlite_master WHERE type='table' AND name = 'cluster_state'"}}
{"ts":"2026-09-28T04:47:36.346Z","level":"error","scope":"http","message":"unhandled route error","meta":{"id":null,"method":"GET","path":"/ws","error":"CORS blocked: file://","parent_error":null,"fields":null,"stack":"Error: CORS blocked: file://\n    at origin (file:///E:/SRLJ%20ERP/SRLJ_ERP/SLGT%20JEWEL%20ERP/backend/src/index.js:106:18)\n    at E:\\SRLJ ERP\\SRLJ_ERP\\SLGT JEWEL ERP\\backend\\node_modules\\cors\\lib\\index.js:219:13\n    at optionsCallback (E:\\SRLJ ERP\\SRLJ_ERP\\SLGT JEWEL ERP\\backend\\node_modules\\cors\\lib\\index.js:199:9)\n    at corsMiddleware (E:\\SRLJ ERP\\SRLJ_ERP\\SLGT JEWEL ERP\\backend\\node_modules\\cors\\lib\\index.js:204:7)\n    at Layer.handle [as handle_request] (E:\\SRLJ ERP\\SRLJ_ERP\\SLGT JEWEL ERP\\backend\\node_modules\\express\\lib\\router\\layer.js:95:5)\n    at trim_prefix (E:\\SRLJ ERP\\SRLJ_ERP\\SLGT JEWEL ERP\\backend\\node_modules\\express\\lib\\router\\index.js:328:13)\n    at E:\\SRLJ ERP\\SRLJ_ERP\\SLGT JEWEL ERP\\backend\\node_modules\\express\\lib\\router\\index.js:286:9\n    at Function.process_params (E:\\SRLJ ERP\\SRLJ_ERP\\SLGT JEWEL ERP\\backend\\node_modules\\express\\lib\\router\\index.js:346:12)\n    at next (E:\\SRLJ ERP\\SRLJ_ERP\\SLGT JEWEL ERP\\backend\\node_modules\\express\\lib\\router\\index.js:280:10)\n    at expressInit (E:\\SRLJ ERP\\SRLJ_ERP\\SLGT JEWEL ERP\\backend\\node_modules\\express\\lib\\middleware\\init.js:40:5)"}}
{"ts":"2026-09-28T04:47:36.369Z","level":"debug","scope":"sqlite","message":"query","meta":{"sql":"Executing (default): PRAGMA table_info(\"cluster_state\")"}}
{"ts":"2026-09-28T04:47:36.370Z","level":"debug","scope":"sqlite","message":"query","meta":{"sql":"Executing (default): SELECT name FROM sqlite_master WHERE type='table' AND name = 'credit_notes'"}}
{"ts":"2026-09-28T04:47:36.371Z","level":"debug","scope":"sqlite","message":"query","meta":{"sql":"Executing (default): PRAGMA table_info(\"credit_notes\")"}}
{"ts":"2026-09-28T04:47:36.372Z","level":"debug","scope":"sqlite","message":"query","meta":{"sql":"Executing (default): SELECT name FROM sqlite_master WHERE type='table' AND name = 'customers'"}}
{"ts":"2026-09-28T04:47:36.373Z","level":"debug","scope":"sqlite","message":"query","meta":{"sql":"Executing (default): PRAGMA table_info(\"customers\")"}}
{"ts":"2026-09-28T04:47:36.374Z","level":"debug","scope":"sqlite","message":"query","meta":{"sql":"Executing (default): SELECT name FROM sqlite_master WHERE type='table' AND name = 'customer_advances'"}}
{"ts":"2026-09-28T04:47:36.375Z","level":"debug","scope":"sqlite","message":"query","meta":{"sql":"Executing (default): PRAGMA table_info(\"customer_advances\")"}}
{"ts":"2026-09-28T04:47:36.376Z","level":"debug","scope":"sqlite","message":"query","meta":{"sql":"Executing (default): SELECT name FROM sqlite_master WHERE type='table' AND name = 'customer_advance_applications'"}}
{"ts":"2026-09-28T04:47:36.377Z","level":"debug","scope":"sqlite","message":"query","meta":{"sql":"Executing (default): PRAGMA table_info(\"customer_advance_applications\")"}}
{"ts":"2026-09-28T04:47:36.379Z","level":"debug","scope":"sqlite","message":"query","meta":{"sql":"Executing (default): SELECT name FROM sqlite_master WHERE type='table' AND name = 'daily_closings'"}}
{"ts":"2026-09-28T04:47:36.380Z","level":"debug","scope":"sqlite","message":"query","meta":{"sql":"Executing (default): PRAGMA table_info(\"daily_closings\")"}}
{"ts":"2026-09-28T04:47:36.381Z","level":"debug","scope":"sqlite","message":"query","meta":{"sql":"Executing (default): SELECT name FROM sqlite_master WHERE type='table' AND name = 'devices'"}}
{"ts":"2026-09-28T04:47:36.383Z","level":"debug","scope":"sqlite","message":"query","meta":{"sql":"Executing (default): PRAGMA table_info(\"devices\")"}}
{"ts":"2026-09-28T04:47:36.386Z","level":"debug","scope":"sqlite","message":"query","meta":{"sql":"Executing (default): SELECT name FROM sqlite_master WHERE type='table' AND name = 'draft_sales'"}}
{"ts":"2026-09-28T04:47:36.387Z","level":"debug","scope":"sqlite","message":"query","meta":{"sql":"Executing (default): PRAGMA table_info(\"draft_sales\")"}}
{"ts":"2026-09-28T04:47:36.388Z","level":"debug","scope":"sqlite","message":"query","meta":{"sql":"Executing (default): SELECT name FROM sqlite_master WHERE type='table' AND name = 'employees'"}}
{"ts":"2026-09-28T04:47:36.390Z","level":"debug","scope":"sqlite","message":"query","meta":{"sql":"Executing (default): PRAGMA table_info(\"employees\")"}}
{"ts":"2026-09-28T04:47:36.391Z","level":"debug","scope":"sqlite","message":"query","meta":{"sql":"Executing (default): SELECT name FROM sqlite_master WHERE type='table' AND name = 'event_log'"}}
{"ts":"2026-09-28T04:47:36.392Z","level":"debug","scope":"sqlite","message":"query","meta":{"sql":"Executing (default): PRAGMA table_info(\"event_log\")"}}
{"ts":"2026-09-28T04:47:36.394Z","level":"debug","scope":"sqlite","message":"query","meta":{"sql":"Executing (default): SELECT name FROM sqlite_master WHERE type='table' AND name = 'expenses'"}}
{"ts":"2026-09-28T04:47:36.395Z","level":"debug","scope":"sqlite","message":"query","meta":{"sql":"Executing (default): PRAGMA table_info(\"expenses\")"}}
{"ts":"2026-09-28T04:47:36.396Z","level":"debug","scope":"sqlite","message":"query","meta":{"sql":"Executing (default): SELECT name FROM sqlite_master WHERE type='table' AND name = 'expense_categories'"}}
{"ts":"2026-09-28T04:47:36.397Z","level":"debug","scope":"sqlite","message":"query","meta":{"sql":"Executing (default): PRAGMA table_info(\"expense_categories\")"}}
{"ts":"2026-09-28T04:47:36.399Z","level":"debug","scope":"sqlite","message":"query","meta":{"sql":"Executing (default): SELECT name FROM sqlite_master WHERE type='table' AND name = 'financial_years'"}}
{"ts":"2026-09-28T04:47:36.400Z","level":"debug","scope":"sqlite","message":"query","meta":{"sql":"Executing (default): PRAGMA table_info(\"financial_years\")"}}
{"ts":"2026-09-28T04:47:36.403Z","level":"debug","scope":"sqlite","message":"query","meta":{"sql":"Executing (default): SELECT name FROM sqlite_master WHERE type='table' AND name = 'gold_rate_history'"}}
{"ts":"2026-09-28T04:47:36.404Z","level":"debug","scope":"sqlite","message":"query","meta":{"sql":"Executing (default): PRAGMA table_info(\"gold_rate_history\")"}}
{"ts":"2026-09-28T04:47:36.405Z","level":"debug","scope":"sqlite","message":"query","meta":{"sql":"Executing (default): SELECT name FROM sqlite_master WHERE type='table' AND name = 'hsn_codes'"}}
{"ts":"2026-09-28T04:47:36.407Z","level":"debug","scope":"sqlite","message":"query","meta":{"sql":"Executing (default): PRAGMA table_info(\"hsn_codes\")"}}
{"ts":"2026-09-28T04:47:36.408Z","level":"debug","scope":"sqlite","message":"query","meta":{"sql":"Executing (default): SELECT name FROM sqlite_master WHERE type='table' AND name = 'incomes'"}}
{"ts":"2026-09-28T04:47:36.409Z","level":"debug","scope":"sqlite","message":"query","meta":{"sql":"Executing (default): PRAGMA table_info(\"incomes\")"}}
{"ts":"2026-09-28T04:47:36.410Z","level":"debug","scope":"sqlite","message":"query","meta":{"sql":"Executing (default): SELECT name FROM sqlite_master WHERE type='table' AND name = 'inventory_adjustments'"}}
{"ts":"2026-09-28T04:47:36.411Z","level":"debug","scope":"sqlite","message":"query","meta":{"sql":"Executing (default): PRAGMA table_info(\"inventory_adjustments\")"}}
{"ts":"2026-09-28T04:47:36.413Z","level":"debug","scope":"sqlite","message":"query","meta":{"sql":"Executing (default): SELECT name FROM sqlite_master WHERE type='table' AND name = 'inventory_movements'"}}
{"ts":"2026-09-28T04:47:36.414Z","level":"debug","scope":"sqlite","message":"query","meta":{"sql":"Executing (default): PRAGMA table_info(\"inventory_movements\")"}}
{"ts":"2026-09-28T04:47:36.416Z","level":"debug","scope":"sqlite","message":"query","meta":{"sql":"Executing (default): SELECT name FROM sqlite_master WHERE type='table' AND name = 'invoices'"}}
{"ts":"2026-09-28T04:47:36.418Z","level":"debug","scope":"sqlite","message":"query","meta":{"sql":"Executing (default): PRAGMA table_info(\"invoices\")"}}
{"ts":"2026-09-28T04:47:36.420Z","level":"debug","scope":"sqlite","message":"query","meta":{"sql":"Executing (default): SELECT name FROM sqlite_master WHERE type='table' AND name = 'invoice_items'"}}
{"ts":"2026-09-28T04:47:36.421Z","level":"debug","scope":"sqlite","message":"query","meta":{"sql":"Executing (default): PRAGMA table_info(\"invoice_items\")"}}
{"ts":"2026-09-28T04:47:36.422Z","level":"debug","scope":"sqlite","message":"query","meta":{"sql":"Executing (default): SELECT name FROM sqlite_master WHERE type='table' AND name = 'invoice_sequences'"}}
{"ts":"2026-09-28T04:47:36.423Z","level":"debug","scope":"sqlite","message":"query","meta":{"sql":"Executing (default): PRAGMA table_info(\"invoice_sequences\")"}}
{"ts":"2026-09-28T04:47:36.425Z","level":"debug","scope":"sqlite","message":"query","meta":{"sql":"Executing (default): SELECT name FROM sqlite_master WHERE type='table' AND name = 'journal_entries'"}}
{"ts":"2026-09-28T04:47:36.426Z","level":"debug","scope":"sqlite","message":"query","meta":{"sql":"Executing (default): PRAGMA table_info(\"journal_entries\")"}}
{"ts":"2026-09-28T04:47:36.427Z","level":"debug","scope":"sqlite","message":"query","meta":{"sql":"Executing (default): SELECT name FROM sqlite_master WHERE type='table' AND name = 'journal_lines'"}}
{"ts":"2026-09-28T04:47:36.429Z","level":"debug","scope":"sqlite","message":"query","meta":{"sql":"Executing (default): PRAGMA table_info(\"journal_lines\")"}}
{"ts":"2026-09-28T04:47:36.430Z","level":"debug","scope":"sqlite","message":"query","meta":{"sql":"Executing (default): SELECT name FROM sqlite_master WHERE type='table' AND name = 'metal_issues'"}}
{"ts":"2026-09-28T04:47:36.431Z","level":"debug","scope":"sqlite","message":"query","meta":{"sql":"Executing (default): PRAGMA table_info(\"metal_issues\")"}}
{"ts":"2026-09-28T04:47:36.433Z","level":"debug","scope":"sqlite","message":"query","meta":{"sql":"Executing (default): SELECT name FROM sqlite_master WHERE type='table' AND name = 'notifications'"}}
{"ts":"2026-09-28T04:47:36.435Z","level":"debug","scope":"sqlite","message":"query","meta":{"sql":"Executing (default): PRAGMA table_info(\"notifications\")"}}
{"ts":"2026-09-28T04:47:36.437Z","level":"debug","scope":"sqlite","message":"query","meta":{"sql":"Executing (default): SELECT name FROM sqlite_master WHERE type='table' AND name = 'old_gold_receipts'"}}
{"ts":"2026-09-28T04:47:36.438Z","level":"debug","scope":"sqlite","message":"query","meta":{"sql":"Executing (default): PRAGMA table_info(\"old_gold_receipts\")"}}
{"ts":"2026-09-28T04:47:36.439Z","level":"debug","scope":"sqlite","message":"query","meta":{"sql":"Executing (default): SELECT name FROM sqlite_master WHERE type='table' AND name = 'old_gold_sales'"}}
{"ts":"2026-09-28T04:47:36.440Z","level":"debug","scope":"sqlite","message":"query","meta":{"sql":"Executing (default): PRAGMA table_info(\"old_gold_sales\")"}}
{"ts":"2026-09-28T04:47:36.442Z","level":"debug","scope":"sqlite","message":"query","meta":{"sql":"Executing (default): SELECT name FROM sqlite_master WHERE type='table' AND name = 'operation_ledger'"}}
{"ts":"2026-09-28T04:47:36.443Z","level":"debug","scope":"sqlite","message":"query","meta":{"sql":"Executing (default): PRAGMA table_info(\"operation_ledger\")"}}
{"ts":"2026-09-28T04:47:36.444Z","level":"debug","scope":"sqlite","message":"query","meta":{"sql":"Executing (default): SELECT name FROM sqlite_master WHERE type='table' AND name = 'orders'"}}
{"ts":"2026-09-28T04:47:36.446Z","level":"debug","scope":"sqlite","message":"query","meta":{"sql":"Executing (default): PRAGMA table_info(\"orders\")"}}
{"ts":"2026-09-28T04:47:36.447Z","level":"debug","scope":"sqlite","message":"query","meta":{"sql":"Executing (default): SELECT name FROM sqlite_master WHERE type='table' AND name = 'payments'"}}
{"ts":"2026-09-28T04:47:36.449Z","level":"debug","scope":"sqlite","message":"query","meta":{"sql":"Executing (default): PRAGMA table_info(\"payments\")"}}
{"ts":"2026-09-28T04:47:36.451Z","level":"debug","scope":"sqlite","message":"query","meta":{"sql":"Executing (default): SELECT name FROM sqlite_master WHERE type='table' AND name = 'products'"}}
{"ts":"2026-09-28T04:47:36.452Z","level":"debug","scope":"sqlite","message":"query","meta":{"sql":"Executing (default): PRAGMA table_info(\"products\")"}}
{"ts":"2026-09-28T04:47:36.454Z","level":"debug","scope":"sqlite","message":"query","meta":{"sql":"Executing (default): SELECT name FROM sqlite_master WHERE type='table' AND name = 'product_status_history'"}}
{"ts":"2026-09-28T04:47:36.455Z","level":"debug","scope":"sqlite","message":"query","meta":{"sql":"Executing (default): PRAGMA table_info(\"product_status_history\")"}}
{"ts":"2026-09-28T04:47:36.456Z","level":"debug","scope":"sqlite","message":"query","meta":{"sql":"Executing (default): SELECT name FROM sqlite_master WHERE type='table' AND name = 'purchases'"}}
{"ts":"2026-09-28T04:47:36.457Z","level":"debug","scope":"sqlite","message":"query","meta":{"sql":"Executing (default): PRAGMA table_info(\"purchases\")"}}
{"ts":"2026-09-28T04:47:36.459Z","level":"debug","scope":"sqlite","message":"query","meta":{"sql":"Executing (default): SELECT name FROM sqlite_master WHERE type='table' AND name = 'purchase_items'"}}
{"ts":"2026-09-28T04:47:36.460Z","level":"debug","scope":"sqlite","message":"query","meta":{"sql":"Executing (default): PRAGMA table_info(\"purchase_items\")"}}
{"ts":"2026-09-28T04:47:36.461Z","level":"debug","scope":"sqlite","message":"query","meta":{"sql":"Executing (default): SELECT name FROM sqlite_master WHERE type='table' AND name = 'pure_products'"}}
{"ts":"2026-09-28T04:47:36.463Z","level":"debug","scope":"sqlite","message":"query","meta":{"sql":"Executing (default): PRAGMA table_info(\"pure_products\")"}}
{"ts":"2026-09-28T04:47:36.465Z","level":"debug","scope":"sqlite","message":"query","meta":{"sql":"Executing (default): SELECT name FROM sqlite_master WHERE type='table' AND name = 'quotations'"}}
{"ts":"2026-09-28T04:47:36.466Z","level":"debug","scope":"sqlite","message":"query","meta":{"sql":"Executing (default): PRAGMA table_info(\"quotations\")"}}
{"ts":"2026-09-28T04:47:36.469Z","level":"debug","scope":"sqlite","message":"query","meta":{"sql":"Executing (default): SELECT name FROM sqlite_master WHERE type='table' AND name = 'replica_acks'"}}
{"ts":"2026-09-28T04:47:36.470Z","level":"debug","scope":"sqlite","message":"query","meta":{"sql":"Executing (default): PRAGMA table_info(\"replica_acks\")"}}
{"ts":"2026-09-28T04:47:36.472Z","level":"debug","scope":"sqlite","message":"query","meta":{"sql":"Executing (default): SELECT name FROM sqlite_master WHERE type='table' AND name = 'sale_authorities'"}}
{"ts":"2026-09-28T04:47:36.473Z","level":"debug","scope":"sqlite","message":"query","meta":{"sql":"Executing (default): PRAGMA table_info(\"sale_authorities\")"}}
{"ts":"2026-09-28T04:47:36.475Z","level":"debug","scope":"sqlite","message":"query","meta":{"sql":"Executing (default): SELECT name FROM sqlite_master WHERE type='table' AND name = 'schema_meta'"}}
{"ts":"2026-09-28T04:47:36.476Z","level":"debug","scope":"sqlite","message":"query","meta":{"sql":"Executing (default): PRAGMA table_info(\"schema_meta\")"}}
{"ts":"2026-09-28T04:47:36.477Z","level":"debug","scope":"sqlite","message":"query","meta":{"sql":"Executing (default): SELECT name FROM sqlite_master WHERE type='table' AND name = 'schemes'"}}
{"ts":"2026-09-28T04:47:36.478Z","level":"debug","scope":"sqlite","message":"query","meta":{"sql":"Executing (default): PRAGMA table_info(\"schemes\")"}}
{"ts":"2026-09-28T04:47:36.480Z","level":"debug","scope":"sqlite","message":"query","meta":{"sql":"Executing (default): SELECT name FROM sqlite_master WHERE type='table' AND name = 'scheme_plans'"}}
{"ts":"2026-09-28T04:47:36.481Z","level":"debug","scope":"sqlite","message":"query","meta":{"sql":"Executing (default): PRAGMA table_info(\"scheme_plans\")"}}
{"ts":"2026-09-28T04:47:36.484Z","level":"debug","scope":"sqlite","message":"query","meta":{"sql":"Executing (default): SELECT name FROM sqlite_master WHERE type='table' AND name = 'settings'"}}
{"ts":"2026-09-28T04:47:36.486Z","level":"debug","scope":"sqlite","message":"query","meta":{"sql":"Executing (default): PRAGMA table_info(\"settings\")"}}
{"ts":"2026-09-28T04:47:36.488Z","level":"debug","scope":"sqlite","message":"query","meta":{"sql":"Executing (default): SELECT name FROM sqlite_master WHERE type='table' AND name = 'shops'"}}
{"ts":"2026-09-28T04:47:36.489Z","level":"debug","scope":"sqlite","message":"query","meta":{"sql":"Executing (default): PRAGMA table_info(\"shops\")"}}
{"ts":"2026-09-28T04:47:36.490Z","level":"debug","scope":"sqlite","message":"query","meta":{"sql":"Executing (default): SELECT name FROM sqlite_master WHERE type='table' AND name = 'shop_counters'"}}
{"ts":"2026-09-28T04:47:36.492Z","level":"debug","scope":"sqlite","message":"query","meta":{"sql":"Executing (default): PRAGMA table_info(\"shop_counters\")"}}
{"ts":"2026-09-28T04:47:36.493Z","level":"debug","scope":"sqlite","message":"query","meta":{"sql":"Executing (default): SELECT name FROM sqlite_master WHERE type='table' AND name = 'stock_history'"}}
{"ts":"2026-09-28T04:47:36.494Z","level":"debug","scope":"sqlite","message":"query","meta":{"sql":"Executing (default): PRAGMA table_info(\"stock_history\")"}}
{"ts":"2026-09-28T04:47:36.495Z","level":"debug","scope":"sqlite","message":"query","meta":{"sql":"Executing (default): SELECT name FROM sqlite_master WHERE type='table' AND name = 'users'"}}
{"ts":"2026-09-28T04:47:36.496Z","level":"debug","scope":"sqlite","message":"query","meta":{"sql":"Executing (default): PRAGMA table_info(\"users\")"}}
{"ts":"2026-09-28T04:47:36.498Z","level":"debug","scope":"sqlite","message":"query","meta":{"sql":"Executing (default): SELECT name FROM sqlite_master WHERE type='table' AND name = 'vendors'"}}
{"ts":"2026-09-28T04:47:36.501Z","level":"debug","scope":"sqlite","message":"query","meta":{"sql":"Executing (default): PRAGMA table_info(\"vendors\")"}}
{"ts":"2026-09-28T04:47:36.503Z","level":"debug","scope":"sqlite","message":"query","meta":{"sql":"Executing (default): SELECT name FROM sqlite_master WHERE type='table' AND name = 'schemes'"}}
{"ts":"2026-09-28T04:47:36.504Z","level":"debug","scope":"sqlite","message":"query","meta":{"sql":"Executing (default): PRAGMA table_info(\"schemes\")"}}
{"ts":"2026-09-28T04:47:36.505Z","level":"debug","scope":"sqlite","message":"query","meta":{"sql":"Executing (default): SELECT id, shop_id FROM \"schemes\" WHERE serial_no IS NULL ORDER BY shop_id ASC, created_at ASC"}}
{"ts":"2026-09-28T04:47:36.507Z","level":"debug","scope":"sqlite","message":"query","meta":{"sql":"Executing (default): SELECT name FROM sqlite_master WHERE type='table' AND name = 'customers'"}}
{"ts":"2026-09-28T04:47:36.508Z","level":"debug","scope":"sqlite","message":"query","meta":{"sql":"Executing (default): PRAGMA table_info(\"customers\")"}}
{"ts":"2026-09-28T04:47:36.509Z","level":"debug","scope":"sqlite","message":"query","meta":{"sql":"Executing (default): SELECT id, shop_id FROM \"customers\" WHERE serial_no IS NULL ORDER BY shop_id ASC, created_at ASC"}}
{"ts":"2026-09-28T04:47:36.511Z","level":"debug","scope":"sqlite","message":"query","meta":{"sql":"Executing (default): SELECT name FROM sqlite_master WHERE type='table' AND name = 'invoice_items'"}}
{"ts":"2026-09-28T04:47:36.512Z","level":"debug","scope":"sqlite","message":"query","meta":{"sql":"Executing (default): SELECT name FROM sqlite_master WHERE type='table' AND name = 'purchase_items'"}}
{"ts":"2026-09-28T04:47:36.513Z","level":"info","scope":"sqlite","message":"ensuring model tables (sync without alter)"}
{"ts":"2026-09-28T04:47:36.521Z","level":"debug","scope":"sqlite","message":"query","meta":{"sql":"Executing (default): SELECT name FROM sqlite_master WHERE type='table' AND name='users';"}}
{"ts":"2026-09-28T04:47:36.524Z","level":"debug","scope":"sqlite","message":"query","meta":{"sql":"Executing (default): PRAGMA INDEX_LIST(`users`)"}}
{"ts":"2026-09-28T04:47:36.525Z","level":"debug","scope":"sqlite","message":"query","meta":{"sql":"Executing (default): PRAGMA INDEX_INFO(`sqlite_autoindex_users_1`)"}}
{"ts":"2026-09-28T04:47:36.527Z","level":"debug","scope":"sqlite","message":"query","meta":{"sql":"Executing (default): SELECT name FROM sqlite_master WHERE type='table' AND name='categories';"}}
{"ts":"2026-09-28T04:47:36.529Z","level":"debug","scope":"sqlite","message":"query","meta":{"sql":"Executing (default): PRAGMA INDEX_LIST(`categories`)"}}
{"ts":"2026-09-28T04:47:36.530Z","level":"debug","scope":"sqlite","message":"query","meta":{"sql":"Executing (default): PRAGMA INDEX_INFO(`sqlite_autoindex_categories_1`)"}}
{"ts":"2026-09-28T04:47:36.531Z","level":"debug","scope":"sqlite","message":"query","meta":{"sql":"Executing (default): SELECT name FROM sqlite_master WHERE type='table' AND name='attributes';"}}
{"ts":"2026-09-28T04:47:36.535Z","level":"debug","scope":"sqlite","message":"query","meta":{"sql":"Executing (default): PRAGMA INDEX_LIST(`attributes`)"}}
{"ts":"2026-09-28T04:47:36.538Z","level":"debug","scope":"sqlite","message":"query","meta":{"sql":"Executing (default): PRAGMA INDEX_INFO(`sqlite_autoindex_attributes_1`)"}}
{"ts":"2026-09-28T04:47:36.540Z","level":"debug","scope":"sqlite","message":"query","meta":{"sql":"Executing (default): SELECT name FROM sqlite_master WHERE type='table' AND name='catalog_items';"}}
{"ts":"2026-09-28T04:47:36.541Z","level":"debug","scope":"sqlite","message":"query","meta":{"sql":"Executing (default): PRAGMA INDEX_LIST(`catalog_items`)"}}
{"ts":"2026-09-28T04:47:36.543Z","level":"debug","scope":"sqlite","message":"query","meta":{"sql":"Executing (default): PRAGMA INDEX_INFO(`sqlite_autoindex_catalog_items_1`)"}}
{"ts":"2026-09-28T04:47:36.545Z","level":"debug","scope":"sqlite","message":"query","meta":{"sql":"Executing (default): SELECT name FROM sqlite_master WHERE type='table' AND name='products';"}}
{"ts":"2026-09-28T04:47:36.555Z","level":"debug","scope":"sqlite","message":"query","meta":{"sql":"Executing (default): PRAGMA INDEX_LIST(`products`)"}}
{"ts":"2026-09-28T04:47:36.556Z","level":"debug","scope":"sqlite","message":"query","meta":{"sql":"Executing (default): PRAGMA INDEX_INFO(`sqlite_autoindex_products_1`)"}}
{"ts":"2026-09-28T04:47:36.557Z","level":"debug","scope":"sqlite","message":"query","meta":{"sql":"Executing (default): PRAGMA INDEX_INFO(`products_barcode_idx`)"}}
{"ts":"2026-09-28T04:47:36.557Z","level":"debug","scope":"sqlite","message":"query","meta":{"sql":"Executing (default): PRAGMA INDEX_INFO(`products_code_idx`)"}}
{"ts":"2026-09-28T04:47:36.559Z","level":"debug","scope":"sqlite","message":"query","meta":{"sql":"Executing (default): SELECT name FROM sqlite_master WHERE type='table' AND name='customers';"}}
{"ts":"2026-09-28T04:47:36.561Z","level":"debug","scope":"sqlite","message":"query","meta":{"sql":"Executing (default): PRAGMA INDEX_LIST(`customers`)"}}
{"ts":"2026-09-28T04:47:36.562Z","level":"debug","scope":"sqlite","message":"query","meta":{"sql":"Executing (default): PRAGMA INDEX_INFO(`sqlite_autoindex_customers_1`)"}}
{"ts":"2026-09-28T04:47:36.563Z","level":"debug","scope":"sqlite","message":"query","meta":{"sql":"Executing (default): PRAGMA INDEX_INFO(`customers_mobile_idx`)"}}
{"ts":"2026-09-28T04:47:36.563Z","level":"debug","scope":"sqlite","message":"query","meta":{"sql":"Executing (default): PRAGMA INDEX_INFO(`customers_name_idx`)"}}
{"ts":"2026-09-28T04:47:36.571Z","level":"debug","scope":"sqlite","message":"query","meta":{"sql":"Executing (default): SELECT name FROM sqlite_master WHERE type='table' AND name='invoice_items';"}}
{"ts":"2026-09-28T04:47:36.572Z","level":"debug","scope":"sqlite","message":"query","meta":{"sql":"Executing (default): PRAGMA INDEX_LIST(`invoice_items`)"}}
{"ts":"2026-09-28T04:47:36.574Z","level":"debug","scope":"sqlite","message":"query","meta":{"sql":"Executing (default): PRAGMA INDEX_INFO(`sqlite_autoindex_invoice_items_1`)"}}
{"ts":"2026-09-28T04:47:36.577Z","level":"debug","scope":"sqlite","message":"query","meta":{"sql":"Executing (default): SELECT name FROM sqlite_master WHERE type='table' AND name='invoices';"}}
{"ts":"2026-09-28T04:47:36.578Z","level":"debug","scope":"sqlite","message":"query","meta":{"sql":"Executing (default): PRAGMA INDEX_LIST(`invoices`)"}}
{"ts":"2026-09-28T04:47:36.580Z","level":"debug","scope":"sqlite","message":"query","meta":{"sql":"Executing (default): PRAGMA INDEX_INFO(`sqlite_autoindex_invoices_1`)"}}
{"ts":"2026-09-28T04:47:36.580Z","level":"debug","scope":"sqlite","message":"query","meta":{"sql":"Executing (default): PRAGMA INDEX_INFO(`invoices_shop_no_uk`)"}}
{"ts":"2026-09-28T04:47:36.581Z","level":"debug","scope":"sqlite","message":"query","meta":{"sql":"Executing (default): PRAGMA INDEX_INFO(`invoices_request_id_uk`)"}}
{"ts":"2026-09-28T04:47:36.588Z","level":"debug","scope":"sqlite","message":"query","meta":{"sql":"Executing (default): SELECT name FROM sqlite_master WHERE type='table' AND name='schemes';"}}
{"ts":"2026-09-28T04:47:36.590Z","level":"debug","scope":"sqlite","message":"query","meta":{"sql":"Executing (default): PRAGMA INDEX_LIST(`schemes`)"}}
{"ts":"2026-09-28T04:47:36.591Z","level":"debug","scope":"sqlite","message":"query","meta":{"sql":"Executing (default): PRAGMA INDEX_INFO(`sqlite_autoindex_schemes_1`)"}}
{"ts":"2026-09-28T04:47:36.592Z","level":"debug","scope":"sqlite","message":"query","meta":{"sql":"Executing (default): SELECT name FROM sqlite_master WHERE type='table' AND name='scheme_plans';"}}
{"ts":"2026-09-28T04:47:36.594Z","level":"debug","scope":"sqlite","message":"query","meta":{"sql":"Executing (default): PRAGMA INDEX_LIST(`scheme_plans`)"}}
{"ts":"2026-09-28T04:47:36.595Z","level":"debug","scope":"sqlite","message":"query","meta":{"sql":"Executing (default): PRAGMA INDEX_INFO(`sqlite_autoindex_scheme_plans_1`)"}}
{"ts":"2026-09-28T04:47:36.597Z","level":"debug","scope":"sqlite","message":"query","meta":{"sql":"Executing (default): SELECT name FROM sqlite_master WHERE type='table' AND name='campaigns';"}}
{"ts":"2026-09-28T04:47:36.599Z","level":"debug","scope":"sqlite","message":"query","meta":{"sql":"Executing (default): PRAGMA INDEX_LIST(`campaigns`)"}}
{"ts":"2026-09-28T04:47:36.601Z","level":"debug","scope":"sqlite","message":"query","meta":{"sql":"Executing (default): PRAGMA INDEX_INFO(`sqlite_autoindex_campaigns_1`)"}}
{"ts":"2026-09-28T04:47:36.603Z","level":"debug","scope":"sqlite","message":"query","meta":{"sql":"Executing (default): SELECT name FROM sqlite_master WHERE type='table' AND name='campaign_messages';"}}
{"ts":"2026-09-28T04:47:36.604Z","level":"debug","scope":"sqlite","message":"query","meta":{"sql":"Executing (default): PRAGMA INDEX_LIST(`campaign_messages`)"}}
{"ts":"2026-09-28T04:47:36.605Z","level":"debug","scope":"sqlite","message":"query","meta":{"sql":"Executing (default): PRAGMA INDEX_INFO(`sqlite_autoindex_campaign_messages_1`)"}}
{"ts":"2026-09-28T04:47:36.607Z","level":"debug","scope":"sqlite","message":"query","meta":{"sql":"Executing (default): SELECT name FROM sqlite_master WHERE type='table' AND name='expense_categories';"}}
{"ts":"2026-09-28T04:47:36.608Z","level":"debug","scope":"sqlite","message":"query","meta":{"sql":"Executing (default): PRAGMA INDEX_LIST(`expense_categories`)"}}
{"ts":"2026-09-28T04:47:36.610Z","level":"debug","scope":"sqlite","message":"query","meta":{"sql":"Executing (default): PRAGMA INDEX_INFO(`sqlite_autoindex_expense_categories_1`)"}}
{"ts":"2026-09-28T04:47:36.611Z","level":"debug","scope":"sqlite","message":"query","meta":{"sql":"Executing (default): SELECT name FROM sqlite_master WHERE type='table' AND name='expenses';"}}
{"ts":"2026-09-28T04:47:36.613Z","level":"debug","scope":"sqlite","message":"query","meta":{"sql":"Executing (default): PRAGMA INDEX_LIST(`expenses`)"}}
{"ts":"2026-09-28T04:47:36.615Z","level":"debug","scope":"sqlite","message":"query","meta":{"sql":"Executing (default): PRAGMA INDEX_INFO(`sqlite_autoindex_expenses_1`)"}}
{"ts":"2026-09-28T04:47:36.619Z","level":"debug","scope":"sqlite","message":"query","meta":{"sql":"Executing (default): SELECT name FROM sqlite_master WHERE type='table' AND name='incomes';"}}
{"ts":"2026-09-28T04:47:36.621Z","level":"debug","scope":"sqlite","message":"query","meta":{"sql":"Executing (default): PRAGMA INDEX_LIST(`incomes`)"}}
{"ts":"2026-09-28T04:47:36.622Z","level":"debug","scope":"sqlite","message":"query","meta":{"sql":"Executing (default): PRAGMA INDEX_INFO(`sqlite_autoindex_incomes_1`)"}}
{"ts":"2026-09-28T04:47:36.624Z","level":"debug","scope":"sqlite","message":"query","meta":{"sql":"Executing (default): SELECT name FROM sqlite_master WHERE type='table' AND name='daily_closings';"}}
{"ts":"2026-09-28T04:47:36.626Z","level":"debug","scope":"sqlite","message":"query","meta":{"sql":"Executing (default): PRAGMA INDEX_LIST(`daily_closings`)"}}
{"ts":"2026-09-28T04:47:36.627Z","level":"debug","scope":"sqlite","message":"query","meta":{"sql":"Executing (default): PRAGMA INDEX_INFO(`sqlite_autoindex_daily_closings_1`)"}}
{"ts":"2026-09-28T04:47:36.627Z","level":"debug","scope":"sqlite","message":"query","meta":{"sql":"Executing (default): PRAGMA INDEX_INFO(`daily_closings_shop_date_uk`)"}}
{"ts":"2026-09-28T04:47:36.630Z","level":"debug","scope":"sqlite","message":"query","meta":{"sql":"Executing (default): SELECT name FROM sqlite_master WHERE type='table' AND name='notifications';"}}
{"ts":"2026-09-28T04:47:36.631Z","level":"debug","scope":"sqlite","message":"query","meta":{"sql":"Executing (default): PRAGMA INDEX_LIST(`notifications`)"}}
{"ts":"2026-09-28T04:47:36.634Z","level":"debug","scope":"sqlite","message":"query","meta":{"sql":"Executing (default): PRAGMA INDEX_INFO(`sqlite_autoindex_notifications_1`)"}}
{"ts":"2026-09-28T04:47:36.635Z","level":"debug","scope":"sqlite","message":"query","meta":{"sql":"Executing (default): SELECT name FROM sqlite_master WHERE type='table' AND name='stock_history';"}}
{"ts":"2026-09-28T04:47:36.637Z","level":"debug","scope":"sqlite","message":"query","meta":{"sql":"Executing (default): PRAGMA INDEX_LIST(`stock_history`)"}}
{"ts":"2026-09-28T04:47:36.638Z","level":"debug","scope":"sqlite","message":"query","meta":{"sql":"Executing (default): PRAGMA INDEX_INFO(`sqlite_autoindex_stock_history_1`)"}}
{"ts":"2026-09-28T04:47:36.639Z","level":"debug","scope":"sqlite","message":"query","meta":{"sql":"Executing (default): SELECT name FROM sqlite_master WHERE type='table' AND name='inventory_adjustments';"}}
{"ts":"2026-09-28T04:47:36.641Z","level":"debug","scope":"sqlite","message":"query","meta":{"sql":"Executing (default): PRAGMA INDEX_LIST(`inventory_adjustments`)"}}
{"ts":"2026-09-28T04:47:36.642Z","level":"debug","scope":"sqlite","message":"query","meta":{"sql":"Executing (default): PRAGMA INDEX_INFO(`sqlite_autoindex_inventory_adjustments_1`)"}}
{"ts":"2026-09-28T04:47:36.643Z","level":"debug","scope":"sqlite","message":"query","meta":{"sql":"Executing (default): SELECT name FROM sqlite_master WHERE type='table' AND name='employees';"}}
{"ts":"2026-09-28T04:47:36.645Z","level":"debug","scope":"sqlite","message":"query","meta":{"sql":"Executing (default): PRAGMA INDEX_LIST(`employees`)"}}
{"ts":"2026-09-28T04:47:36.646Z","level":"debug","scope":"sqlite","message":"query","meta":{"sql":"Executing (default): PRAGMA INDEX_INFO(`sqlite_autoindex_employees_1`)"}}
{"ts":"2026-09-28T04:47:36.648Z","level":"debug","scope":"sqlite","message":"query","meta":{"sql":"Executing (default): SELECT name FROM sqlite_master WHERE type='table' AND name='quotations';"}}
{"ts":"2026-09-28T04:47:36.654Z","level":"debug","scope":"sqlite","message":"query","meta":{"sql":"Executing (default): PRAGMA INDEX_LIST(`quotations`)"}}
{"ts":"2026-09-28T04:47:36.655Z","level":"debug","scope":"sqlite","message":"query","meta":{"sql":"Executing (default): PRAGMA INDEX_INFO(`sqlite_autoindex_quotations_1`)"}}
{"ts":"2026-09-28T04:47:36.655Z","level":"debug","scope":"sqlite","message":"query","meta":{"sql":"Executing (default): PRAGMA INDEX_INFO(`quotations_quote_no_uk`)"}}
{"ts":"2026-09-28T04:47:36.657Z","level":"debug","scope":"sqlite","message":"query","meta":{"sql":"Executing (default): SELECT name FROM sqlite_master WHERE type='table' AND name='vendors';"}}
{"ts":"2026-09-28T04:47:36.658Z","level":"debug","scope":"sqlite","message":"query","meta":{"sql":"Executing (default): PRAGMA INDEX_LIST(`vendors`)"}}
{"ts":"2026-09-28T04:47:36.659Z","level":"debug","scope":"sqlite","message":"query","meta":{"sql":"Executing (default): PRAGMA INDEX_INFO(`sqlite_autoindex_vendors_1`)"}}
{"ts":"2026-09-28T04:47:36.661Z","level":"debug","scope":"sqlite","message":"query","meta":{"sql":"Executing (default): SELECT name FROM sqlite_master WHERE type='table' AND name='purchases';"}}
{"ts":"2026-09-28T04:47:36.662Z","level":"debug","scope":"sqlite","message":"query","meta":{"sql":"Executing (default): PRAGMA INDEX_LIST(`purchases`)"}}
{"ts":"2026-09-28T04:47:36.664Z","level":"debug","scope":"sqlite","message":"query","meta":{"sql":"Executing (default): PRAGMA INDEX_INFO(`sqlite_autoindex_purchases_1`)"}}
{"ts":"2026-09-28T04:47:36.665Z","level":"debug","scope":"sqlite","message":"query","meta":{"sql":"Executing (default): SELECT name FROM sqlite_master WHERE type='table' AND name='orders';"}}
{"ts":"2026-09-28T04:47:36.667Z","level":"debug","scope":"sqlite","message":"query","meta":{"sql":"Executing (default): PRAGMA INDEX_LIST(`orders`)"}}
{"ts":"2026-09-28T04:47:36.668Z","level":"debug","scope":"sqlite","message":"query","meta":{"sql":"Executing (default): PRAGMA INDEX_INFO(`sqlite_autoindex_orders_1`)"}}
{"ts":"2026-09-28T04:47:36.669Z","level":"debug","scope":"sqlite","message":"query","meta":{"sql":"Executing (default): PRAGMA INDEX_INFO(`orders_order_no_uk`)"}}
{"ts":"2026-09-28T04:47:36.670Z","level":"debug","scope":"sqlite","message":"query","meta":{"sql":"Executing (default): SELECT name FROM sqlite_master WHERE type='table' AND name='barcode_templates';"}}
{"ts":"2026-09-28T04:47:36.672Z","level":"debug","scope":"sqlite","message":"query","meta":{"sql":"Executing (default): PRAGMA INDEX_LIST(`barcode_templates`)"}}
{"ts":"2026-09-28T04:47:36.673Z","level":"debug","scope":"sqlite","message":"query","meta":{"sql":"Executing (default): PRAGMA INDEX_INFO(`sqlite_autoindex_barcode_templates_1`)"}}
{"ts":"2026-09-28T04:47:36.674Z","level":"debug","scope":"sqlite","message":"query","meta":{"sql":"Executing (default): SELECT name FROM sqlite_master WHERE type='table' AND name='settings';"}}
{"ts":"2026-09-28T04:47:36.676Z","level":"debug","scope":"sqlite","message":"query","meta":{"sql":"Executing (default): PRAGMA INDEX_LIST(`settings`)"}}
{"ts":"2026-09-28T04:47:36.677Z","level":"debug","scope":"sqlite","message":"query","meta":{"sql":"Executing (default): PRAGMA INDEX_INFO(`sqlite_autoindex_settings_1`)"}}
{"ts":"2026-09-28T04:47:36.677Z","level":"debug","scope":"sqlite","message":"query","meta":{"sql":"Executing (default): PRAGMA INDEX_INFO(`settings_new_key_uk`)"}}
{"ts":"2026-09-28T04:47:36.679Z","level":"debug","scope":"sqlite","message":"query","meta":{"sql":"Executing (default): SELECT name FROM sqlite_master WHERE type='table' AND name='shops';"}}
{"ts":"2026-09-28T04:47:36.680Z","level":"debug","scope":"sqlite","message":"query","meta":{"sql":"Executing (default): PRAGMA INDEX_LIST(`shops`)"}}
{"ts":"2026-09-28T04:47:36.683Z","level":"debug","scope":"sqlite","message":"query","meta":{"sql":"Executing (default): PRAGMA INDEX_INFO(`sqlite_autoindex_shops_1`)"}}
{"ts":"2026-09-28T04:47:36.686Z","level":"debug","scope":"sqlite","message":"query","meta":{"sql":"Executing (default): SELECT name FROM sqlite_master WHERE type='table' AND name='devices';"}}
{"ts":"2026-09-28T04:47:36.687Z","level":"debug","scope":"sqlite","message":"query","meta":{"sql":"Executing (default): PRAGMA INDEX_LIST(`devices`)"}}
{"ts":"2026-09-28T04:47:36.689Z","level":"debug","scope":"sqlite","message":"query","meta":{"sql":"Executing (default): PRAGMA INDEX_INFO(`sqlite_autoindex_devices_1`)"}}
{"ts":"2026-09-28T04:47:36.690Z","level":"debug","scope":"sqlite","message":"query","meta":{"sql":"Executing (default): PRAGMA INDEX_INFO(`sqlite_autoindex_devices_2`)"}}
{"ts":"2026-09-28T04:47:36.691Z","level":"debug","scope":"sqlite","message":"query","meta":{"sql":"Executing (default): PRAGMA INDEX_INFO(`devices_shop_id_device_identifier`)"}}
{"ts":"2026-09-28T04:47:36.691Z","level":"debug","scope":"sqlite","message":"query","meta":{"sql":"Executing (default): PRAGMA INDEX_INFO(`devices_shop_id_role`)"}}
{"ts":"2026-09-28T04:47:36.692Z","level":"debug","scope":"sqlite","message":"query","meta":{"sql":"Executing (default): PRAGMA INDEX_INFO(`devices_shop_id_status`)"}}
{"ts":"2026-09-28T04:47:36.694Z","level":"debug","scope":"sqlite","message":"query","meta":{"sql":"Executing (default): SELECT name FROM sqlite_master WHERE type='table' AND name='invoice_sequences';"}}
{"ts":"2026-09-28T04:47:36.696Z","level":"debug","scope":"sqlite","message":"query","meta":{"sql":"Executing (default): PRAGMA INDEX_LIST(`invoice_sequences`)"}}
{"ts":"2026-09-28T04:47:36.697Z","level":"debug","scope":"sqlite","message":"query","meta":{"sql":"Executing (default): PRAGMA INDEX_INFO(`sqlite_autoindex_invoice_sequences_1`)"}}
{"ts":"2026-09-28T04:47:36.697Z","level":"debug","scope":"sqlite","message":"query","meta":{"sql":"Executing (default): PRAGMA INDEX_INFO(`inv_seq_shop_date_prefix`)"}}
{"ts":"2026-09-28T04:47:36.699Z","level":"debug","scope":"sqlite","message":"query","meta":{"sql":"Executing (default): PRAGMA INDEX_INFO(`invoice_sequences_shop_id_sequence_date_prefix`)"}}
{"ts":"2026-09-28T04:47:36.704Z","level":"debug","scope":"sqlite","message":"query","meta":{"sql":"Executing (default): SELECT name FROM sqlite_master WHERE type='table' AND name='barcode_sequences';"}}
{"ts":"2026-09-28T04:47:36.706Z","level":"debug","scope":"sqlite","message":"query","meta":{"sql":"Executing (default): PRAGMA INDEX_LIST(`barcode_sequences`)"}}
{"ts":"2026-09-28T04:47:36.707Z","level":"debug","scope":"sqlite","message":"query","meta":{"sql":"Executing (default): PRAGMA INDEX_INFO(`sqlite_autoindex_barcode_sequences_1`)"}}
{"ts":"2026-09-28T04:47:36.708Z","level":"debug","scope":"sqlite","message":"query","meta":{"sql":"Executing (default): SELECT name FROM sqlite_master WHERE type='table' AND name='schema_meta';"}}
{"ts":"2026-09-28T04:47:36.710Z","level":"debug","scope":"sqlite","message":"query","meta":{"sql":"Executing (default): PRAGMA INDEX_LIST(`schema_meta`)"}}
{"ts":"2026-09-28T04:47:36.711Z","level":"debug","scope":"sqlite","message":"query","meta":{"sql":"Executing (default): PRAGMA INDEX_INFO(`sqlite_autoindex_schema_meta_1`)"}}
{"ts":"2026-09-28T04:47:36.712Z","level":"debug","scope":"sqlite","message":"query","meta":{"sql":"Executing (default): SELECT name FROM sqlite_master WHERE type='table' AND name='inventory_movements';"}}
{"ts":"2026-09-28T04:47:36.713Z","level":"debug","scope":"sqlite","message":"query","meta":{"sql":"Executing (default): PRAGMA INDEX_LIST(`inventory_movements`)"}}
{"ts":"2026-09-28T04:47:36.715Z","level":"debug","scope":"sqlite","message":"query","meta":{"sql":"Executing (default): PRAGMA INDEX_INFO(`sqlite_autoindex_inventory_movements_1`)"}}
{"ts":"2026-09-28T04:47:36.717Z","level":"debug","scope":"sqlite","message":"query","meta":{"sql":"Executing (default): PRAGMA INDEX_INFO(`inv_mov_product_idx`)"}}
{"ts":"2026-09-28T04:47:36.718Z","level":"debug","scope":"sqlite","message":"query","meta":{"sql":"Executing (default): SELECT name FROM sqlite_master WHERE type='table' AND name='sale_authorities';"}}
{"ts":"2026-09-28T04:47:36.719Z","level":"debug","scope":"sqlite","message":"query","meta":{"sql":"Executing (default): PRAGMA INDEX_LIST(`sale_authorities`)"}}
{"ts":"2026-09-28T04:47:36.720Z","level":"debug","scope":"sqlite","message":"query","meta":{"sql":"Executing (default): PRAGMA INDEX_INFO(`sqlite_autoindex_sale_authorities_1`)"}}
{"ts":"2026-09-28T04:47:36.721Z","level":"debug","scope":"sqlite","message":"query","meta":{"sql":"Executing (default): PRAGMA INDEX_INFO(`sa_one_granted_per_entity`)"}}
{"ts":"2026-09-28T04:47:36.722Z","level":"debug","scope":"sqlite","message":"query","meta":{"sql":"Executing (default): PRAGMA INDEX_INFO(`sale_authorities_request_id`)"}}
{"ts":"2026-09-28T04:47:36.722Z","level":"debug","scope":"sqlite","message":"query","meta":{"sql":"Executing (default): PRAGMA INDEX_INFO(`sale_authorities_shop_id_status_expires_at`)"}}
{"ts":"2026-09-28T04:47:36.723Z","level":"debug","scope":"sqlite","message":"query","meta":{"sql":"Executing (default): PRAGMA INDEX_INFO(`sale_authorities_device_id_status`)"}}
{"ts":"2026-09-28T04:47:36.725Z","level":"debug","scope":"sqlite","message":"query","meta":{"sql":"Executing (default): SELECT name FROM sqlite_master WHERE type='table' AND name='cluster_state';"}}
{"ts":"2026-09-28T04:47:36.726Z","level":"debug","scope":"sqlite","message":"query","meta":{"sql":"Executing (default): PRAGMA INDEX_LIST(`cluster_state`)"}}
{"ts":"2026-09-28T04:47:36.727Z","level":"debug","scope":"sqlite","message":"query","meta":{"sql":"Executing (default): PRAGMA INDEX_INFO(`sqlite_autoindex_cluster_state_1`)"}}
{"ts":"2026-09-28T04:47:36.728Z","level":"debug","scope":"sqlite","message":"query","meta":{"sql":"Executing (default): PRAGMA INDEX_INFO(`sqlite_autoindex_cluster_state_2`)"}}
{"ts":"2026-09-28T04:47:36.729Z","level":"debug","scope":"sqlite","message":"query","meta":{"sql":"Executing (default): SELECT name FROM sqlite_master WHERE type='table' AND name='event_log';"}}
{"ts":"2026-09-28T04:47:36.734Z","level":"debug","scope":"sqlite","message":"query","meta":{"sql":"Executing (default): PRAGMA INDEX_LIST(`event_log`)"}}
{"ts":"2026-09-28T04:47:36.736Z","level":"debug","scope":"sqlite","message":"query","meta":{"sql":"Executing (default): PRAGMA INDEX_INFO(`sqlite_autoindex_event_log_1`)"}}
{"ts":"2026-09-28T04:47:36.737Z","level":"debug","scope":"sqlite","message":"query","meta":{"sql":"Executing (default): PRAGMA INDEX_INFO(`event_log_shop_id_seq`)"}}
{"ts":"2026-09-28T04:47:36.737Z","level":"debug","scope":"sqlite","message":"query","meta":{"sql":"Executing (default): PRAGMA INDEX_INFO(`event_log_shop_id_operation_id`)"}}
{"ts":"2026-09-28T04:47:36.739Z","level":"debug","scope":"sqlite","message":"query","meta":{"sql":"Executing (default): PRAGMA INDEX_INFO(`event_log_shop_id_created_at`)"}}
{"ts":"2026-09-28T04:47:36.741Z","level":"debug","scope":"sqlite","message":"query","meta":{"sql":"Executing (default): SELECT name FROM sqlite_master WHERE type='table' AND name='operation_ledger';"}}
{"ts":"2026-09-28T04:47:36.742Z","level":"debug","scope":"sqlite","message":"query","meta":{"sql":"Executing (default): PRAGMA INDEX_LIST(`operation_ledger`)"}}
{"ts":"2026-09-28T04:47:36.743Z","level":"debug","scope":"sqlite","message":"query","meta":{"sql":"Executing (default): PRAGMA INDEX_INFO(`sqlite_autoindex_operation_ledger_1`)"}}
{"ts":"2026-09-28T04:47:36.744Z","level":"debug","scope":"sqlite","message":"query","meta":{"sql":"Executing (default): PRAGMA INDEX_INFO(`operation_ledger_shop_id_operation_type_created_at`)"}}
{"ts":"2026-09-28T04:47:36.745Z","level":"debug","scope":"sqlite","message":"query","meta":{"sql":"Executing (default): SELECT name FROM sqlite_master WHERE type='table' AND name='audit_events';"}}
{"ts":"2026-09-28T04:47:36.747Z","level":"debug","scope":"sqlite","message":"query","meta":{"sql":"Executing (default): PRAGMA INDEX_LIST(`audit_events`)"}}
{"ts":"2026-09-28T04:47:36.748Z","level":"debug","scope":"sqlite","message":"query","meta":{"sql":"Executing (default): PRAGMA INDEX_INFO(`sqlite_autoindex_audit_events_1`)"}}
{"ts":"2026-09-28T04:47:36.749Z","level":"debug","scope":"sqlite","message":"query","meta":{"sql":"Executing (default): PRAGMA INDEX_INFO(`audit_events_shop_id_seq`)"}}
{"ts":"2026-09-28T04:47:36.751Z","level":"debug","scope":"sqlite","message":"query","meta":{"sql":"Executing (default): PRAGMA INDEX_INFO(`audit_events_shop_id_created_at`)"}}
{"ts":"2026-09-28T04:47:36.753Z","level":"debug","scope":"sqlite","message":"query","meta":{"sql":"Executing (default): SELECT name FROM sqlite_master WHERE type='table' AND name='replica_acks';"}}
{"ts":"2026-09-28T04:47:36.755Z","level":"debug","scope":"sqlite","message":"query","meta":{"sql":"Executing (default): PRAGMA INDEX_LIST(`replica_acks`)"}}
{"ts":"2026-09-28T04:47:36.756Z","level":"debug","scope":"sqlite","message":"query","meta":{"sql":"Executing (default): PRAGMA INDEX_INFO(`sqlite_autoindex_replica_acks_1`)"}}
{"ts":"2026-09-28T04:47:36.757Z","level":"debug","scope":"sqlite","message":"query","meta":{"sql":"Executing (default): PRAGMA INDEX_INFO(`replica_acks_shop_id_event_seq_device_id`)"}}
{"ts":"2026-09-28T04:47:36.757Z","level":"debug","scope":"sqlite","message":"query","meta":{"sql":"Executing (default): PRAGMA INDEX_INFO(`replica_acks_shop_id_event_seq`)"}}
{"ts":"2026-09-28T04:47:36.759Z","level":"debug","scope":"sqlite","message":"query","meta":{"sql":"Executing (default): SELECT name FROM sqlite_master WHERE type='table' AND name='payments';"}}
{"ts":"2026-09-28T04:47:36.760Z","level":"debug","scope":"sqlite","message":"query","meta":{"sql":"Executing (default): PRAGMA INDEX_LIST(`payments`)"}}
{"ts":"2026-09-28T04:47:36.761Z","level":"debug","scope":"sqlite","message":"query","meta":{"sql":"Executing (default): PRAGMA INDEX_INFO(`sqlite_autoindex_payments_1`)"}}
{"ts":"2026-09-28T04:47:36.763Z","level":"debug","scope":"sqlite","message":"query","meta":{"sql":"Executing (default): PRAGMA INDEX_INFO(`payments_shop_id_invoice_id`)"}}
{"ts":"2026-09-28T04:47:36.763Z","level":"debug","scope":"sqlite","message":"query","meta":{"sql":"Executing (default): PRAGMA INDEX_INFO(`payments_shop_id_customer_id`)"}}
{"ts":"2026-09-28T04:47:36.764Z","level":"debug","scope":"sqlite","message":"query","meta":{"sql":"Executing (default): PRAGMA INDEX_INFO(`payments_request_id`)"}}
{"ts":"2026-09-28T04:47:36.766Z","level":"debug","scope":"sqlite","message":"query","meta":{"sql":"Executing (default): SELECT name FROM sqlite_master WHERE type='table' AND name='customer_advances';"}}
{"ts":"2026-09-28T04:47:36.769Z","level":"debug","scope":"sqlite","message":"query","meta":{"sql":"Executing (default): PRAGMA INDEX_LIST(`customer_advances`)"}}
{"ts":"2026-09-28T04:47:36.770Z","level":"debug","scope":"sqlite","message":"query","meta":{"sql":"Executing (default): PRAGMA INDEX_INFO(`sqlite_autoindex_customer_advances_1`)"}}
{"ts":"2026-09-28T04:47:36.771Z","level":"debug","scope":"sqlite","message":"query","meta":{"sql":"Executing (default): PRAGMA INDEX_INFO(`customer_advances_shop_id_customer_id_status`)"}}
{"ts":"2026-09-28T04:47:36.772Z","level":"debug","scope":"sqlite","message":"query","meta":{"sql":"Executing (default): PRAGMA INDEX_INFO(`customer_advances_request_id`)"}}
{"ts":"2026-09-28T04:47:36.773Z","level":"debug","scope":"sqlite","message":"query","meta":{"sql":"Executing (default): SELECT name FROM sqlite_master WHERE type='table' AND name='customer_advance_applications';"}}
{"ts":"2026-09-28T04:47:36.775Z","level":"debug","scope":"sqlite","message":"query","meta":{"sql":"Executing (default): PRAGMA INDEX_LIST(`customer_advance_applications`)"}}
{"ts":"2026-09-28T04:47:36.776Z","level":"debug","scope":"sqlite","message":"query","meta":{"sql":"Executing (default): PRAGMA INDEX_INFO(`sqlite_autoindex_customer_advance_applications_1`)"}}
{"ts":"2026-09-28T04:47:36.776Z","level":"debug","scope":"sqlite","message":"query","meta":{"sql":"Executing (default): PRAGMA INDEX_INFO(`customer_advance_applications_advance_id`)"}}
{"ts":"2026-09-28T04:47:36.777Z","level":"debug","scope":"sqlite","message":"query","meta":{"sql":"Executing (default): PRAGMA INDEX_INFO(`customer_advance_applications_invoice_id`)"}}
{"ts":"2026-09-28T04:47:36.777Z","level":"debug","scope":"sqlite","message":"query","meta":{"sql":"Executing (default): PRAGMA INDEX_INFO(`customer_advance_applications_request_id`)"}}
{"ts":"2026-09-28T04:47:36.779Z","level":"debug","scope":"sqlite","message":"query","meta":{"sql":"Executing (default): SELECT name FROM sqlite_master WHERE type='table' AND name='product_status_history';"}}
{"ts":"2026-09-28T04:47:36.780Z","level":"debug","scope":"sqlite","message":"query","meta":{"sql":"Executing (default): PRAGMA INDEX_LIST(`product_status_history`)"}}
{"ts":"2026-09-28T04:47:36.781Z","level":"debug","scope":"sqlite","message":"query","meta":{"sql":"Executing (default): PRAGMA INDEX_INFO(`sqlite_autoindex_product_status_history_1`)"}}
{"ts":"2026-09-28T04:47:36.783Z","level":"debug","scope":"sqlite","message":"query","meta":{"sql":"Executing (default): PRAGMA INDEX_INFO(`product_status_history_shop_id_product_id`)"}}
{"ts":"2026-09-28T04:47:36.783Z","level":"debug","scope":"sqlite","message":"query","meta":{"sql":"Executing (default): PRAGMA INDEX_INFO(`product_status_history_reference_type_reference_id`)"}}
{"ts":"2026-09-28T04:47:36.785Z","level":"debug","scope":"sqlite","message":"query","meta":{"sql":"Executing (default): SELECT name FROM sqlite_master WHERE type='table' AND name='chart_of_accounts';"}}
{"ts":"2026-09-28T04:47:36.787Z","level":"debug","scope":"sqlite","message":"query","meta":{"sql":"Executing (default): PRAGMA INDEX_LIST(`chart_of_accounts`)"}}
{"ts":"2026-09-28T04:47:36.788Z","level":"debug","scope":"sqlite","message":"query","meta":{"sql":"Executing (default): PRAGMA INDEX_INFO(`sqlite_autoindex_chart_of_accounts_1`)"}}
{"ts":"2026-09-28T04:47:36.789Z","level":"debug","scope":"sqlite","message":"query","meta":{"sql":"Executing (default): PRAGMA INDEX_INFO(`coa_shop_code_uk`)"}}
{"ts":"2026-09-28T04:47:36.790Z","level":"debug","scope":"sqlite","message":"query","meta":{"sql":"Executing (default): SELECT name FROM sqlite_master WHERE type='table' AND name='journal_entries';"}}
{"ts":"2026-09-28T04:47:36.792Z","level":"debug","scope":"sqlite","message":"query","meta":{"sql":"Executing (default): PRAGMA INDEX_LIST(`journal_entries`)"}}
{"ts":"2026-09-28T04:47:36.793Z","level":"debug","scope":"sqlite","message":"query","meta":{"sql":"Executing (default): PRAGMA INDEX_INFO(`sqlite_autoindex_journal_entries_1`)"}}
{"ts":"2026-09-28T04:47:36.794Z","level":"debug","scope":"sqlite","message":"query","meta":{"sql":"Executing (default): PRAGMA INDEX_INFO(`journal_entries_shop_id_entry_date`)"}}
{"ts":"2026-09-28T04:47:36.795Z","level":"debug","scope":"sqlite","message":"query","meta":{"sql":"Executing (default): PRAGMA INDEX_INFO(`journal_entries_source_type_source_id`)"}}
{"ts":"2026-09-28T04:47:36.795Z","level":"debug","scope":"sqlite","message":"query","meta":{"sql":"Executing (default): PRAGMA INDEX_INFO(`journal_entries_request_id`)"}}
{"ts":"2026-09-28T04:47:36.796Z","level":"debug","scope":"sqlite","message":"query","meta":{"sql":"Executing (default): PRAGMA INDEX_INFO(`journal_entries_shop_id_financial_year_id`)"}}
{"ts":"2026-09-28T04:47:36.798Z","level":"debug","scope":"sqlite","message":"query","meta":{"sql":"Executing (default): SELECT name FROM sqlite_master WHERE type='table' AND name='journal_lines';"}}
{"ts":"2026-09-28T04:47:36.799Z","level":"debug","scope":"sqlite","message":"query","meta":{"sql":"Executing (default): PRAGMA INDEX_LIST(`journal_lines`)"}}
{"ts":"2026-09-28T04:47:36.802Z","level":"debug","scope":"sqlite","message":"query","meta":{"sql":"Executing (default): PRAGMA INDEX_INFO(`sqlite_autoindex_journal_lines_1`)"}}
{"ts":"2026-09-28T04:47:36.803Z","level":"debug","scope":"sqlite","message":"query","meta":{"sql":"Executing (default): PRAGMA INDEX_INFO(`journal_lines_journal_entry_id`)"}}
{"ts":"2026-09-28T04:47:36.803Z","level":"debug","scope":"sqlite","message":"query","meta":{"sql":"Executing (default): PRAGMA INDEX_INFO(`journal_lines_account_id`)"}}
{"ts":"2026-09-28T04:47:36.805Z","level":"debug","scope":"sqlite","message":"query","meta":{"sql":"Executing (default): SELECT name FROM sqlite_master WHERE type='table' AND name='shop_counters';"}}
{"ts":"2026-09-28T04:47:36.806Z","level":"debug","scope":"sqlite","message":"query","meta":{"sql":"Executing (default): PRAGMA INDEX_LIST(`shop_counters`)"}}
{"ts":"2026-09-28T04:47:36.807Z","level":"debug","scope":"sqlite","message":"query","meta":{"sql":"Executing (default): PRAGMA INDEX_INFO(`sqlite_autoindex_shop_counters_1`)"}}
{"ts":"2026-09-28T04:47:36.808Z","level":"debug","scope":"sqlite","message":"query","meta":{"sql":"Executing (default): PRAGMA INDEX_INFO(`shop_counters_shop_id_status`)"}}
{"ts":"2026-09-28T04:47:36.810Z","level":"debug","scope":"sqlite","message":"query","meta":{"sql":"Executing (default): SELECT name FROM sqlite_master WHERE type='table' AND name='credit_notes';"}}
{"ts":"2026-09-28T04:47:36.811Z","level":"debug","scope":"sqlite","message":"query","meta":{"sql":"Executing (default): PRAGMA INDEX_LIST(`credit_notes`)"}}
{"ts":"2026-09-28T04:47:36.812Z","level":"debug","scope":"sqlite","message":"query","meta":{"sql":"Executing (default): PRAGMA INDEX_INFO(`sqlite_autoindex_credit_notes_1`)"}}
{"ts":"2026-09-28T04:47:36.813Z","level":"debug","scope":"sqlite","message":"query","meta":{"sql":"Executing (default): PRAGMA INDEX_INFO(`credit_notes_shop_id_invoice_id`)"}}
{"ts":"2026-09-28T04:47:36.814Z","level":"debug","scope":"sqlite","message":"query","meta":{"sql":"Executing (default): PRAGMA INDEX_INFO(`credit_notes_no_uk`)"}}
{"ts":"2026-09-28T04:47:36.814Z","level":"debug","scope":"sqlite","message":"query","meta":{"sql":"Executing (default): PRAGMA INDEX_INFO(`credit_notes_request_id`)"}}
{"ts":"2026-09-28T04:47:36.818Z","level":"debug","scope":"sqlite","message":"query","meta":{"sql":"Executing (default): SELECT name FROM sqlite_master WHERE type='table' AND name='old_gold_receipts';"}}
{"ts":"2026-09-28T04:47:36.820Z","level":"debug","scope":"sqlite","message":"query","meta":{"sql":"Executing (default): PRAGMA INDEX_LIST(`old_gold_receipts`)"}}
{"ts":"2026-09-28T04:47:36.821Z","level":"debug","scope":"sqlite","message":"query","meta":{"sql":"Executing (default): PRAGMA INDEX_INFO(`sqlite_autoindex_old_gold_receipts_1`)"}}
{"ts":"2026-09-28T04:47:36.822Z","level":"debug","scope":"sqlite","message":"query","meta":{"sql":"Executing (default): PRAGMA INDEX_INFO(`old_gold_receipts_shop_id_invoice_id`)"}}
{"ts":"2026-09-28T04:47:36.822Z","level":"debug","scope":"sqlite","message":"query","meta":{"sql":"Executing (default): PRAGMA INDEX_INFO(`old_gold_receipt_no_uk`)"}}
{"ts":"2026-09-28T04:47:36.823Z","level":"debug","scope":"sqlite","message":"query","meta":{"sql":"Executing (default): PRAGMA INDEX_INFO(`old_gold_receipts_shop_id_old_gold_sale_id`)"}}
{"ts":"2026-09-28T04:47:36.823Z","level":"debug","scope":"sqlite","message":"query","meta":{"sql":"Executing (default): PRAGMA INDEX_INFO(`old_gold_receipts_shop_id_metal`)"}}
{"ts":"2026-09-28T04:47:36.827Z","level":"debug","scope":"sqlite","message":"query","meta":{"sql":"Executing (default): SELECT name FROM sqlite_master WHERE type='table' AND name='hsn_codes';"}}
{"ts":"2026-09-28T04:47:36.828Z","level":"debug","scope":"sqlite","message":"query","meta":{"sql":"Executing (default): PRAGMA INDEX_LIST(`hsn_codes`)"}}
{"ts":"2026-09-28T04:47:36.830Z","level":"debug","scope":"sqlite","message":"query","meta":{"sql":"Executing (default): PRAGMA INDEX_INFO(`sqlite_autoindex_hsn_codes_1`)"}}
{"ts":"2026-09-28T04:47:36.830Z","level":"debug","scope":"sqlite","message":"query","meta":{"sql":"Executing (default): PRAGMA INDEX_INFO(`hsn_shop_code_uk`)"}}
{"ts":"2026-09-28T04:47:36.832Z","level":"debug","scope":"sqlite","message":"query","meta":{"sql":"Executing (default): SELECT name FROM sqlite_master WHERE type='table' AND name='old_gold_sales';"}}
{"ts":"2026-09-28T04:47:36.834Z","level":"debug","scope":"sqlite","message":"query","meta":{"sql":"Executing (default): PRAGMA INDEX_LIST(`old_gold_sales`)"}}
{"ts":"2026-09-28T04:47:36.836Z","level":"debug","scope":"sqlite","message":"query","meta":{"sql":"Executing (default): PRAGMA INDEX_INFO(`sqlite_autoindex_old_gold_sales_1`)"}}
{"ts":"2026-09-28T04:47:36.837Z","level":"debug","scope":"sqlite","message":"query","meta":{"sql":"Executing (default): PRAGMA INDEX_INFO(`old_gold_sales_no_uk`)"}}
{"ts":"2026-09-28T04:47:36.838Z","level":"debug","scope":"sqlite","message":"query","meta":{"sql":"Executing (default): PRAGMA INDEX_INFO(`old_gold_sales_shop_id_business_date`)"}}
{"ts":"2026-09-28T04:47:36.838Z","level":"debug","scope":"sqlite","message":"query","meta":{"sql":"Executing (default): PRAGMA INDEX_INFO(`old_gold_sales_request_id`)"}}
{"ts":"2026-09-28T04:47:36.840Z","level":"debug","scope":"sqlite","message":"query","meta":{"sql":"Executing (default): SELECT name FROM sqlite_master WHERE type='table' AND name='draft_sales';"}}
{"ts":"2026-09-28T04:47:36.841Z","level":"debug","scope":"sqlite","message":"query","meta":{"sql":"Executing (default): PRAGMA INDEX_LIST(`draft_sales`)"}}
{"ts":"2026-09-28T04:47:36.842Z","level":"debug","scope":"sqlite","message":"query","meta":{"sql":"Executing (default): PRAGMA INDEX_INFO(`sqlite_autoindex_draft_sales_1`)"}}
{"ts":"2026-09-28T04:47:36.844Z","level":"debug","scope":"sqlite","message":"query","meta":{"sql":"Executing (default): SELECT name FROM sqlite_master WHERE type='table' AND name='purchase_items';"}}
{"ts":"2026-09-28T04:47:36.845Z","level":"debug","scope":"sqlite","message":"query","meta":{"sql":"Executing (default): PRAGMA INDEX_LIST(`purchase_items`)"}}
{"ts":"2026-09-28T04:47:36.846Z","level":"debug","scope":"sqlite","message":"query","meta":{"sql":"Executing (default): PRAGMA INDEX_INFO(`sqlite_autoindex_purchase_items_1`)"}}
{"ts":"2026-09-28T04:47:36.847Z","level":"debug","scope":"sqlite","message":"query","meta":{"sql":"Executing (default): SELECT name FROM sqlite_master WHERE type='table' AND name='cashbook_entries';"}}
{"ts":"2026-09-28T04:47:36.852Z","level":"debug","scope":"sqlite","message":"query","meta":{"sql":"Executing (default): PRAGMA INDEX_LIST(`cashbook_entries`)"}}
{"ts":"2026-09-28T04:47:36.854Z","level":"debug","scope":"sqlite","message":"query","meta":{"sql":"Executing (default): PRAGMA INDEX_INFO(`sqlite_autoindex_cashbook_entries_1`)"}}
{"ts":"2026-09-28T04:47:36.854Z","level":"debug","scope":"sqlite","message":"query","meta":{"sql":"Executing (default): PRAGMA INDEX_INFO(`cashbook_shop_date_idx`)"}}
{"ts":"2026-09-28T04:47:36.855Z","level":"debug","scope":"sqlite","message":"query","meta":{"sql":"Executing (default): PRAGMA INDEX_INFO(`cashbook_entries_shop_id_date`)"}}
{"ts":"2026-09-28T04:47:36.857Z","level":"debug","scope":"sqlite","message":"query","meta":{"sql":"Executing (default): SELECT name FROM sqlite_master WHERE type='table' AND name='metal_issues';"}}
{"ts":"2026-09-28T04:47:36.859Z","level":"debug","scope":"sqlite","message":"query","meta":{"sql":"Executing (default): PRAGMA INDEX_LIST(`metal_issues`)"}}
{"ts":"2026-09-28T04:47:36.860Z","level":"debug","scope":"sqlite","message":"query","meta":{"sql":"Executing (default): PRAGMA INDEX_INFO(`sqlite_autoindex_metal_issues_1`)"}}
{"ts":"2026-09-28T04:47:36.861Z","level":"debug","scope":"sqlite","message":"query","meta":{"sql":"Executing (default): PRAGMA INDEX_INFO(`metal_issues_shop_id_karigar_vendor_id`)"}}
{"ts":"2026-09-28T04:47:36.862Z","level":"debug","scope":"sqlite","message":"query","meta":{"sql":"Executing (default): PRAGMA INDEX_INFO(`metal_issues_order_id`)"}}
{"ts":"2026-09-28T04:47:36.863Z","level":"debug","scope":"sqlite","message":"query","meta":{"sql":"Executing (default): SELECT name FROM sqlite_master WHERE type='table' AND name='gold_rate_history';"}}
{"ts":"2026-09-28T04:47:36.865Z","level":"debug","scope":"sqlite","message":"query","meta":{"sql":"Executing (default): PRAGMA INDEX_LIST(`gold_rate_history`)"}}
{"ts":"2026-09-28T04:47:36.868Z","level":"debug","scope":"sqlite","message":"query","meta":{"sql":"Executing (default): PRAGMA INDEX_INFO(`sqlite_autoindex_gold_rate_history_1`)"}}
{"ts":"2026-09-28T04:47:36.869Z","level":"debug","scope":"sqlite","message":"query","meta":{"sql":"Executing (default): PRAGMA INDEX_INFO(`gold_rate_history_shop_id_created_at`)"}}
{"ts":"2026-09-28T04:47:36.871Z","level":"debug","scope":"sqlite","message":"query","meta":{"sql":"Executing (default): SELECT name FROM sqlite_master WHERE type='table' AND name='billing_rate_events';"}}
{"ts":"2026-09-28T04:47:36.872Z","level":"debug","scope":"sqlite","message":"query","meta":{"sql":"Executing (default): PRAGMA INDEX_LIST(`billing_rate_events`)"}}
{"ts":"2026-09-28T04:47:36.873Z","level":"debug","scope":"sqlite","message":"query","meta":{"sql":"Executing (default): PRAGMA INDEX_INFO(`sqlite_autoindex_billing_rate_events_1`)"}}
{"ts":"2026-09-28T04:47:36.873Z","level":"debug","scope":"sqlite","message":"query","meta":{"sql":"Executing (default): PRAGMA INDEX_INFO(`billing_rate_events_shop_id_created_at`)"}}
{"ts":"2026-09-28T04:47:36.876Z","level":"debug","scope":"sqlite","message":"query","meta":{"sql":"Executing (default): SELECT name FROM sqlite_master WHERE type='table' AND name='pure_products';"}}
{"ts":"2026-09-28T04:47:36.877Z","level":"debug","scope":"sqlite","message":"query","meta":{"sql":"Executing (default): PRAGMA INDEX_LIST(`pure_products`)"}}
{"ts":"2026-09-28T04:47:36.878Z","level":"debug","scope":"sqlite","message":"query","meta":{"sql":"Executing (default): PRAGMA INDEX_INFO(`sqlite_autoindex_pure_products_1`)"}}
{"ts":"2026-09-28T04:47:36.878Z","level":"debug","scope":"sqlite","message":"query","meta":{"sql":"Executing (default): PRAGMA INDEX_INFO(`pure_products_shop_metal_form_weight_uk`)"}}
{"ts":"2026-09-28T04:47:36.880Z","level":"debug","scope":"sqlite","message":"query","meta":{"sql":"Executing (default): SELECT name FROM sqlite_master WHERE type='table' AND name='bank_accounts';"}}
{"ts":"2026-09-28T04:47:36.881Z","level":"debug","scope":"sqlite","message":"query","meta":{"sql":"Executing (default): PRAGMA INDEX_LIST(`bank_accounts`)"}}
{"ts":"2026-09-28T04:47:36.883Z","level":"debug","scope":"sqlite","message":"query","meta":{"sql":"Executing (default): PRAGMA INDEX_INFO(`sqlite_autoindex_bank_accounts_1`)"}}
{"ts":"2026-09-28T04:47:36.884Z","level":"debug","scope":"sqlite","message":"query","meta":{"sql":"Executing (default): PRAGMA INDEX_INFO(`bank_accounts_shop_id_status`)"}}
{"ts":"2026-09-28T04:47:36.887Z","level":"debug","scope":"sqlite","message":"query","meta":{"sql":"Executing (default): SELECT name FROM sqlite_master WHERE type='table' AND name='bank_reconciliation_items';"}}
{"ts":"2026-09-28T04:47:36.888Z","level":"debug","scope":"sqlite","message":"query","meta":{"sql":"Executing (default): PRAGMA INDEX_LIST(`bank_reconciliation_items`)"}}
{"ts":"2026-09-28T04:47:36.889Z","level":"debug","scope":"sqlite","message":"query","meta":{"sql":"Executing (default): PRAGMA INDEX_INFO(`sqlite_autoindex_bank_reconciliation_items_1`)"}}
{"ts":"2026-09-28T04:47:36.890Z","level":"debug","scope":"sqlite","message":"query","meta":{"sql":"Executing (default): PRAGMA INDEX_INFO(`bank_reconciliation_items_shop_id_bank_account_id`)"}}
{"ts":"2026-09-28T04:47:36.891Z","level":"debug","scope":"sqlite","message":"query","meta":{"sql":"Executing (default): PRAGMA INDEX_INFO(`bank_reconciliation_items_journal_line_id`)"}}
{"ts":"2026-09-28T04:47:36.892Z","level":"debug","scope":"sqlite","message":"query","meta":{"sql":"Executing (default): SELECT name FROM sqlite_master WHERE type='table' AND name='barcode_stock_check_sessions';"}}
{"ts":"2026-09-28T04:47:36.893Z","level":"debug","scope":"sqlite","message":"query","meta":{"sql":"Executing (default): PRAGMA INDEX_LIST(`barcode_stock_check_sessions`)"}}
{"ts":"2026-09-28T04:47:36.894Z","level":"debug","scope":"sqlite","message":"query","meta":{"sql":"Executing (default): PRAGMA INDEX_INFO(`sqlite_autoindex_barcode_stock_check_sessions_1`)"}}
{"ts":"2026-09-28T04:47:36.895Z","level":"debug","scope":"sqlite","message":"query","meta":{"sql":"Executing (default): PRAGMA INDEX_INFO(`barcode_stock_check_sessions_shop_status_idx`)"}}
{"ts":"2026-09-28T04:47:36.897Z","level":"debug","scope":"sqlite","message":"query","meta":{"sql":"Executing (default): SELECT name FROM sqlite_master WHERE type='table' AND name='barcode_stock_check_scans';"}}
{"ts":"2026-09-28T04:47:36.898Z","level":"debug","scope":"sqlite","message":"query","meta":{"sql":"Executing (default): PRAGMA INDEX_LIST(`barcode_stock_check_scans`)"}}
{"ts":"2026-09-28T04:47:36.900Z","level":"debug","scope":"sqlite","message":"query","meta":{"sql":"Executing (default): PRAGMA INDEX_INFO(`sqlite_autoindex_barcode_stock_check_scans_1`)"}}
{"ts":"2026-09-28T04:47:36.901Z","level":"debug","scope":"sqlite","message":"query","meta":{"sql":"Executing (default): PRAGMA INDEX_INFO(`barcode_stock_check_scans_session_barcode_idx`)"}}
{"ts":"2026-09-28T04:47:36.902Z","level":"debug","scope":"sqlite","message":"query","meta":{"sql":"Executing (default): PRAGMA INDEX_INFO(`barcode_stock_check_scans_session_result_idx`)"}}
{"ts":"2026-09-28T04:47:36.904Z","level":"debug","scope":"sqlite","message":"query","meta":{"sql":"Executing (default): SELECT name FROM sqlite_master WHERE type='table' AND name='financial_years';"}}
{"ts":"2026-09-28T04:47:36.906Z","level":"debug","scope":"sqlite","message":"query","meta":{"sql":"Executing (default): PRAGMA INDEX_LIST(`financial_years`)"}}
{"ts":"2026-09-28T04:47:36.907Z","level":"debug","scope":"sqlite","message":"query","meta":{"sql":"Executing (default): PRAGMA INDEX_INFO(`sqlite_autoindex_financial_years_1`)"}}
{"ts":"2026-09-28T04:47:36.908Z","level":"debug","scope":"sqlite","message":"query","meta":{"sql":"Executing (default): PRAGMA INDEX_INFO(`financial_years_shop_code_uk`)"}}
{"ts":"2026-09-28T04:47:36.908Z","level":"debug","scope":"sqlite","message":"query","meta":{"sql":"Executing (default): PRAGMA INDEX_INFO(`fy_shop_code_uk`)"}}
{"ts":"2026-09-28T04:47:36.909Z","level":"debug","scope":"sqlite","message":"query","meta":{"sql":"Executing (default): PRAGMA INDEX_INFO(`fy_shop_start_uk`)"}}
{"ts":"2026-09-28T04:47:36.909Z","level":"debug","scope":"sqlite","message":"query","meta":{"sql":"Executing (default): PRAGMA INDEX_INFO(`financial_years_shop_id_is_current`)"}}
{"ts":"2026-09-28T04:47:36.910Z","level":"debug","scope":"sqlite","message":"query","meta":{"sql":"Executing (default): PRAGMA INDEX_INFO(`financial_years_shop_id_status`)"}}
{"ts":"2026-09-28T04:47:36.912Z","level":"info","scope":"sqlite","message":"model sync complete"}
{"ts":"2026-09-28T04:47:36.922Z","level":"debug","scope":"sqlite","message":"query","meta":{"sql":"Executing (default): SELECT count(*) AS `count` FROM `shops` AS `Shop`;"}}
{"ts":"2026-09-28T04:47:36.930Z","level":"debug","scope":"sqlite","message":"query","meta":{"sql":"Executing (default): SELECT `id`, `name`, `code`, `gstin`, `phone`, `email`, `address`, `invoice_prefix`, `status`, `settings`, `created_at` AS `createdAt`, `updated_at` AS `updatedAt` FROM `shops` AS `Shop` WHERE `Shop`.`id` = '4ea2c175-6d55-44b9-a140-aa84b43e8379';"}}
{"ts":"2026-09-28T04:47:36.937Z","level":"debug","scope":"sqlite","message":"query","meta":{"sql":"Executing (default): SELECT count(*) AS `count` FROM `users` AS `User`;"}}
{"ts":"2026-09-28T04:47:36.940Z","level":"debug","scope":"sqlite","message":"query","meta":{"sql":"Executing (default): SELECT `id`, `email`, `name`, `password_hash`, `role`, `permissions`, `active`, `shop_id`, `version`, `deleted_at`, `origin_device_id`, `created_at` AS `createdAt`, `updated_at` AS `updatedAt` FROM `users` AS `User` WHERE `User`.`email` = 'slgt@erp';"}}
{"ts":"2026-09-28T04:47:36.945Z","level":"debug","scope":"sqlite","message":"query","meta":{"sql":"Executing (default): SELECT `id`, `key`, `value`, `shop_id`, `version`, `deleted_at`, `origin_device_id`, `created_at` AS `createdAt`, `updated_at` AS `updatedAt` FROM `settings` AS `Setting` WHERE `Setting`.`key` = 'shop_join_code';"}}
{"ts":"2026-09-28T04:47:36.948Z","level":"debug","scope":"sqlite","message":"query","meta":{"sql":"Executing (default): SELECT count(*) AS `count` FROM `settings` AS `Setting`;"}}
{"ts":"2026-09-28T04:47:36.956Z","level":"debug","scope":"sqlite","message":"query","meta":{"sql":"Executing (default): SELECT `id`, `type`, `name`, `code`, `description`, `color`, `meta`, `is_system`, `shop_id`, `version`, `deleted_at`, `origin_device_id`, `created_at` AS `createdAt`, `updated_at` AS `updatedAt` FROM `catalog_items` AS `CatalogItem` WHERE `CatalogItem`.`type` = 'metal_type' AND `CatalogItem`.`deleted_at` IS NULL AND `CatalogItem`.`code` IN ('GOLD', 'gold') LIMIT 1;"}}
{"ts":"2026-09-28T04:47:36.959Z","level":"debug","scope":"sqlite","message":"query","meta":{"sql":"Executing (default): SELECT `id`, `type`, `name`, `code`, `description`, `color`, `meta`, `is_system`, `shop_id`, `version`, `deleted_at`, `origin_device_id`, `created_at` AS `createdAt`, `updated_at` AS `updatedAt` FROM `catalog_items` AS `CatalogItem` WHERE `CatalogItem`.`type` = 'metal_type' AND `CatalogItem`.`deleted_at` IS NULL AND `CatalogItem`.`code` IN ('SILVER', 'silver') LIMIT 1;"}}
{"ts":"2026-09-28T04:47:36.964Z","level":"debug","scope":"sqlite","message":"query","meta":{"sql":"Executing (default): SELECT `id`, `type`, `name`, `code`, `description`, `color`, `meta`, `is_system`, `shop_id`, `version`, `deleted_at`, `origin_device_id`, `created_at` AS `createdAt`, `updated_at` AS `updatedAt` FROM `catalog_items` AS `CatalogItem` WHERE `CatalogItem`.`type` = 'unit' AND `CatalogItem`.`deleted_at` IS NULL AND `CatalogItem`.`code` IN ('g', 'G', 'gram', 'GRAM', 'grams', 'GRAMS') LIMIT 1;"}}
{"ts":"2026-09-28T04:47:36.968Z","level":"debug","scope":"sqlite","message":"query","meta":{"sql":"Executing (default): SELECT `id`, `type`, `name`, `code`, `description`, `color`, `meta`, `is_system`, `shop_id`, `version`, `deleted_at`, `origin_device_id`, `created_at` AS `createdAt`, `updated_at` AS `updatedAt` FROM `catalog_items` AS `CatalogItem` WHERE `CatalogItem`.`type` = 'unit' AND `CatalogItem`.`deleted_at` IS NULL AND `CatalogItem`.`code` IN ('pc', 'PC', 'piece', 'PIECE', 'pcs', 'PCS') LIMIT 1;"}}
{"ts":"2026-09-28T04:47:36.972Z","level":"debug","scope":"sqlite","message":"query","meta":{"sql":"Executing (default): SELECT `id`, `type`, `name`, `code`, `description`, `color`, `meta`, `is_system`, `shop_id`, `version`, `deleted_at`, `origin_device_id`, `created_at` AS `createdAt`, `updated_at` AS `updatedAt` FROM `catalog_items` AS `CatalogItem` WHERE `CatalogItem`.`type` = 'unit' AND `CatalogItem`.`deleted_at` IS NULL AND `CatalogItem`.`code` IN ('tray', 'TRAY') LIMIT 1;"}}
{"ts":"2026-09-28T04:47:36.975Z","level":"debug","scope":"sqlite","message":"query","meta":{"sql":"Executing (default): SELECT `id`, `type`, `name`, `code`, `description`, `color`, `meta`, `is_system`, `shop_id`, `version`, `deleted_at`, `origin_device_id`, `created_at` AS `createdAt`, `updated_at` AS `updatedAt` FROM `catalog_items` AS `CatalogItem` WHERE `CatalogItem`.`type` = 'purity' AND `CatalogItem`.`deleted_at` IS NULL AND `CatalogItem`.`code` IN ('18K', '18k') LIMIT 1;"}}
{"ts":"2026-09-28T04:47:36.988Z","level":"debug","scope":"sqlite","message":"query","meta":{"sql":"Executing (default): UPDATE `catalog_items` SET `meta`=$1,`updated_at`=$2 WHERE `id` = $3"}}
{"ts":"2026-09-28T04:47:36.993Z","level":"debug","scope":"sqlite","message":"query","meta":{"sql":"Executing (default): SELECT `id`, `type`, `name`, `code`, `description`, `color`, `meta`, `is_system`, `shop_id`, `version`, `deleted_at`, `origin_device_id`, `created_at` AS `createdAt`, `updated_at` AS `updatedAt` FROM `catalog_items` AS `CatalogItem` WHERE `CatalogItem`.`type` = 'purity' AND `CatalogItem`.`deleted_at` IS NULL AND `CatalogItem`.`code` IN ('22K', '22k', '22K BIS916', '22k bis916') LIMIT 1;"}}
{"ts":"2026-09-28T04:47:36.997Z","level":"debug","scope":"sqlite","message":"query","meta":{"sql":"Executing (default): UPDATE `catalog_items` SET `meta`=$1,`updated_at`=$2 WHERE `id` = $3"}}
{"ts":"2026-09-28T04:47:37.005Z","level":"debug","scope":"sqlite","message":"query","meta":{"sql":"Executing (default): SELECT `id`, `type`, `name`, `code`, `description`, `color`, `meta`, `is_system`, `shop_id`, `version`, `deleted_at`, `origin_device_id`, `created_at` AS `createdAt`, `updated_at` AS `updatedAt` FROM `catalog_items` AS `CatalogItem` WHERE `CatalogItem`.`type` = 'purity' AND `CatalogItem`.`deleted_at` IS NULL AND `CatalogItem`.`code` IN ('24K', '24k') LIMIT 1;"}}
{"ts":"2026-09-28T04:47:37.010Z","level":"debug","scope":"sqlite","message":"query","meta":{"sql":"Executing (default): UPDATE `catalog_items` SET `meta`=$1,`updated_at`=$2 WHERE `id` = $3"}}
{"ts":"2026-09-28T04:47:37.015Z","level":"debug","scope":"sqlite","message":"query","meta":{"sql":"Executing (default): SELECT `id`, `type`, `name`, `code`, `description`, `color`, `meta`, `is_system`, `shop_id`, `version`, `deleted_at`, `origin_device_id`, `created_at` AS `createdAt`, `updated_at` AS `updatedAt` FROM `catalog_items` AS `CatalogItem` WHERE `CatalogItem`.`type` = 'purity' AND `CatalogItem`.`deleted_at` IS NULL AND `CatalogItem`.`code` IN ('999') LIMIT 1;"}}
{"ts":"2026-09-28T04:47:37.020Z","level":"debug","scope":"sqlite","message":"query","meta":{"sql":"Executing (default): UPDATE `catalog_items` SET `meta`=$1,`updated_at`=$2 WHERE `id` = $3"}}
{"ts":"2026-09-28T04:47:37.025Z","level":"debug","scope":"sqlite","message":"query","meta":{"sql":"Executing (default): SELECT `id`, `type`, `name`, `code`, `description`, `color`, `meta`, `is_system`, `shop_id`, `version`, `deleted_at`, `origin_device_id`, `created_at` AS `createdAt`, `updated_at` AS `updatedAt` FROM `catalog_items` AS `CatalogItem` WHERE `CatalogItem`.`type` = 'purity' AND `CatalogItem`.`deleted_at` IS NULL AND `CatalogItem`.`code` IN ('925', 'S925', 's925') LIMIT 1;"}}
{"ts":"2026-09-28T04:47:37.028Z","level":"debug","scope":"sqlite","message":"query","meta":{"sql":"Executing (default): UPDATE `catalog_items` SET `meta`=$1,`updated_at`=$2 WHERE `id` = $3"}}
{"ts":"2026-09-28T04:47:37.036Z","level":"debug","scope":"sqlite","message":"query","meta":{"sql":"Executing (default): SELECT `id`, `key`, `value`, `shop_id`, `version`, `deleted_at`, `origin_device_id`, `created_at` AS `createdAt`, `updated_at` AS `updatedAt` FROM `settings` AS `Setting` WHERE `Setting`.`key` = 'lan_coordination_secret';"}}
{"ts":"2026-09-28T04:47:37.039Z","level":"debug","scope":"sqlite","message":"query","meta":{"sql":"Executing (default): SELECT `id`, `key`, `value`, `shop_id`, `version`, `deleted_at`, `origin_device_id`, `created_at` AS `createdAt`, `updated_at` AS `updatedAt` FROM `settings` AS `Setting` WHERE `Setting`.`key` = 'lan_coordination_secret';"}}
{"ts":"2026-09-28T04:47:37.043Z","level":"debug","scope":"sqlite","message":"query","meta":{"sql":"Executing (default): UPDATE `settings` SET `value`=$1,`updated_at`=$2 WHERE `id` = $3"}}
{"ts":"2026-09-28T04:47:37.051Z","level":"debug","scope":"sqlite","message":"query","meta":{"sql":"Executing (default): SELECT `id` FROM `shops` AS `Shop`;"}}
{"ts":"2026-09-28T04:47:37.054Z","level":"debug","scope":"sqlite","message":"query","meta":{"sql":"Executing (default): SELECT `id`, `name`, `code`, `gstin`, `phone`, `email`, `address`, `invoice_prefix`, `status`, `settings`, `created_at` AS `createdAt`, `updated_at` AS `updatedAt` FROM `shops` AS `Shop` WHERE `Shop`.`id` = '4ea2c175-6d55-44b9-a140-aa84b43e8379';"}}
{"ts":"2026-09-28T04:47:37.057Z","level":"debug","scope":"sqlite","message":"query","meta":{"sql":"Executing (default): SELECT `id`, `key`, `value`, `shop_id`, `version`, `deleted_at`, `origin_device_id`, `created_at` AS `createdAt`, `updated_at` AS `updatedAt` FROM `settings` AS `Setting` WHERE `Setting`.`key` = 'erp_opening_setup_complete:4ea2c175-6d55-44b9-a140-aa84b43e8379';"}}
{"ts":"2026-09-28T04:47:37.059Z","level":"debug","scope":"sqlite","message":"query","meta":{"sql":"Executing (default): SELECT name FROM sqlite_master WHERE type='table' AND name = 'journal_entries'"}}
{"ts":"2026-09-28T04:47:37.060Z","level":"debug","scope":"sqlite","message":"query","meta":{"sql":"Executing (default): PRAGMA table_info(\"journal_entries\")"}}
{"ts":"2026-09-28T04:47:37.062Z","level":"debug","scope":"sqlite","message":"query","meta":{"sql":"Executing (default): UPDATE journal_entries SET financial_mode = 'LIVE'\n         WHERE shop_id = '4ea2c175-6d55-44b9-a140-aa84b43e8379' AND financial_mode IS NULL AND (source_type = 'opening_balance' OR is_opening = 1)"}}
{"ts":"2026-09-28T04:47:37.063Z","level":"debug","scope":"sqlite","message":"query","meta":{"sql":"Executing (default): UPDATE journal_entries SET financial_mode = 'PRE_ACCOUNTS'\n           WHERE shop_id = '4ea2c175-6d55-44b9-a140-aa84b43e8379' AND financial_mode IS NULL AND created_at < '2026-09-11T13:04:10.955Z'"}}
{"ts":"2026-09-28T04:47:37.066Z","level":"debug","scope":"sqlite","message":"query","meta":{"sql":"Executing (default): UPDATE journal_entries SET financial_mode = 'LIVE'\n           WHERE shop_id = '4ea2c175-6d55-44b9-a140-aa84b43e8379' AND financial_mode IS NULL AND created_at >= '2026-09-11T13:04:10.955Z'"}}
{"ts":"2026-09-28T04:47:37.068Z","level":"debug","scope":"sqlite","message":"query","meta":{"sql":"Executing (default): SELECT name FROM sqlite_master WHERE type='table' AND name = 'invoices'"}}
{"ts":"2026-09-28T04:47:37.070Z","level":"debug","scope":"sqlite","message":"query","meta":{"sql":"Executing (default): PRAGMA table_info(\"invoices\")"}}
{"ts":"2026-09-28T04:47:37.072Z","level":"debug","scope":"sqlite","message":"query","meta":{"sql":"Executing (default): UPDATE invoices SET financial_mode = 'PRE_ACCOUNTS'\n           WHERE financial_mode IS NULL AND (shop_id = '4ea2c175-6d55-44b9-a140-aa84b43e8379' OR shop_id IS NULL) AND created_at < '2026-09-11T13:04:10.955Z'"}}
{"ts":"2026-09-28T04:47:37.073Z","level":"debug","scope":"sqlite","message":"query","meta":{"sql":"Executing (default): UPDATE invoices SET financial_mode = 'LIVE'\n           WHERE financial_mode IS NULL AND (shop_id = '4ea2c175-6d55-44b9-a140-aa84b43e8379' OR shop_id IS NULL) AND created_at >= '2026-09-11T13:04:10.955Z'"}}
{"ts":"2026-09-28T04:47:37.075Z","level":"debug","scope":"sqlite","message":"query","meta":{"sql":"Executing (default): SELECT name FROM sqlite_master WHERE type='table' AND name = 'payments'"}}
{"ts":"2026-09-28T04:47:37.077Z","level":"debug","scope":"sqlite","message":"query","meta":{"sql":"Executing (default): PRAGMA table_info(\"payments\")"}}
{"ts":"2026-09-28T04:47:37.078Z","level":"debug","scope":"sqlite","message":"query","meta":{"sql":"Executing (default): UPDATE payments SET financial_mode = 'PRE_ACCOUNTS'\n           WHERE financial_mode IS NULL AND (shop_id = '4ea2c175-6d55-44b9-a140-aa84b43e8379' OR shop_id IS NULL) AND created_at < '2026-09-11T13:04:10.955Z'"}}
{"ts":"2026-09-28T04:47:37.079Z","level":"debug","scope":"sqlite","message":"query","meta":{"sql":"Executing (default): UPDATE payments SET financial_mode = 'LIVE'\n           WHERE financial_mode IS NULL AND (shop_id = '4ea2c175-6d55-44b9-a140-aa84b43e8379' OR shop_id IS NULL) AND created_at >= '2026-09-11T13:04:10.955Z'"}}
{"ts":"2026-09-28T04:47:37.080Z","level":"debug","scope":"sqlite","message":"query","meta":{"sql":"Executing (default): SELECT name FROM sqlite_master WHERE type='table' AND name = 'expenses'"}}
{"ts":"2026-09-28T04:47:37.081Z","level":"debug","scope":"sqlite","message":"query","meta":{"sql":"Executing (default): PRAGMA table_info(\"expenses\")"}}
{"ts":"2026-09-28T04:47:37.084Z","level":"debug","scope":"sqlite","message":"query","meta":{"sql":"Executing (default): UPDATE expenses SET financial_mode = 'PRE_ACCOUNTS'\n           WHERE financial_mode IS NULL AND (shop_id = '4ea2c175-6d55-44b9-a140-aa84b43e8379' OR shop_id IS NULL) AND created_at < '2026-09-11T13:04:10.955Z'"}}
{"ts":"2026-09-28T04:47:37.085Z","level":"debug","scope":"sqlite","message":"query","meta":{"sql":"Executing (default): UPDATE expenses SET financial_mode = 'LIVE'\n           WHERE financial_mode IS NULL AND (shop_id = '4ea2c175-6d55-44b9-a140-aa84b43e8379' OR shop_id IS NULL) AND created_at >= '2026-09-11T13:04:10.955Z'"}}
{"ts":"2026-09-28T04:47:37.087Z","level":"debug","scope":"sqlite","message":"query","meta":{"sql":"Executing (default): SELECT name FROM sqlite_master WHERE type='table' AND name = 'purchases'"}}
{"ts":"2026-09-28T04:47:37.088Z","level":"debug","scope":"sqlite","message":"query","meta":{"sql":"Executing (default): PRAGMA table_info(\"purchases\")"}}
{"ts":"2026-09-28T04:47:37.089Z","level":"debug","scope":"sqlite","message":"query","meta":{"sql":"Executing (default): UPDATE purchases SET financial_mode = 'PRE_ACCOUNTS'\n           WHERE financial_mode IS NULL AND (shop_id = '4ea2c175-6d55-44b9-a140-aa84b43e8379' OR shop_id IS NULL) AND created_at < '2026-09-11T13:04:10.955Z'"}}
{"ts":"2026-09-28T04:47:37.090Z","level":"debug","scope":"sqlite","message":"query","meta":{"sql":"Executing (default): UPDATE purchases SET financial_mode = 'LIVE'\n           WHERE financial_mode IS NULL AND (shop_id = '4ea2c175-6d55-44b9-a140-aa84b43e8379' OR shop_id IS NULL) AND created_at >= '2026-09-11T13:04:10.955Z'"}}
{"ts":"2026-09-28T04:47:37.091Z","level":"debug","scope":"sqlite","message":"query","meta":{"sql":"Executing (default): SELECT name FROM sqlite_master WHERE type='table' AND name = 'customer_advances'"}}
{"ts":"2026-09-28T04:47:37.092Z","level":"debug","scope":"sqlite","message":"query","meta":{"sql":"Executing (default): PRAGMA table_info(\"customer_advances\")"}}
{"ts":"2026-09-28T04:47:37.094Z","level":"debug","scope":"sqlite","message":"query","meta":{"sql":"Executing (default): UPDATE customer_advances SET financial_mode = 'PRE_ACCOUNTS'\n           WHERE financial_mode IS NULL AND (shop_id = '4ea2c175-6d55-44b9-a140-aa84b43e8379' OR shop_id IS NULL) AND created_at < '2026-09-11T13:04:10.955Z'"}}
{"ts":"2026-09-28T04:47:37.095Z","level":"debug","scope":"sqlite","message":"query","meta":{"sql":"Executing (default): UPDATE customer_advances SET financial_mode = 'LIVE'\n           WHERE financial_mode IS NULL AND (shop_id = '4ea2c175-6d55-44b9-a140-aa84b43e8379' OR shop_id IS NULL) AND created_at >= '2026-09-11T13:04:10.955Z'"}}
{"ts":"2026-09-28T04:47:37.097Z","level":"debug","scope":"sqlite","message":"query","meta":{"sql":"Executing (default): SELECT name FROM sqlite_master WHERE type='table' AND name = 'customer_advance_applications'"}}
{"ts":"2026-09-28T04:47:37.101Z","level":"debug","scope":"sqlite","message":"query","meta":{"sql":"Executing (default): PRAGMA table_info(\"customer_advance_applications\")"}}
{"ts":"2026-09-28T04:47:37.104Z","level":"debug","scope":"sqlite","message":"query","meta":{"sql":"Executing (default): UPDATE customer_advance_applications SET financial_mode = 'PRE_ACCOUNTS'\n           WHERE financial_mode IS NULL AND (shop_id = '4ea2c175-6d55-44b9-a140-aa84b43e8379' OR shop_id IS NULL) AND created_at < '2026-09-11T13:04:10.955Z'"}}
{"ts":"2026-09-28T04:47:37.105Z","level":"debug","scope":"sqlite","message":"query","meta":{"sql":"Executing (default): UPDATE customer_advance_applications SET financial_mode = 'LIVE'\n           WHERE financial_mode IS NULL AND (shop_id = '4ea2c175-6d55-44b9-a140-aa84b43e8379' OR shop_id IS NULL) AND created_at >= '2026-09-11T13:04:10.955Z'"}}
{"ts":"2026-09-28T04:47:37.108Z","level":"debug","scope":"sqlite","message":"query","meta":{"sql":"Executing (default): SELECT name FROM sqlite_master WHERE type='table' AND name = 'quotations'"}}
{"ts":"2026-09-28T04:47:37.109Z","level":"debug","scope":"sqlite","message":"query","meta":{"sql":"Executing (default): PRAGMA table_info(\"quotations\")"}}
{"ts":"2026-09-28T04:47:37.112Z","level":"debug","scope":"sqlite","message":"query","meta":{"sql":"Executing (default): UPDATE quotations SET financial_mode = 'PRE_ACCOUNTS'\n           WHERE financial_mode IS NULL AND (shop_id = '4ea2c175-6d55-44b9-a140-aa84b43e8379' OR shop_id IS NULL) AND created_at < '2026-09-11T13:04:10.955Z'"}}
{"ts":"2026-09-28T04:47:37.114Z","level":"debug","scope":"sqlite","message":"query","meta":{"sql":"Executing (default): UPDATE quotations SET financial_mode = 'LIVE'\n           WHERE financial_mode IS NULL AND (shop_id = '4ea2c175-6d55-44b9-a140-aa84b43e8379' OR shop_id IS NULL) AND created_at >= '2026-09-11T13:04:10.955Z'"}}
{"ts":"2026-09-28T04:47:37.115Z","level":"debug","scope":"sqlite","message":"query","meta":{"sql":"Executing (default): SELECT name FROM sqlite_master WHERE type='table' AND name = 'credit_notes'"}}
{"ts":"2026-09-28T04:47:37.117Z","level":"debug","scope":"sqlite","message":"query","meta":{"sql":"Executing (default): PRAGMA table_info(\"credit_notes\")"}}
{"ts":"2026-09-28T04:47:37.119Z","level":"debug","scope":"sqlite","message":"query","meta":{"sql":"Executing (default): UPDATE credit_notes SET financial_mode = 'PRE_ACCOUNTS'\n           WHERE financial_mode IS NULL AND (shop_id = '4ea2c175-6d55-44b9-a140-aa84b43e8379' OR shop_id IS NULL) AND created_at < '2026-09-11T13:04:10.955Z'"}}
{"ts":"2026-09-28T04:47:37.120Z","level":"debug","scope":"sqlite","message":"query","meta":{"sql":"Executing (default): UPDATE credit_notes SET financial_mode = 'LIVE'\n           WHERE financial_mode IS NULL AND (shop_id = '4ea2c175-6d55-44b9-a140-aa84b43e8379' OR shop_id IS NULL) AND created_at >= '2026-09-11T13:04:10.955Z'"}}
{"ts":"2026-09-28T04:47:37.121Z","level":"debug","scope":"sqlite","message":"query","meta":{"sql":"Executing (default): SELECT name FROM sqlite_master WHERE type='table' AND name = 'old_gold_receipts'"}}
{"ts":"2026-09-28T04:47:37.122Z","level":"debug","scope":"sqlite","message":"query","meta":{"sql":"Executing (default): PRAGMA table_info(\"old_gold_receipts\")"}}
{"ts":"2026-09-28T04:47:37.124Z","level":"debug","scope":"sqlite","message":"query","meta":{"sql":"Executing (default): UPDATE old_gold_receipts SET financial_mode = 'PRE_ACCOUNTS'\n           WHERE financial_mode IS NULL AND (shop_id = '4ea2c175-6d55-44b9-a140-aa84b43e8379' OR shop_id IS NULL) AND created_at < '2026-09-11T13:04:10.955Z'"}}
{"ts":"2026-09-28T04:47:37.125Z","level":"debug","scope":"sqlite","message":"query","meta":{"sql":"Executing (default): UPDATE old_gold_receipts SET financial_mode = 'LIVE'\n           WHERE financial_mode IS NULL AND (shop_id = '4ea2c175-6d55-44b9-a140-aa84b43e8379' OR shop_id IS NULL) AND created_at >= '2026-09-11T13:04:10.955Z'"}}
{"ts":"2026-09-28T04:47:37.127Z","level":"debug","scope":"sqlite","message":"query","meta":{"sql":"Executing (default): SELECT name FROM sqlite_master WHERE type='table' AND name = 'cashbook_entries'"}}
{"ts":"2026-09-28T04:47:37.129Z","level":"debug","scope":"sqlite","message":"query","meta":{"sql":"Executing (default): PRAGMA table_info(\"cashbook_entries\")"}}
{"ts":"2026-09-28T04:47:37.131Z","level":"debug","scope":"sqlite","message":"query","meta":{"sql":"Executing (default): UPDATE cashbook_entries SET financial_mode = 'PRE_ACCOUNTS'\n           WHERE financial_mode IS NULL AND (shop_id = '4ea2c175-6d55-44b9-a140-aa84b43e8379' OR shop_id IS NULL) AND created_at < '2026-09-11T13:04:10.955Z'"}}
{"ts":"2026-09-28T04:47:37.133Z","level":"debug","scope":"sqlite","message":"query","meta":{"sql":"Executing (default): UPDATE cashbook_entries SET financial_mode = 'LIVE'\n           WHERE financial_mode IS NULL AND (shop_id = '4ea2c175-6d55-44b9-a140-aa84b43e8379' OR shop_id IS NULL) AND created_at >= '2026-09-11T13:04:10.955Z'"}}
{"ts":"2026-09-28T04:47:37.136Z","level":"debug","scope":"sqlite","message":"query","meta":{"sql":"Executing (default): SELECT name FROM sqlite_master WHERE type='table' AND name = 'schemes'"}}
{"ts":"2026-09-28T04:47:37.137Z","level":"debug","scope":"sqlite","message":"query","meta":{"sql":"Executing (default): PRAGMA table_info(\"schemes\")"}}
{"ts":"2026-09-28T04:47:37.138Z","level":"debug","scope":"sqlite","message":"query","meta":{"sql":"Executing (default): UPDATE schemes SET financial_mode = 'PRE_ACCOUNTS'\n           WHERE financial_mode IS NULL AND (shop_id = '4ea2c175-6d55-44b9-a140-aa84b43e8379' OR shop_id IS NULL) AND created_at < '2026-09-11T13:04:10.955Z'"}}
{"ts":"2026-09-28T04:47:37.140Z","level":"debug","scope":"sqlite","message":"query","meta":{"sql":"Executing (default): UPDATE schemes SET financial_mode = 'LIVE'\n           WHERE financial_mode IS NULL AND (shop_id = '4ea2c175-6d55-44b9-a140-aa84b43e8379' OR shop_id IS NULL) AND created_at >= '2026-09-11T13:04:10.955Z'"}}
{"ts":"2026-09-28T04:47:37.141Z","level":"debug","scope":"sqlite","message":"query","meta":{"sql":"Executing (default): SELECT name FROM sqlite_master WHERE type='table' AND name = 'orders'"}}
{"ts":"2026-09-28T04:47:37.142Z","level":"debug","scope":"sqlite","message":"query","meta":{"sql":"Executing (default): PRAGMA table_info(\"orders\")"}}
{"ts":"2026-09-28T04:47:37.144Z","level":"debug","scope":"sqlite","message":"query","meta":{"sql":"Executing (default): UPDATE orders SET financial_mode = 'PRE_ACCOUNTS'\n           WHERE financial_mode IS NULL AND (shop_id = '4ea2c175-6d55-44b9-a140-aa84b43e8379' OR shop_id IS NULL) AND created_at < '2026-09-11T13:04:10.955Z'"}}
{"ts":"2026-09-28T04:47:37.145Z","level":"debug","scope":"sqlite","message":"query","meta":{"sql":"Executing (default): UPDATE orders SET financial_mode = 'LIVE'\n           WHERE financial_mode IS NULL AND (shop_id = '4ea2c175-6d55-44b9-a140-aa84b43e8379' OR shop_id IS NULL) AND created_at >= '2026-09-11T13:04:10.955Z'"}}
{"ts":"2026-09-28T04:47:37.147Z","level":"debug","scope":"sqlite","message":"query","meta":{"sql":"Executing (default): SELECT `id`, `key`, `value`, `shop_id`, `version`, `deleted_at`, `origin_device_id`, `created_at` AS `createdAt`, `updated_at` AS `updatedAt` FROM `settings` AS `Setting` WHERE `Setting`.`key` = 'erp_opening_setup_complete:539b98a4-e14e-49fc-b8e7-cc8ad90b7a96';"}}
{"ts":"2026-09-28T04:47:37.153Z","level":"debug","scope":"sqlite","message":"query","meta":{"sql":"Executing (default): SELECT name FROM sqlite_master WHERE type='table' AND name = 'journal_entries'"}}
{"ts":"2026-09-28T04:47:37.154Z","level":"debug","scope":"sqlite","message":"query","meta":{"sql":"Executing (default): PRAGMA table_info(\"journal_entries\")"}}
{"ts":"2026-09-28T04:47:37.155Z","level":"debug","scope":"sqlite","message":"query","meta":{"sql":"Executing (default): UPDATE journal_entries SET financial_mode = 'LIVE'\n         WHERE shop_id = '539b98a4-e14e-49fc-b8e7-cc8ad90b7a96' AND financial_mode IS NULL AND (source_type = 'opening_balance' OR is_opening = 1)"}}
{"ts":"2026-09-28T04:47:37.157Z","level":"debug","scope":"sqlite","message":"query","meta":{"sql":"Executing (default): UPDATE journal_entries SET financial_mode = 'PRE_ACCOUNTS'\n           WHERE shop_id = '539b98a4-e14e-49fc-b8e7-cc8ad90b7a96' AND financial_mode IS NULL AND created_at < '2026-09-26T14:21:13.771Z'"}}
{"ts":"2026-09-28T04:47:37.158Z","level":"debug","scope":"sqlite","message":"query","meta":{"sql":"Executing (default): UPDATE journal_entries SET financial_mode = 'LIVE'\n           WHERE shop_id = '539b98a4-e14e-49fc-b8e7-cc8ad90b7a96' AND financial_mode IS NULL AND created_at >= '2026-09-26T14:21:13.771Z'"}}
{"ts":"2026-09-28T04:47:37.160Z","level":"debug","scope":"sqlite","message":"query","meta":{"sql":"Executing (default): SELECT name FROM sqlite_master WHERE type='table' AND name = 'invoices'"}}
{"ts":"2026-09-28T04:47:37.161Z","level":"debug","scope":"sqlite","message":"query","meta":{"sql":"Executing (default): PRAGMA table_info(\"invoices\")"}}
{"ts":"2026-09-28T04:47:37.162Z","level":"debug","scope":"sqlite","message":"query","meta":{"sql":"Executing (default): UPDATE invoices SET financial_mode = 'PRE_ACCOUNTS'\n           WHERE financial_mode IS NULL AND shop_id = '539b98a4-e14e-49fc-b8e7-cc8ad90b7a96' AND created_at < '2026-09-26T14:21:13.771Z'"}}
{"ts":"2026-09-28T04:47:37.164Z","level":"debug","scope":"sqlite","message":"query","meta":{"sql":"Executing (default): UPDATE invoices SET financial_mode = 'LIVE'\n           WHERE financial_mode IS NULL AND shop_id = '539b98a4-e14e-49fc-b8e7-cc8ad90b7a96' AND created_at >= '2026-09-26T14:21:13.771Z'"}}
{"ts":"2026-09-28T04:47:37.165Z","level":"debug","scope":"sqlite","message":"query","meta":{"sql":"Executing (default): SELECT name FROM sqlite_master WHERE type='table' AND name = 'payments'"}}
{"ts":"2026-09-28T04:47:37.169Z","level":"debug","scope":"sqlite","message":"query","meta":{"sql":"Executing (default): PRAGMA table_info(\"payments\")"}}
{"ts":"2026-09-28T04:47:37.170Z","level":"debug","scope":"sqlite","message":"query","meta":{"sql":"Executing (default): UPDATE payments SET financial_mode = 'PRE_ACCOUNTS'\n           WHERE financial_mode IS NULL AND shop_id = '539b98a4-e14e-49fc-b8e7-cc8ad90b7a96' AND created_at < '2026-09-26T14:21:13.771Z'"}}
{"ts":"2026-09-28T04:47:37.172Z","level":"debug","scope":"sqlite","message":"query","meta":{"sql":"Executing (default): UPDATE payments SET financial_mode = 'LIVE'\n           WHERE financial_mode IS NULL AND shop_id = '539b98a4-e14e-49fc-b8e7-cc8ad90b7a96' AND created_at >= '2026-09-26T14:21:13.771Z'"}}
{"ts":"2026-09-28T04:47:37.173Z","level":"debug","scope":"sqlite","message":"query","meta":{"sql":"Executing (default): SELECT name FROM sqlite_master WHERE type='table' AND name = 'expenses'"}}
{"ts":"2026-09-28T04:47:37.174Z","level":"debug","scope":"sqlite","message":"query","meta":{"sql":"Executing (default): PRAGMA table_info(\"expenses\")"}}
{"ts":"2026-09-28T04:47:37.176Z","level":"debug","scope":"sqlite","message":"query","meta":{"sql":"Executing (default): UPDATE expenses SET financial_mode = 'PRE_ACCOUNTS'\n           WHERE financial_mode IS NULL AND shop_id = '539b98a4-e14e-49fc-b8e7-cc8ad90b7a96' AND created_at < '2026-09-26T14:21:13.771Z'"}}
{"ts":"2026-09-28T04:47:37.177Z","level":"debug","scope":"sqlite","message":"query","meta":{"sql":"Executing (default): UPDATE expenses SET financial_mode = 'LIVE'\n           WHERE financial_mode IS NULL AND shop_id = '539b98a4-e14e-49fc-b8e7-cc8ad90b7a96' AND created_at >= '2026-09-26T14:21:13.771Z'"}}
{"ts":"2026-09-28T04:47:37.178Z","level":"debug","scope":"sqlite","message":"query","meta":{"sql":"Executing (default): SELECT name FROM sqlite_master WHERE type='table' AND name = 'purchases'"}}
{"ts":"2026-09-28T04:47:37.179Z","level":"debug","scope":"sqlite","message":"query","meta":{"sql":"Executing (default): PRAGMA table_info(\"purchases\")"}}
{"ts":"2026-09-28T04:47:37.181Z","level":"debug","scope":"sqlite","message":"query","meta":{"sql":"Executing (default): UPDATE purchases SET financial_mode = 'PRE_ACCOUNTS'\n           WHERE financial_mode IS NULL AND shop_id = '539b98a4-e14e-49fc-b8e7-cc8ad90b7a96' AND created_at < '2026-09-26T14:21:13.771Z'"}}
{"ts":"2026-09-28T04:47:37.185Z","level":"debug","scope":"sqlite","message":"query","meta":{"sql":"Executing (default): UPDATE purchases SET financial_mode = 'LIVE'\n           WHERE financial_mode IS NULL AND shop_id = '539b98a4-e14e-49fc-b8e7-cc8ad90b7a96' AND created_at >= '2026-09-26T14:21:13.771Z'"}}
{"ts":"2026-09-28T04:47:37.187Z","level":"debug","scope":"sqlite","message":"query","meta":{"sql":"Executing (default): SELECT name FROM sqlite_master WHERE type='table' AND name = 'customer_advances'"}}
{"ts":"2026-09-28T04:47:37.188Z","level":"debug","scope":"sqlite","message":"query","meta":{"sql":"Executing (default): PRAGMA table_info(\"customer_advances\")"}}
{"ts":"2026-09-28T04:47:37.190Z","level":"debug","scope":"sqlite","message":"query","meta":{"sql":"Executing (default): UPDATE customer_advances SET financial_mode = 'PRE_ACCOUNTS'\n           WHERE financial_mode IS NULL AND shop_id = '539b98a4-e14e-49fc-b8e7-cc8ad90b7a96' AND created_at < '2026-09-26T14:21:13.771Z'"}}
{"ts":"2026-09-28T04:47:37.191Z","level":"debug","scope":"sqlite","message":"query","meta":{"sql":"Executing (default): UPDATE customer_advances SET financial_mode = 'LIVE'\n           WHERE financial_mode IS NULL AND shop_id = '539b98a4-e14e-49fc-b8e7-cc8ad90b7a96' AND created_at >= '2026-09-26T14:21:13.771Z'"}}
{"ts":"2026-09-28T04:47:37.193Z","level":"debug","scope":"sqlite","message":"query","meta":{"sql":"Executing (default): SELECT name FROM sqlite_master WHERE type='table' AND name = 'customer_advance_applications'"}}
{"ts":"2026-09-28T04:47:37.194Z","level":"debug","scope":"sqlite","message":"query","meta":{"sql":"Executing (default): PRAGMA table_info(\"customer_advance_applications\")"}}
{"ts":"2026-09-28T04:47:37.196Z","level":"debug","scope":"sqlite","message":"query","meta":{"sql":"Executing (default): UPDATE customer_advance_applications SET financial_mode = 'PRE_ACCOUNTS'\n           WHERE financial_mode IS NULL AND shop_id = '539b98a4-e14e-49fc-b8e7-cc8ad90b7a96' AND created_at < '2026-09-26T14:21:13.771Z'"}}
{"ts":"2026-09-28T04:47:37.197Z","level":"debug","scope":"sqlite","message":"query","meta":{"sql":"Executing (default): UPDATE customer_advance_applications SET financial_mode = 'LIVE'\n           WHERE financial_mode IS NULL AND shop_id = '539b98a4-e14e-49fc-b8e7-cc8ad90b7a96' AND created_at >= '2026-09-26T14:21:13.771Z'"}}
{"ts":"2026-09-28T04:47:37.200Z","level":"debug","scope":"sqlite","message":"query","meta":{"sql":"Executing (default): SELECT name FROM sqlite_master WHERE type='table' AND name = 'quotations'"}}
{"ts":"2026-09-28T04:47:37.202Z","level":"debug","scope":"sqlite","message":"query","meta":{"sql":"Executing (default): PRAGMA table_info(\"quotations\")"}}
{"ts":"2026-09-28T04:47:37.204Z","level":"debug","scope":"sqlite","message":"query","meta":{"sql":"Executing (default): UPDATE quotations SET financial_mode = 'PRE_ACCOUNTS'\n           WHERE financial_mode IS NULL AND shop_id = '539b98a4-e14e-49fc-b8e7-cc8ad90b7a96' AND created_at < '2026-09-26T14:21:13.771Z'"}}
{"ts":"2026-09-28T04:47:37.205Z","level":"debug","scope":"sqlite","message":"query","meta":{"sql":"Executing (default): UPDATE quotations SET financial_mode = 'LIVE'\n           WHERE financial_mode IS NULL AND shop_id = '539b98a4-e14e-49fc-b8e7-cc8ad90b7a96' AND created_at >= '2026-09-26T14:21:13.771Z'"}}
{"ts":"2026-09-28T04:47:37.207Z","level":"debug","scope":"sqlite","message":"query","meta":{"sql":"Executing (default): SELECT name FROM sqlite_master WHERE type='table' AND name = 'credit_notes'"}}
{"ts":"2026-09-28T04:47:37.208Z","level":"debug","scope":"sqlite","message":"query","meta":{"sql":"Executing (default): PRAGMA table_info(\"credit_notes\")"}}
{"ts":"2026-09-28T04:47:37.209Z","level":"debug","scope":"sqlite","message":"query","meta":{"sql":"Executing (default): UPDATE credit_notes SET financial_mode = 'PRE_ACCOUNTS'\n           WHERE financial_mode IS NULL AND shop_id = '539b98a4-e14e-49fc-b8e7-cc8ad90b7a96' AND created_at < '2026-09-26T14:21:13.771Z'"}}
{"ts":"2026-09-28T04:47:37.210Z","level":"debug","scope":"sqlite","message":"query","meta":{"sql":"Executing (default): UPDATE credit_notes SET financial_mode = 'LIVE'\n           WHERE financial_mode IS NULL AND shop_id = '539b98a4-e14e-49fc-b8e7-cc8ad90b7a96' AND created_at >= '2026-09-26T14:21:13.771Z'"}}
{"ts":"2026-09-28T04:47:37.211Z","level":"debug","scope":"sqlite","message":"query","meta":{"sql":"Executing (default): SELECT name FROM sqlite_master WHERE type='table' AND name = 'old_gold_receipts'"}}
{"ts":"2026-09-28T04:47:37.213Z","level":"debug","scope":"sqlite","message":"query","meta":{"sql":"Executing (default): PRAGMA table_info(\"old_gold_receipts\")"}}
{"ts":"2026-09-28T04:47:37.214Z","level":"debug","scope":"sqlite","message":"query","meta":{"sql":"Executing (default): UPDATE old_gold_receipts SET financial_mode = 'PRE_ACCOUNTS'\n           WHERE financial_mode IS NULL AND shop_id = '539b98a4-e14e-49fc-b8e7-cc8ad90b7a96' AND created_at < '2026-09-26T14:21:13.771Z'"}}
{"ts":"2026-09-28T04:47:37.217Z","level":"debug","scope":"sqlite","message":"query","meta":{"sql":"Executing (default): UPDATE old_gold_receipts SET financial_mode = 'LIVE'\n           WHERE financial_mode IS NULL AND shop_id = '539b98a4-e14e-49fc-b8e7-cc8ad90b7a96' AND created_at >= '2026-09-26T14:21:13.771Z'"}}
{"ts":"2026-09-28T04:47:37.218Z","level":"debug","scope":"sqlite","message":"query","meta":{"sql":"Executing (default): SELECT name FROM sqlite_master WHERE type='table' AND name = 'cashbook_entries'"}}
{"ts":"2026-09-28T04:47:37.220Z","level":"debug","scope":"sqlite","message":"query","meta":{"sql":"Executing (default): PRAGMA table_info(\"cashbook_entries\")"}}
{"ts":"2026-09-28T04:47:37.222Z","level":"debug","scope":"sqlite","message":"query","meta":{"sql":"Executing (default): UPDATE cashbook_entries SET financial_mode = 'PRE_ACCOUNTS'\n           WHERE financial_mode IS NULL AND shop_id = '539b98a4-e14e-49fc-b8e7-cc8ad90b7a96' AND created_at < '2026-09-26T14:21:13.771Z'"}}
{"ts":"2026-09-28T04:47:37.224Z","level":"debug","scope":"sqlite","message":"query","meta":{"sql":"Executing (default): UPDATE cashbook_entries SET financial_mode = 'LIVE'\n           WHERE financial_mode IS NULL AND shop_id = '539b98a4-e14e-49fc-b8e7-cc8ad90b7a96' AND created_at >= '2026-09-26T14:21:13.771Z'"}}
{"ts":"2026-09-28T04:47:37.225Z","level":"debug","scope":"sqlite","message":"query","meta":{"sql":"Executing (default): SELECT name FROM sqlite_master WHERE type='table' AND name = 'schemes'"}}
{"ts":"2026-09-28T04:47:37.226Z","level":"debug","scope":"sqlite","message":"query","meta":{"sql":"Executing (default): PRAGMA table_info(\"schemes\")"}}
{"ts":"2026-09-28T04:47:37.227Z","level":"debug","scope":"sqlite","message":"query","meta":{"sql":"Executing (default): UPDATE schemes SET financial_mode = 'PRE_ACCOUNTS'\n           WHERE financial_mode IS NULL AND shop_id = '539b98a4-e14e-49fc-b8e7-cc8ad90b7a96' AND created_at < '2026-09-26T14:21:13.771Z'"}}
{"ts":"2026-09-28T04:47:37.228Z","level":"debug","scope":"sqlite","message":"query","meta":{"sql":"Executing (default): UPDATE schemes SET financial_mode = 'LIVE'\n           WHERE financial_mode IS NULL AND shop_id = '539b98a4-e14e-49fc-b8e7-cc8ad90b7a96' AND created_at >= '2026-09-26T14:21:13.771Z'"}}
{"ts":"2026-09-28T04:47:37.230Z","level":"debug","scope":"sqlite","message":"query","meta":{"sql":"Executing (default): SELECT name FROM sqlite_master WHERE type='table' AND name = 'orders'"}}
{"ts":"2026-09-28T04:47:37.231Z","level":"debug","scope":"sqlite","message":"query","meta":{"sql":"Executing (default): PRAGMA table_info(\"orders\")"}}
{"ts":"2026-09-28T04:47:37.234Z","level":"debug","scope":"sqlite","message":"query","meta":{"sql":"Executing (default): UPDATE orders SET financial_mode = 'PRE_ACCOUNTS'\n           WHERE financial_mode IS NULL AND shop_id = '539b98a4-e14e-49fc-b8e7-cc8ad90b7a96' AND created_at < '2026-09-26T14:21:13.771Z'"}}
{"ts":"2026-09-28T04:47:37.235Z","level":"debug","scope":"sqlite","message":"query","meta":{"sql":"Executing (default): UPDATE orders SET financial_mode = 'LIVE'\n           WHERE financial_mode IS NULL AND shop_id = '539b98a4-e14e-49fc-b8e7-cc8ad90b7a96' AND created_at >= '2026-09-26T14:21:13.771Z'"}}
{"ts":"2026-09-28T04:47:37.236Z","level":"info","scope":"accounts","message":"financial mode backfill","meta":{"shops":2,"notes":[]}}
{"ts":"2026-09-28T04:47:37.241Z","level":"debug","scope":"sqlite","message":"query","meta":{"sql":"Executing (default): SELECT `key`, `value`, `updated_at` FROM `schema_meta` AS `SchemaMeta` WHERE `SchemaMeta`.`key` = 'transaction_stamp_backfill';"}}
{"ts":"2026-09-28T04:47:37.243Z","level":"info","scope":"accounts","message":"transaction stamp backfill","meta":{"skipped":true,"version":1}}
{"ts":"2026-09-28T04:47:37.246Z","level":"debug","scope":"sqlite","message":"query","meta":{"sql":"Executing (default): SELECT `id`, `key`, `value`, `shop_id`, `version`, `deleted_at`, `origin_device_id`, `created_at` AS `createdAt`, `updated_at` AS `updatedAt` FROM `settings` AS `Setting` WHERE `Setting`.`key` = 'auto_day_close';"}}
{"ts":"2026-09-28T04:47:37.249Z","level":"debug","scope":"sqlite","message":"query","meta":{"sql":"Executing (default): SELECT `id`, `key`, `value`, `shop_id`, `version`, `deleted_at`, `origin_device_id`, `created_at` AS `createdAt`, `updated_at` AS `updatedAt` FROM `settings` AS `Setting` WHERE `Setting`.`key` = 'active_billing_date';"}}
{"ts":"2026-09-28T04:47:37.254Z","level":"debug","scope":"sqlite","message":"query","meta":{"sql":"Executing (default): SELECT `id`, `shop_id`, `financial_year_code`, `display_name`, `start_date`, `end_date`, `status`, `is_current`, `closed_at`, `closed_by`, `reopened_at`, `reopened_by`, `version`, `deleted_at`, `origin_device_id`, `created_at` AS `createdAt`, `updated_at` AS `updatedAt` FROM `financial_years` AS `FinancialYear` WHERE `FinancialYear`.`shop_id` = '4ea2c175-6d55-44b9-a140-aa84b43e8379' AND `FinancialYear`.`financial_year_code` = '2026-27' LIMIT 1;"}}
{"ts":"2026-09-28T04:47:37.271Z","level":"debug","scope":"sqlite","message":"query","meta":{"sql":"Executing (default): INSERT INTO `financial_years` (`id`,`shop_id`,`financial_year_code`,`display_name`,`start_date`,`end_date`,`status`,`is_current`,`version`,`created_at`,`updated_at`) VALUES ($1,$2,$3,$4,$5,$6,$7,$8,$9,$10,$11);"}}
{"ts":"2026-09-28T04:47:37.277Z","level":"warn","scope":"accounts","message":"financial year ensure skipped","meta":{"error":"Validation error"}}
{"ts":"2026-09-28T04:47:37.279Z","level":"debug","scope":"sqlite","message":"query","meta":{"sql":"Executing (default): SELECT `id`, `key`, `value`, `shop_id`, `version`, `deleted_at`, `origin_device_id`, `created_at` AS `createdAt`, `updated_at` AS `updatedAt` FROM `settings` AS `Setting` WHERE `Setting`.`key` = 'erp_opening_setup_complete:4ea2c175-6d55-44b9-a140-aa84b43e8379';"}}
{"ts":"2026-09-28T04:47:37.292Z","level":"debug","scope":"sqlite","message":"query","meta":{"sql":"Executing (0d0cb0f8-e061-44ae-b342-c0a61ac77543): BEGIN DEFERRED TRANSACTION;"}}
{"ts":"2026-09-28T04:47:37.297Z","level":"debug","scope":"sqlite","message":"query","meta":{"sql":"Executing (0d0cb0f8-e061-44ae-b342-c0a61ac77543): SELECT `id` FROM `invoices` AS `Invoice` WHERE ((`Invoice`.`shop_id` = '4ea2c175-6d55-44b9-a140-aa84b43e8379' OR `Invoice`.`shop_id` IS NULL) AND (`Invoice`.`financial_mode` = 'PRE_ACCOUNTS' OR `Invoice`.`invoice_no` LIKE 'TEST-%'));"}}
{"ts":"2026-09-28T04:47:37.325Z","level":"debug","scope":"sqlite","message":"query","meta":{"sql":"Executing (0d0cb0f8-e061-44ae-b342-c0a61ac77543): SELECT `id` FROM `quotations` AS `Quotation` WHERE ((`Quotation`.`shop_id` = '4ea2c175-6d55-44b9-a140-aa84b43e8379' OR `Quotation`.`shop_id` IS NULL) AND (`Quotation`.`financial_mode` = 'PRE_ACCOUNTS' OR `Quotation`.`quote_no` LIKE 'TEST-%' OR (`Quotation`.`financial_mode` = 'PRE_ACCOUNTS' AND `Quotation`.`quote_no` LIKE 'QT-%')));"}}
{"ts":"2026-09-28T04:47:37.330Z","level":"debug","scope":"sqlite","message":"query","meta":{"sql":"Executing (0d0cb0f8-e061-44ae-b342-c0a61ac77543): SELECT `id` FROM `incomes` AS `Income` WHERE ((`Income`.`shop_id` = '4ea2c175-6d55-44b9-a140-aa84b43e8379' OR `Income`.`shop_id` IS NULL) AND `Income`.`financial_mode` = 'PRE_ACCOUNTS');"}}
{"ts":"2026-09-28T04:47:37.338Z","level":"debug","scope":"sqlite","message":"query","meta":{"sql":"Executing (0d0cb0f8-e061-44ae-b342-c0a61ac77543): SELECT `id` FROM `expenses` AS `Expense` WHERE ((`Expense`.`shop_id` = '4ea2c175-6d55-44b9-a140-aa84b43e8379' OR `Expense`.`shop_id` IS NULL) AND `Expense`.`financial_mode` = 'PRE_ACCOUNTS');"}}
{"ts":"2026-09-28T04:47:37.346Z","level":"debug","scope":"sqlite","message":"query","meta":{"sql":"Executing (0d0cb0f8-e061-44ae-b342-c0a61ac77543): SELECT `id` FROM `journal_entries` AS `JournalEntry` WHERE ((`JournalEntry`.`shop_id` = '4ea2c175-6d55-44b9-a140-aa84b43e8379' OR `JournalEntry`.`shop_id` IS NULL) AND `JournalEntry`.`financial_mode` = 'PRE_ACCOUNTS' AND (`JournalEntry`.`is_opening` = 0 OR `JournalEntry`.`is_opening` IS NULL) AND `JournalEntry`.`source_type` != 'opening_balance');"}}
{"ts":"2026-09-28T04:47:37.354Z","level":"debug","scope":"sqlite","message":"query","meta":{"sql":"Executing (0d0cb0f8-e061-44ae-b342-c0a61ac77543): DELETE FROM `payments` WHERE ((`shop_id` = '4ea2c175-6d55-44b9-a140-aa84b43e8379' OR `shop_id` IS NULL) AND `financial_mode` = 'PRE_ACCOUNTS')"}}
{"ts":"2026-09-28T04:47:37.357Z","level":"debug","scope":"sqlite","message":"query","meta":{"sql":"Executing (0d0cb0f8-e061-44ae-b342-c0a61ac77543): SELECT `id` FROM `customer_advances` AS `CustomerAdvance` WHERE ((`CustomerAdvance`.`shop_id` = '4ea2c175-6d55-44b9-a140-aa84b43e8379' OR `CustomerAdvance`.`shop_id` IS NULL) AND `CustomerAdvance`.`financial_mode` = 'PRE_ACCOUNTS');"}}
{"ts":"2026-09-28T04:47:37.359Z","level":"debug","scope":"sqlite","message":"query","meta":{"sql":"Executing (0d0cb0f8-e061-44ae-b342-c0a61ac77543): DELETE FROM `old_gold_sales` WHERE ((`shop_id` = '4ea2c175-6d55-44b9-a140-aa84b43e8379' OR `shop_id` IS NULL) AND `financial_mode` = 'PRE_ACCOUNTS')"}}
{"ts":"2026-09-28T04:47:37.361Z","level":"debug","scope":"sqlite","message":"query","meta":{"sql":"Executing (0d0cb0f8-e061-44ae-b342-c0a61ac77543): DELETE FROM `cashbook_entries` WHERE ((`shop_id` = '4ea2c175-6d55-44b9-a140-aa84b43e8379' OR `shop_id` IS NULL) AND `financial_mode` = 'PRE_ACCOUNTS')"}}
{"ts":"2026-09-28T04:47:37.362Z","level":"debug","scope":"sqlite","message":"query","meta":{"sql":"Executing (0d0cb0f8-e061-44ae-b342-c0a61ac77543): DELETE FROM `draft_sales` WHERE (`shop_id` = '4ea2c175-6d55-44b9-a140-aa84b43e8379' OR `shop_id` IS NULL)"}}
{"ts":"2026-09-28T04:47:37.369Z","level":"debug","scope":"sqlite","message":"query","meta":{"sql":"Executing (0d0cb0f8-e061-44ae-b342-c0a61ac77543): DELETE FROM `invoice_sequences` WHERE `shop_id` = '4ea2c175-6d55-44b9-a140-aa84b43e8379' AND `prefix` LIKE 'TEST%'"}}
{"ts":"2026-09-28T04:47:37.373Z","level":"debug","scope":"sqlite","message":"query","meta":{"sql":"Executing (0d0cb0f8-e061-44ae-b342-c0a61ac77543): SELECT count(*) AS `count` FROM `invoices` AS `Invoice` WHERE ((`Invoice`.`shop_id` = '4ea2c175-6d55-44b9-a140-aa84b43e8379' OR `Invoice`.`shop_id` IS NULL) AND (`Invoice`.`financial_mode` = 'LIVE' OR `Invoice`.`financial_mode` IS NULL));"}}
{"ts":"2026-09-28T04:47:37.375Z","level":"debug","scope":"sqlite","message":"query","meta":{"sql":"Executing (0d0cb0f8-e061-44ae-b342-c0a61ac77543): COMMIT;"}}
{"ts":"2026-09-28T04:47:37.376Z","level":"info","scope":"accounts","message":"leftover PRE_ACCOUNTS practice purge","meta":{"invoices":0,"quotations":0,"incomes":0,"expenses":0,"sequences":{"reset":false,"liveCount":11}}}
{"ts":"2026-09-28T04:47:37.378Z","level":"debug","scope":"sqlite","message":"query","meta":{"sql":"Executing (default): UPDATE products\n    SET status = 'deleted_p', updated_at = CURRENT_TIMESTAMP\n    WHERE deleted_at IS NULL\n      AND CAST(stock_qty AS REAL) <= 0\n      AND status = 'available'\n      AND id IN (\n        SELECT DISTINCT ii.product_id\n        FROM invoice_items ii\n        INNER JOIN invoices i ON i.id = ii.invoice_id\n        WHERE i.is_hidden = 1\n          AND i.status != 'cancelled'\n          AND (i.financial_mode IS NULL OR i.financial_mode != 'PRE_ACCOUNTS')\n          AND ii.product_id IS NOT NULL\n      )"}}
{"ts":"2026-09-28T04:47:37.380Z","level":"debug","scope":"sqlite","message":"query","meta":{"sql":"Executing (default): UPDATE products\n    SET status = 'sold', updated_at = CURRENT_TIMESTAMP\n    WHERE deleted_at IS NULL\n      AND CAST(stock_qty AS REAL) <= 0\n      AND status = 'available'\n      AND id IN (\n        SELECT DISTINCT ii.product_id\n        FROM invoice_items ii\n        INNER JOIN invoices i ON i.id = ii.invoice_id\n        WHERE (i.is_hidden = 0 OR i.is_hidden IS NULL)\n          AND i.status != 'cancelled'\n          AND (i.financial_mode IS NULL OR i.financial_mode != 'PRE_ACCOUNTS')\n          AND ii.product_id IS NOT NULL\n      )"}}
{"ts":"2026-09-28T04:47:37.382Z","level":"info","scope":"inventory","message":"sale status backfill","meta":{"deleted_p":0,"sold":0}}
{"ts":"2026-09-28T04:47:37.385Z","level":"debug","scope":"sqlite","message":"query","meta":{"sql":"Executing (default): SELECT `id`, `shop_id`, `device_name`, `device_identifier`, `device_number`, `role`, `status`, `last_seen_at`, `meta`, `created_at` AS `createdAt`, `updated_at` AS `updatedAt` FROM `devices` AS `Device` WHERE `Device`.`shop_id` = '4ea2c175-6d55-44b9-a140-aa84b43e8379' AND `Device`.`device_identifier` = 'cd70f896-48e5-4457-97e6-b54399cb27c5' LIMIT 1;"}}
{"ts":"2026-09-28T04:47:37.390Z","level":"debug","scope":"sqlite","message":"query","meta":{"sql":"Executing (default): INSERT INTO `devices` (`id`,`shop_id`,`device_name`,`device_identifier`,`role`,`status`,`last_seen_at`,`meta`,`created_at`,`updated_at`) VALUES ($1,$2,$3,$4,$5,$6,$7,$8,$9,$10);"}}
{"ts":"2026-09-28T04:47:37.394Z","level":"debug","scope":"sqlite","message":"query","meta":{"sql":"Executing (default): SELECT `id`, `shop_id`, `device_name`, `device_identifier`, `device_number`, `role`, `status`, `last_seen_at`, `meta`, `created_at` AS `createdAt`, `updated_at` AS `updatedAt` FROM `devices` AS `Device` WHERE `Device`.`shop_id` = '4ea2c175-6d55-44b9-a140-aa84b43e8379';"}}
{"ts":"2026-09-28T04:47:37.397Z","level":"debug","scope":"sqlite","message":"query","meta":{"sql":"Executing (default): UPDATE `devices` SET `role`=$1,`status`=$2,`updated_at`=$3 WHERE `id` = $4"}}
{"ts":"2026-09-28T04:47:37.403Z","level":"debug","scope":"sqlite","message":"query","meta":{"sql":"Executing (default): SELECT `id`, `shop_id`, `node_id`, `host_id`, `host_term`, `role`, `event_watermark`, `fenced`, `fenced_reason`, `meta`, `created_at` AS `createdAt`, `updated_at` AS `updatedAt` FROM `cluster_state` AS `ClusterState` WHERE `ClusterState`.`shop_id` = '4ea2c175-6d55-44b9-a140-aa84b43e8379';"}}
{"ts":"2026-09-28T04:47:37.407Z","level":"debug","scope":"sqlite","message":"query","meta":{"sql":"Executing (default): UPDATE `cluster_state` SET `node_id`=$1,`host_id`=$2,`host_term`=$3,`updated_at`=$4 WHERE `id` = $5"}}
{"ts":"2026-09-28T04:47:37.412Z","level":"debug","scope":"sqlite","message":"query","meta":{"sql":"Executing (default): SELECT `id`, `shop_id`, `node_id`, `host_id`, `host_term`, `role`, `event_watermark`, `fenced`, `fenced_reason`, `meta`, `created_at` AS `createdAt`, `updated_at` AS `updatedAt` FROM `cluster_state` AS `ClusterState` WHERE `ClusterState`.`id` = '0eaab1ea-8da3-4da3-b7dd-6d959748e8a7';"}}
{"ts":"2026-09-28T04:47:37.419Z","level":"info","scope":"boot","message":"API ready","meta":{"url":"http://0.0.0.0:8080","mode":"branch","mtls":false}}
{"ts":"2026-09-28T04:47:37.421Z","level":"info","scope":"boot","message":"Branch Service ready — local SQLite / LAN only"}
{"ts":"2026-09-28T04:47:37.431Z","level":"debug","scope":"sqlite","message":"query","meta":{"sql":"Executing (default): SELECT `id`, `key`, `value`, `shop_id`, `version`, `deleted_at`, `origin_device_id`, `created_at` AS `createdAt`, `updated_at` AS `updatedAt` FROM `settings` AS `Setting` WHERE `Setting`.`key` = 'gold_rate';"}}
{"ts":"2026-09-28T04:47:37.432Z","level":"debug","scope":"sqlite","message":"query","meta":{"sql":"Executing (default): SELECT `id`, `name`, `code`, `gstin`, `phone`, `email`, `address`, `invoice_prefix`, `status`, `settings`, `created_at` AS `createdAt`, `updated_at` AS `updatedAt` FROM `shops` AS `Shop` WHERE `Shop`.`id` = '4ea2c175-6d55-44b9-a140-aa84b43e8379';"}}
{"ts":"2026-09-28T04:47:37.436Z","level":"debug","scope":"sqlite","message":"query","meta":{"sql":"Executing (default): SELECT `id`, `key`, `value`, `shop_id`, `version`, `deleted_at`, `origin_device_id`, `created_at` AS `createdAt`, `updated_at` AS `updatedAt` FROM `settings` AS `Setting` WHERE `Setting`.`key` = 'auto_day_close';"}}
{"ts":"2026-09-28T04:47:37.442Z","level":"debug","scope":"sqlite","message":"query","meta":{"sql":"Executing (default): SELECT `key`, `value`, `updated_at` FROM `schema_meta` AS `SchemaMeta` WHERE `SchemaMeta`.`key` = 'schema_version';"}}
{"ts":"2026-09-28T04:47:37.444Z","level":"debug","scope":"sqlite","message":"query","meta":{"sql":"Executing (default): SELECT `id`, `shop_id`, `device_name`, `device_identifier`, `device_number`, `role`, `status`, `last_seen_at`, `meta`, `created_at` AS `createdAt`, `updated_at` AS `updatedAt` FROM `devices` AS `Device` WHERE `Device`.`shop_id` = '4ea2c175-6d55-44b9-a140-aa84b43e8379';"}}
{"ts":"2026-09-28T04:47:41.889Z","level":"debug","scope":"sqlite","message":"query","meta":{"sql":"Executing (default): SELECT 1+1 AS result"}}
{"ts":"2026-09-28T04:47:41.890Z","level":"debug","scope":"sqlite","message":"query","meta":{"sql":"Executing (default): SELECT 'local-sqlite' AS db, sqlite_version() AS version"}}
{"ts":"2026-09-28T04:47:41.891Z","level":"debug","scope":"sqlite","message":"query","meta":{"sql":"Executing (default): SELECT `key`, `value`, `updated_at` FROM `schema_meta` AS `SchemaMeta` WHERE `SchemaMeta`.`key` = 'schema_version';"}}
{"ts":"2026-09-28T04:47:41.893Z","level":"debug","scope":"sqlite","message":"query","meta":{"sql":"Executing (default): SELECT `id`, `shop_id`, `node_id`, `host_id`, `host_term`, `role`, `event_watermark`, `fenced`, `fenced_reason`, `meta`, `created_at` AS `createdAt`, `updated_at` AS `updatedAt` FROM `cluster_state` AS `ClusterState` WHERE `ClusterState`.`shop_id` = '4ea2c175-6d55-44b9-a140-aa84b43e8379';"}}
{"ts":"2026-09-28T04:47:41.896Z","level":"debug","scope":"sqlite","message":"query","meta":{"sql":"Executing (default): SELECT `id`, `shop_id`, `node_id`, `host_id`, `host_term`, `role`, `event_watermark`, `fenced`, `fenced_reason`, `meta`, `created_at` AS `createdAt`, `updated_at` AS `updatedAt` FROM `cluster_state` AS `ClusterState` WHERE `ClusterState`.`shop_id` = '4ea2c175-6d55-44b9-a140-aa84b43e8379';"}}
{"ts":"2026-09-28T04:47:41.914Z","level":"debug","scope":"sqlite","message":"query","meta":{"sql":"Executing (default): SELECT `id`, `shop_id`, `device_name`, `device_identifier`, `device_number`, `role`, `status`, `last_seen_at`, `meta`, `created_at` AS `createdAt`, `updated_at` AS `updatedAt` FROM `devices` AS `Device` WHERE `Device`.`shop_id` = '4ea2c175-6d55-44b9-a140-aa84b43e8379' AND `Device`.`role` = 'active_host' AND `Device`.`status` = 'active';"}}
{"ts":"2026-09-28T04:47:41.916Z","level":"debug","scope":"sqlite","message":"query","meta":{"sql":"Executing (default): UPDATE `devices` SET `last_seen_at`=$1,`updated_at`=$2 WHERE `shop_id` = $3 AND `device_identifier` = $4"}}
{"ts":"2026-09-28T04:47:41.922Z","level":"debug","scope":"sqlite","message":"query","meta":{"sql":"Executing (default): SELECT `id`, `shop_id`, `node_id`, `host_id`, `host_term`, `role`, `event_watermark`, `fenced`, `fenced_reason`, `meta`, `created_at` AS `createdAt`, `updated_at` AS `updatedAt` FROM `cluster_state` AS `ClusterState` WHERE `ClusterState`.`shop_id` = '4ea2c175-6d55-44b9-a140-aa84b43e8379';"}}
{"ts":"2026-09-28T04:47:41.926Z","level":"debug","scope":"http","message":"health ok","meta":{"id":"mukrnrcv-zdobnu","method":"GET","path":"/api/health","status":200,"ms":39,"device":null}}
